Date,Stock,Open,High,Low,Close,Volume,RSI,MACD,SMA_20,EMA_20,Next_Day_Close
2019-02-05,RELIANCE,590.658935546875,596.3278198242188,584.5328979492188,590.4531860351562,20479210,75.47858603872503,17.25248197466044,545.9823471069336,552.5156879299005,599.002197265625
2019-02-06,RELIANCE,592.6018676757812,602.38525390625,591.6875610351562,599.002197265625,20586783,77.65220513636463,18.78568961081146,550.5425811767578,556.9429745333028,589.927490234375
2019-02-07,RELIANCE,599.002197265625,604.0081787109375,587.961669921875,589.927490234375,20150710,70.50764418996295,19.048930478684042,554.7233688354493,560.084356981024,584.1214599609375
2019-02-08,RELIANCE,587.3673095703125,594.5448608398438,581.6298828125,584.1214599609375,14230054,66.30430128150982,18.57493238493464,558.829866027832,562.373604883873,572.9437255859375
2019-02-11,RELIANCE,583.298583984375,583.3442993164062,571.9151000976562,572.9437255859375,16457901,59.01060228410606,17.10021509769581,562.4060485839843,563.3802830459744,574.3837890625
2019-02-12,RELIANCE,572.1436767578125,581.6755981445312,572.1436767578125,574.3837890625,13998153,59.62678848030734,15.86481242807281,565.3033386230469,564.4282359999291,559.6630249023438
2019-02-14,RELIANCE,567.3434448242188,567.3434448242188,556.82861328125,559.6630249023438,14496604,51.16023992958419,13.541802797465948,567.3217254638672,563.9744063715876,568.920654296875
2019-02-15,RELIANCE,562.2003173828125,571.4122314453125,554.9999389648438,568.920654296875,20994460,55.44490138816838,12.30595881866293,569.8361389160157,564.4454776025674,557.7886962890625
2019-02-18,RELIANCE,571.4579467773438,572.6008911132812,555.4571533203125,557.7886962890625,21106139,49.78863724478988,10.30944669996154,570.6533264160156,563.8114984298526,555.9600219726562
2019-02-19,RELIANCE,556.82861328125,566.7491455078125,553.7199096679688,555.9600219726562,13658461,48.906005089821036,8.48186407801802,570.1595886230468,563.0637387672624,564.3032836914062
2019-02-20,RELIANCE,559.5030517578125,566.8862915039062,557.2857666015625,564.3032836914062,13776558,52.999863430222064,7.618897271119067,570.1413024902344,563.1817906647999,570.0407104492188
2019-02-21,RELIANCE,565.0576171875,575.0238647460938,562.0174560546875,570.0407104492188,23142949,55.63251699130344,7.313645100854387,570.6121826171875,563.8350211204588,563.3889770507812
2019-02-22,RELIANCE,568.9892578125,569.3092651367188,560.4859619140625,563.3889770507812,19152470,51.996146578817445,6.460518427399961,570.2670227050781,563.7925407328705,563.3660888671875
2019-02-25,RELIANCE,565.0576171875,568.2578125,558.0401000976562,563.3660888671875,17176522,51.98355539502832,5.716664358880848,569.9538635253906,563.7519262694722,557.8572387695312
2019-02-26,RELIANCE,552.9426879882812,564.509033203125,551.3426513671875,557.8572387695312,22160532,48.913418572557546,4.629273108132679,569.7412811279297,563.190527459954,559.343017578125
2019-02-27,RELIANCE,561.4231567382812,569.1264038085938,552.714111328125,559.343017578125,24308835,49.77498684665287,3.8430968125552454,570.035009765625,562.8240979473989,562.7946166992188
2019-02-28,RELIANCE,564.0289916992188,566.8176879882812,560.7373657226562,562.7946166992188,24688859,51.80830766565166,3.458691988784949,570.843051147461,562.821290209477,560.5087890625
2019-03-01,RELIANCE,565.5147705078125,567.9606323242188,558.7716064453125,560.5087890625,17329606,50.354418675945745,2.9357596004085735,570.817904663086,562.601052005003,565.8119506835938
2019-03-05,RELIANCE,559.2973022460938,566.7948608398438,557.1029052734375,565.8119506835938,15577500,53.60722537655541,2.9156430197405143,570.5367492675781,562.9068518791545,578.2239990234375
2019-03-06,RELIANCE,566.7948608398438,582.0184936523438,564.6461791992188,578.2239990234375,26332276,60.18290317900864,3.8567903751619497,569.9401458740234,564.3656277976576,580.715576171875
2019-03-07,RELIANCE,577.8582763671875,585.0814819335938,575.183837890625,580.715576171875,17738092,61.366674556096235,4.7489628007931515,569.4532653808594,565.9227657380592,579.2755126953125
2019-03-08,RELIANCE,578.7954711914062,582.6356811523438,576.9439697265625,579.2755126953125,13211934,60.25171368249842,5.278962198233671,568.4669311523437,567.1944559244643,596.190673828125
2019-03-11,RELIANCE,580.6241455078125,599.80224609375,579.6869506835938,596.190673828125,21258869,67.67984620444463,6.983402361259209,568.7800903320312,569.9560004867176,608.6484375
2019-03-12,RELIANCE,602.0423583984375,609.8599243164062,600.8308715820312,608.6484375,24561597,71.85197572787389,9.23298873789588,570.0064392089844,573.6409944879827,615.9402465820312
2019-03-13,RELIANCE,611.2314453125,621.7462158203125,607.1626586914062,615.9402465820312,24577591,73.97003375264114,11.471948717726036,572.1562652587891,577.6694946874159,613.3115234375
2019-03-14,RELIANCE,617.060302734375,622.6605834960938,610.8199462890625,613.3115234375,22753310,71.87044370342876,12.885686471388453,574.102651977539,581.0639736159953,604.2139282226562
2019-03-15,RELIANCE,614.8887329101562,621.1976318359375,599.4365234375,604.2139282226562,34764353,64.99465136801065,13.120736244482487,576.3301971435546,583.2687311975822,617.1974487304688
2019-03-18,RELIANCE,608.4884033203125,620.80908203125,607.5740966796875,617.1974487304688,22104063,69.48190293167093,14.191090423518517,578.7440368652344,586.5000376292857,629.3123779296875
2019-03-19,RELIANCE,621.7462158203125,630.8895874023438,614.0201416015625,629.3123779296875,21448030,72.96443096228933,15.834398272860312,582.3202209472656,590.5774033721812,628.8094482421875
2019-03-20,RELIANCE,629.8837890625,634.546875,623.5748901367188,628.8094482421875,21639437,72.59408341552339,16.901321447297732,585.9626922607422,594.218550502658,613.4029541015625
2019-03-22,RELIANCE,627.4608154296875,631.301025390625,611.0942993164062,613.4029541015625,25078643,62.18186540441107,16.315614185883533,588.41767578125,596.0456365596965,605.4939575195312
2019-03-25,RELIANCE,608.3055419921875,611.162841796875,601.950927734375,605.4939575195312,17394088,57.61342495326224,15.03987669890546,590.1903381347656,596.9454766511094,625.0607299804688
2019-03-26,RELIANCE,608.1683959960938,627.0493774414062,608.03125,625.0607299804688,20734876,64.5521090191678,15.429854799166606,593.27392578125,599.623119825334,616.8317260742188
2019-03-27,RELIANCE,629.952392578125,629.952392578125,614.5458984375,616.8317260742188,22079870,60.09646513685509,14.903109639622812,595.9472076416016,601.2620347061802,621.7462158203125
2019-03-28,RELIANCE,617.2888793945312,626.2265014648438,613.8829956054688,621.7462158203125,22930248,61.79261117715075,14.71262062383255,599.1416564941406,603.2129090980022,636.3070068359375
2019-04-01,RELIANCE,626.3179321289062,643.1416015625,622.9120483398438,636.3070068359375,22088854,66.35565990526806,15.557256483091237,602.9898559570313,606.3647279301866,635.3240966796875
2019-04-02,RELIANCE,639.1185913085938,641.4501342773438,630.935302734375,635.3240966796875,17526740,65.78451675255002,15.963308765110696,606.6163299560546,609.1227630491867,628.6951904296875
2019-04-03,RELIANCE,636.7184448242188,641.4044189453125,627.2322387695312,628.6951904296875,17169813,61.914002926990314,15.570721208116083,610.0256500244141,610.9868037520915,618.5689697265625
2019-04-04,RELIANCE,630.4324340820312,632.5811157226562,615.9173583984375,618.5689697265625,18320845,56.45013590289029,14.27790456226569,612.6635009765625,611.7089147972792,618.95751953125
2019-04-05,RELIANCE,622.1805419921875,623.5291748046875,613.9744262695312,618.95751953125,14717266,56.60837040618307,13.133298290679704,614.7001770019531,612.3992581052765,607.6883544921875
2019-04-08,RELIANCE,619.9176025390625,620.6033325195312,605.151123046875,607.6883544921875,19081843,50.83884861634807,11.187895045828895,616.0488159179688,611.9506006183158,610.065673828125
2019-04-09,RELIANCE,607.5283813476562,612.9229125976562,603.916748046875,610.065673828125,20774977,51.95140073021672,9.7258650426636,617.5883239746094,611.7710837811547,608.6712646484375
2019-04-10,RELIANCE,611.6657104492188,616.26025390625,606.43115234375,608.6712646484375,16651949,51.21921937343382,8.358328951289423,618.212353515625,611.4758629113721,615.711669921875
2019-04-11,RELIANCE,609.3798828125,618.5460815429688,607.5740966796875,615.711669921875,12558520,54.69133946472506,7.753273699788451,618.5655151367188,611.8792731028485,614.0201416015625
2019-04-12,RELIANCE,617.174560546875,620.3290405273438,611.0714111328125,614.0201416015625,12948769,53.70231888596516,7.055934435028803,618.4695098876953,612.0831653408213,612.6715087890625
2019-04-15,RELIANCE,614.8887329101562,616.694580078125,610.3170776367188,612.6715087890625,9285737,52.88123507387063,6.321593254689674,618.4375091552735,612.1391980501776,614.3173217773438
2019-04-16,RELIANCE,614.8887329101562,621.7462158203125,612.6029052734375,614.3173217773438,17360317,53.80938815900629,5.805503699304609,618.9426788330078,612.3466384051458,633.6097412109375
2019-04-18,RELIANCE,628.603759765625,635.346923828125,624.0321044921875,633.6097412109375,39286534,63.00803607961694,6.8739968662918045,619.7632934570313,614.3716958152212,615.0487670898438
2019-04-22,RELIANCE,621.7462158203125,624.9464111328125,613.1972045898438,615.0487670898438,23607922,52.23104034197351,6.152151732575817,619.0501129150391,614.4361787937567,623.50634765625
2019-04-23,RELIANCE,616.26025390625,627.6893920898438,615.345947265625,623.50634765625,19807450,55.92996295418497,6.191172351257251,618.7849578857422,615.3000043997084,635.232666015625
2019-04-24,RELIANCE,626.455078125,637.6556396484375,624.603515625,635.232666015625,16101112,60.497237800979434,7.086622193977632,619.8764434814453,617.1983531250338,627.4151000976562
2019-04-25,RELIANCE,635.0498046875,645.7017822265625,622.9348754882812,627.4151000976562,30469914,56.30761056321361,7.08380274175272,620.9725006103515,618.1713766462359,636.7412719726562
2019-04-26,RELIANCE,628.603759765625,638.181396484375,626.637939453125,636.7412719726562,15069884,59.87742153361842,7.744834799220371,621.556527709961,619.939938105895,636.7412719726562
2019-04-30,RELIANCE,638.3870849609375,638.3870849609375,624.85498046875,636.7412719726562,22348580,59.877421533618424,8.174477182715236,622.5520050048829,621.5400651408246,642.3416137695312
2019-05-02,RELIANCE,636.3755493164062,646.3875122070312,631.849609375,642.3416137695312,18992003,62.037524408103906,8.864686063178965,623.5817749023438,623.5211650102252,644.0787963867188
2019-05-03,RELIANCE,643.6673583984375,648.0333251953125,641.244384765625,644.0787963867188,14240262,62.70820314007031,9.443004613481094,623.9703643798828,625.4790346651293,633.1296997070312
2019-05-06,RELIANCE,639.1185913085938,641.31298828125,630.0209350585938,633.1296997070312,15832114,55.993661446662536,8.915058390825607,623.86064453125,626.2076694310248,614.2030029296875
2019-05-07,RELIANCE,637.6556396484375,637.7470703125,612.6943359375,614.2030029296875,19417647,46.68744153715554,6.890007238235285,623.13603515625,625.0643678594688,594.0648193359375
2019-05-08,RELIANCE,612.6029052734375,612.6029052734375,590.7503662109375,594.0648193359375,31958919,39.21855030792086,3.6184453107701984,621.9108276367188,622.1120299048468,574.4066772460938
2019-05-09,RELIANCE,589.1959838867188,589.1959838867188,572.2579956054688,574.4066772460938,42670173,33.572479347226164,-0.5541509564993703,619.6832855224609,617.5686629849656,571.9837036132812
2019-05-10,RELIANCE,578.3154296875,584.1214599609375,569.172119140625,571.9837036132812,24557430,32.94296108872348,-4.010249621433559,617.8980529785156,613.2272382829004,563.2518310546875
2019-05-13,RELIANCE,570.4979248046875,576.3953247070312,561.1716918945312,563.2518310546875,17603659,30.708240488449007,-7.3688780146295585,615.5573608398438,608.4676756897373,576.2353515625
2019-05-14,RELIANCE,565.2861938476562,580.3041381835938,563.0003662109375,576.2353515625,28438234,37.49757532317264,-8.88058377489051,613.9355651855469,605.3979305347623,574.6123657226562
2019-05-15,RELIANCE,581.9727783203125,584.2586059570312,571.7322387695312,574.6123657226562,24419559,37.00941241888646,-10.09323435177896,611.8805999755859,602.4659719812283,578.4754638671875
2019-05-16,RELIANCE,576.0067749023438,581.4699096679688,575.1610107421875,578.4754638671875,14451308,39.043580029617125,-10.620126725540558,610.1033660888672,600.181161684653,579.4126586914062
2019-05-17,RELIANCE,579.2297973632812,583.778564453125,572.3722534179688,579.4126586914062,17276949,39.55356874181918,-10.837145075409921,608.4404235839844,598.2032090186295,606.1568603515625
2019-05-20,RELIANCE,600.5337524414062,611.5514526367188,595.9163208007812,606.1568603515625,26979100,51.91650383749178,-8.750232880048316,608.0324005126953,598.960699621766,612.511474609375
2019-05-21,RELIANCE,609.0370483398438,624.9464111328125,608.0541381835938,612.511474609375,30343560,54.30782021779153,-6.508549163628459,606.9774871826172,600.251249620586,612.7857666015625
2019-05-22,RELIANCE,615.1859130859375,621.6090698242188,610.36279296875,612.7857666015625,24689918,54.413207609343,-4.6561919144796775,606.8643371582032,601.4450131425838,609.814208984375
2019-05-23,RELIANCE,627.2322387695312,636.3755493164062,605.7454223632812,609.814208984375,38766006,52.987354696534574,-3.3889001825920104,606.1797302246093,602.2420794132305,611.162841796875
2019-05-24,RELIANCE,616.26025390625,618.9118041992188,601.8594970703125,611.162841796875,22269265,53.581855472085444,-2.249804610656156,604.9762390136718,603.0916758307204,599.18505859375
2019-05-27,RELIANCE,611.2771606445312,611.4600219726562,597.5164184570312,599.18505859375,16076686,47.800406031905794,-2.287204693170338,603.5647369384766,602.719617046247,605.1739501953125
2019-05-28,RELIANCE,603.3681640625,610.2256469726562,600.41943359375,605.1739501953125,42594251,50.66665701538307,-1.812695402785721,601.9863708496093,602.9533630604437,600.2822875976562
2019-05-29,RELIANCE,603.916748046875,609.5399169921875,596.2135009765625,600.2822875976562,15558515,48.33223846177099,-1.8104894662258175,600.1634216308594,602.6989749211307,607.9169921875
2019-05-30,RELIANCE,601.7452392578125,613.5172729492188,601.7452392578125,607.9169921875,23494381,52.045902599614784,-1.1790925461845063,598.4421905517578,603.1959289464992,608.099853515625
2019-05-31,RELIANCE,611.6428833007812,613.4715576171875,603.551025390625,608.099853515625,25724066,52.134642431251415,-0.6563841690232266,596.6432434082031,603.6629693816541,621.8377075195312
2019-06-03,RELIANCE,610.3170776367188,625.0607299804688,604.0081787109375,621.8377075195312,18556942,58.36774813562844,0.8565225332698674,596.0786437988281,605.3938968233567,617.9288940429688
2019-06-04,RELIANCE,620.5804443359375,628.2608642578125,616.3059692382812,617.9288940429688,15442761,56.1281274428238,1.7202731761580026,596.2649383544922,606.5877060823674,606.8197631835938
2019-06-06,RELIANCE,622.6148681640625,622.6148681640625,603.9624633789062,606.8197631835938,16764835,50.2291445838793,1.4911981619901553,596.902685546875,606.6098067586747,601.1280517578125
2019-06-07,RELIANCE,606.1797485351562,606.7740478515625,596.8764038085938,601.1280517578125,14722419,47.47606497340977,0.8406900666454931,598.2387542724609,606.0877348538306,603.0709838867188
2019-06-10,RELIANCE,603.8710327148438,606.6597290039062,598.9336547851562,603.0709838867188,11768468,48.513488037903585,0.4764439501867628,599.7931182861328,605.8004252379152,607.6426391601562
2019-06-11,RELIANCE,604.3053588867188,610.0885009765625,602.5452880859375,607.6426391601562,11492074,50.96753515986301,0.5503268271934303,602.0126586914063,605.9758741828905,609.01416015625
2019-06-12,RELIANCE,610.179931640625,611.8714599609375,605.7454223632812,609.01416015625,10297599,51.71115322121238,0.711349823656974,603.6515991210938,606.2652347517819,606.7740478515625
2019-06-13,RELIANCE,608.03125,610.179931640625,598.270751953125,606.7740478515625,15686169,50.36755600149828,0.6507024738040172,605.2596832275391,606.3136931422372,602.3395385742188
2019-06-14,RELIANCE,604.3281860351562,605.7454223632812,598.6136474609375,602.3395385742188,14942768,47.72403659504113,0.24202130323294568,606.4528869628906,605.9352022309973,586.2244262695312
2019-06-17,RELIANCE,603.4595947265625,603.4595947265625,584.4871826171875,586.2244262695312,14908257,39.59181058471004,-1.3664645989072142,606.7934753417969,604.0579854727625,585.630126953125
2019-06-18,RELIANCE,584.6700439453125,588.8074340820312,580.1898193359375,585.630126953125,16797371,39.32567373035959,-2.658510597631789,605.767138671875,602.3029513280352,583.96142578125
2019-06-19,RELIANCE,588.327392578125,595.2305908203125,577.21826171875,583.96142578125,14492763,38.54225349783856,-3.773616694700763,604.3396362304687,600.5561393711985,592.8304443359375
2019-06-20,RELIANCE,585.1729125976562,594.3162841796875,584.2586059570312,592.8304443359375,10748848,44.832707067907805,-3.896771083258841,603.3418701171875,599.8203588916499,584.9443359375
2019-06-21,RELIANCE,592.4647216796875,592.4876098632812,583.1385498046875,584.9443359375,23236832,40.83081609964783,-4.577943184901869,602.0983764648438,598.4035948007785,577.1268310546875
2019-06-24,RELIANCE,581.5841674804688,583.5499877929688,574.703857421875,577.1268310546875,11267228,37.27844611031966,-5.683073361343304,600.3965759277344,596.3772363487699,592.4190063476562
2019-06-25,RELIANCE,575.5267333984375,593.4019165039062,573.40087890625,592.4190063476562,14966899,46.99349691442862,-5.264263096024024,600.0582733154297,596.0002620629496,591.641845703125
2019-06-26,RELIANCE,590.2017822265625,596.4192504882812,588.075927734375,591.641845703125,11593027,46.598470493096954,-4.938139513972715,599.3816680908203,595.5851747905853,582.49853515625
2019-06-27,RELIANCE,591.1846923828125,592.8990478515625,581.0584106445312,582.49853515625,24905533,42.11324350447784,-5.355735389165034,598.49248046875,594.3388281587438,572.8751831054688
2019-06-28,RELIANCE,583.84716796875,586.4758911132812,570.8407592773438,572.8751831054688,18942165,37.97068385800458,-6.3895524305983145,596.7403900146485,592.2946714870034,580.0755615234375
2019-07-01,RELIANCE,575.1381225585938,581.812744140625,569.8350219726562,580.0755615234375,13478857,42.52616143818357,-6.552318473243986,595.3391754150391,591.1309467285685,584.4871826171875
2019-07-02,RELIANCE,582.4071044921875,585.630126953125,577.5382690429688,584.4871826171875,10146746,45.18250166379351,-6.2532472402228905,593.4716491699219,590.4982072893893,586.3386840820312
2019-07-03,RELIANCE,586.4987182617188,588.14453125,582.9099731445312,586.3386840820312,8806492,46.30417033784143,-5.7999719722532745,591.892138671875,590.1020622220218,587.0015869140625
2019-07-04,RELIANCE,585.81298828125,590.2017822265625,585.1729125976562,587.0015869140625,9351405,46.724493635746796,-5.3258640922603036,590.9012298583984,589.806778859359,577.5610961914062
2019-07-05,RELIANCE,587.5044555664062,589.9732055664062,576.0296020507812,577.5610961914062,10926753,41.71633135435472,-5.646806020657095,589.7228820800781,588.6405233671732,572.3951416015625
2019-07-08,RELIANCE,575.1152954101562,579.732666015625,570.6350708007812,572.3951416015625,14009219,39.23788202467151,-6.246004125335503,588.1890899658204,587.0933441514007,585.2186279296875
2019-07-09,RELIANCE,570.9779052734375,586.7730102539062,569.4006958007812,585.2186279296875,17535754,47.56567350303961,-5.621325621340361,587.0678894042969,586.9147997493328,584.647216796875
2019-07-10,RELIANCE,585.19580078125,589.4474487304688,580.0069580078125,584.647216796875,12018196,47.25488075396265,-5.113427104630091,585.8495422363281,586.6988394681464,585.8815307617188
2019-07-11,RELIANCE,588.3731079101562,589.6531982421875,584.8529052734375,585.8815307617188,8608376,48.04459431569535,-4.558764450700096,584.8049163818359,586.6210005437247,585.4015502929688
2019-07-12,RELIANCE,586.54443359375,594.3162841796875,584.2814331054688,585.4015502929688,15692436,47.745230080332455,-4.110537001957709,583.9580169677735,586.5048624246051,583.3900146484375
2019-07-15,RELIANCE,587.458740234375,589.5159912109375,580.7612915039062,583.3900146484375,10659498,46.4392708283074,-3.872982305760843,583.8162963867187,586.2082102554463,591.1160888671875
2019-07-16,RELIANCE,585.1500854492188,591.9847412109375,583.8242797851562,591.1160888671875,10070773,51.88319699545584,-3.0264023946435827,584.0905944824219,586.6756272660883,586.0186767578125
2019-07-17,RELIANCE,591.7103881835938,592.9447631835938,585.1729125976562,586.0186767578125,9482233,48.388695626679805,-2.7352697847479703,584.19345703125,586.6130605510144,576.8753662109375
2019-07-18,RELIANCE,586.0872802734375,588.0988159179688,575.1152954101562,576.8753662109375,11942908,42.81784289511318,-3.2053841678027766,583.395703125,585.6856610900547,571.0007934570312
2019-07-19,RELIANCE,579.7783813476562,581.9498901367188,568.12060546875,571.0007934570312,16336536,39.65866991307709,-4.005805694236528,582.6985260009766,584.287102267862,585.4015502929688
2019-07-22,RELIANCE,571.9151000976562,587.2301635742188,561.0802612304688,585.4015502929688,29092589,49.49582687579204,-3.438488046333532,583.1122619628907,584.3932401750151,582.2242431640625
2019-07-23,RELIANCE,587.458740234375,591.5275268554688,576.2124633789062,582.2242431640625,20316348,47.65006045219921,-3.208283756449646,582.6025238037109,584.1866690311149,575.6181640625
2019-07-24,RELIANCE,582.2013549804688,584.6243286132812,573.0808715820312,575.6181640625,15189179,43.97797607387012,-3.5183433008937754,581.8013397216797,583.3706209388658,563.0003662109375
2019-07-25,RELIANCE,577.8582763671875,580.1669921875,560.943115234375,563.0003662109375,21805071,37.960604922063396,-4.72772034181196,580.8264312744141,581.4305966790632,554.9085083007812
2019-07-26,RELIANCE,563.0003662109375,568.0291748046875,553.1712646484375,554.9085083007812,20387504,34.6831311477827,-6.2668651462838625,579.9280975341796,578.9046835001792,553.6055908203125
2019-07-29,RELIANCE,556.3257446289062,558.6572875976562,550.93115234375,553.6055908203125,17626045,34.1715388659843,-7.505266998414072,578.6045989990234,576.4952461020966,539.8677368164062
2019-07-30,RELIANCE,554.9771118164062,557.7429809570312,537.6047973632812,539.8677368164062,20853117,29.26920116611477,-9.48589193702253,576.3736267089844,573.0069118844119,533.1702880859375
2019-07-31,RELIANCE,537.5133666992188,541.7421264648438,531.41015625,533.1702880859375,21229950,27.21904582649337,-11.463831694351143,573.7152069091796,569.2129477131286,539.5706176757812
2019-08-01,RELIANCE,531.8673095703125,543.205078125,525.9013061523438,539.5706176757812,22628222,32.112792332183304,-12.372290036152776,571.3436584472656,566.3898686619527,541.4449462890625
2019-08-02,RELIANCE,537.490478515625,547.799560546875,531.2730102539062,541.4449462890625,23766807,33.522491801300205,-12.793531297346362,569.5378509521485,564.0141617692965,522.701171875
2019-08-05,RELIANCE,533.5131225585938,533.5131225585938,515.6836547851562,522.701171875,30399133,27.39588599897354,-14.472998263820955,567.0531524658203,560.079591303173,515.82080078125
2019-08-06,RELIANCE,518.76953125,525.5584716796875,512.940673828125,515.82080078125,29067994,25.54996364799021,-16.172747019804547,563.5832611083985,555.8644683963231,507.18035888671875
2019-08-07,RELIANCE,514.9979248046875,520.5067749023438,504.3002014160156,507.18035888671875,25349369,23.41616866144848,-18.00942021884498,559.7099182128907,551.2278865382656,526.815673828125
2019-08-08,RELIANCE,506.7003173828125,529.3986206054688,500.73431396484375,526.815673828125,31198568,36.41249951163876,-17.676823724546807,556.756625366211,548.9029138992046,531.2730102539062
2019-08-09,RELIANCE,531.1587524414062,537.3990478515625,526.7927856445312,531.2730102539062,21970009,38.945434485483105,-16.859226144056493,554.0501983642578,547.2238754567952,582.7728271484375
2019-08-13,RELIANCE,563.7546997070312,595.5963134765625,560.4859619140625,582.7728271484375,104827144,59.17832904152023,-11.918282804290357,554.0193389892578,550.6094899036183,588.944580078125
2019-08-14,RELIANCE,596.1449584960938,596.3506469726562,585.3329467773438,588.944580078125,31688983,60.852616942827105,-7.419018896358466,553.9107635498046,554.2604508726189,584.2586059570312
2019-08-16,RELIANCE,590.293212890625,590.5675048828125,581.9727783203125,584.2586059570312,21977767,58.87806339719034,-4.183217258535024,553.8227600097656,557.1174180235153,590.9332275390625
2019-08-19,RELIANCE,585.6529541015625,592.8533325195312,585.1729125976562,590.9332275390625,16317602,60.82781334299882,-1.0679245983285455,554.5256530761719,560.3379713107103,583.3214111328125
2019-08-20,RELIANCE,589.6531982421875,590.9332275390625,581.7899169921875,583.3214111328125,14969299,57.48067577165947,0.7777914147061438,555.1416839599609,562.5268703413867,581.0355834960938
2019-08-21,RELIANCE,583.1842651367188,584.5557861328125,579.001220703125,581.0355834960938,10677848,56.475660787085715,2.0326562696848214,554.9233856201172,564.2896049275492,569.97216796875
2019-08-22,RELIANCE,581.0355834960938,581.0584106445312,566.3834228515625,569.97216796875,14031953,51.758678160142075,2.1100966550831117,554.3107818603515,564.8308014076636,583.2756958007812
2019-08-23,RELIANCE,566.4291381835938,587.0015869140625,560.7145385742188,583.2756958007812,21307915,56.46717309276311,3.2079727196445447,554.6936584472656,566.587458016532,579.1383666992188
2019-08-26,RELIANCE,591.5732421875,591.5732421875,575.5724487304688,579.1383666992188,19202504,54.67975002907903,3.7015305886817487,555.5005584716797,567.7827826529783,582.8185424804688
2019-08-27,RELIANCE,587.458740234375,587.458740234375,576.5781860351562,582.8185424804688,28401906,56.01352823698023,4.339613818042153,556.8960601806641,569.2147597794059,577.5382690429688
2019-08-28,RELIANCE,582.315673828125,585.630126953125,574.2238159179688,577.5382690429688,11605488,53.57715670487066,4.36886389368874,558.0926940917968,570.0074749473642,567.6863403320312
2019-08-29,RELIANCE,574.4066772460938,576.1439208984375,564.7376098632812,567.6863403320312,18890222,49.27098482079296,3.5560841538648447,559.4836242675781,569.7864145078087,570.7950439453125
2019-08-30,RELIANCE,569.4006958007812,573.469482421875,558.2001342773438,570.7950439453125,24735240,50.619663477834564,3.1267534874968987,561.3648620605469,569.8824744542376,551.5255126953125
2019-09-03,RELIANCE,567.9149169921875,568.2578125,548.599609375,551.5255126953125,18730619,42.99013978044711,1.2175802048724336,561.9626068115234,568.134192381959,549.1253662109375
2019-09-04,RELIANCE,548.85107421875,550.999755859375,542.22216796875,549.1253662109375,32949395,42.13820665963043,-0.48355106322935626,562.3466278076172,566.3238279847188,547.9595947265625
2019-09-05,RELIANCE,551.7083740234375,554.6342163085938,545.53662109375,547.9595947265625,22995486,41.7058974576966,-1.903831678721076,563.6095489501953,564.574853388704,558.8858642578125
2019-09-06,RELIANCE,549.9711303710938,561.8574829101562,546.4281005859375,558.8858642578125,23186819,47.175970469678106,-2.12327981453393,565.7628021240234,564.0330449000477,558.7487182617188
2019-09-09,RELIANCE,558.0401000976562,563.6860961914062,554.6113891601562,558.7487182617188,11747929,47.116207147424774,-2.2819556150496965,568.3412200927735,563.5297756963973,564.326171875
2019-09-11,RELIANCE,558.8858642578125,566.8862915039062,558.8858642578125,564.326171875,12127900,49.896068958119194,-1.9353439954193163,570.2167449951172,563.6056229515024,553.331298828125
2019-09-12,RELIANCE,564.6004638671875,567.0919799804688,551.2055053710938,553.331298828125,11880005,44.88696765440522,-2.5188108727197687,571.3196594238282,562.6271158921331,560.3031005859375
2019-09-13,RELIANCE,554.0856323242188,561.6288452148438,551.7540893554688,560.3031005859375,12947715,48.422792949905066,-2.3910835181557104,570.1961730957031,562.4057811010669,553.51416015625
2019-09-16,RELIANCE,543.57080078125,557.3314819335938,542.2449951171875,553.51416015625,20547730,45.37033210541686,-2.805331311470468,568.4246520996094,561.5589600587033,547.433837890625
2019-09-17,RELIANCE,553.6284790039062,553.6284790039062,545.6280517578125,547.433837890625,15640772,42.76988721180214,-3.5829547911091595,566.5834136962891,560.2137103284101,551.2055053710938
2019-09-18,RELIANCE,550.8626098632812,556.0514526367188,547.319580078125,551.2055053710938,14933909,44.88033095804651,-3.8504988033117797,564.5970275878906,559.355786046761,539.02197265625
2019-09-19,RELIANCE,552.1883544921875,553.0341186523438,536.0961303710938,539.02197265625,13766222,39.77749998564133,-4.9881384732779,562.3820556640625,557.4192323905218,573.4465942382812
2019-09-20,RELIANCE,543.0907592773438,580.5555419921875,536.8504638671875,573.4465942382812,48165560,55.257104008082344,-3.076483063165824,562.0026062011718,558.9456478045942,566.5205688476562
2019-09-23,RELIANCE,582.49853515625,585.630126953125,564.6004638671875,566.5205688476562,21610844,52.34201962820393,-2.0961911569095264,561.8300262451172,559.6670688563144,584.57861328125
2019-09-24,RELIANCE,568.5321044921875,593.7676391601562,568.1434936523438,584.57861328125,34958974,58.49067316307414,0.13625979177641057,561.8951721191406,562.0395968967845,584.9672241210938
2019-09-25,RELIANCE,587.0015869140625,592.0304565429688,580.0755615234375,584.9672241210938,18192270,58.61441664888905,1.9147785246458398,562.1866149902344,564.2231804419567,592.8533325195312
2019-09-26,RELIANCE,590.658935546875,593.7676391601562,586.7730102539062,592.8533325195312,18350457,61.145741023836266,3.915475312670651,562.6883544921875,566.949861592202,598.45361328125
2019-09-27,RELIANCE,590.8875122070312,601.1737670898438,587.0015869140625,598.45361328125,19058663,62.88200200372388,5.885098038551746,563.7341217041015,569.9502188959209,609.0598754882812
2019-09-30,RELIANCE,598.887939453125,610.6599731445312,596.853515625,609.0598754882812,25263770,65.98239895204387,8.207266697412024,565.8027984619141,573.6749480951934,596.556396484375
2019-10-01,RELIANCE,611.2314453125,613.5172729492188,591.2532348632812,596.556396484375,17920384,59.65621725280439,8.935670977433574,567.0908660888672,575.8541336560679,599.3679809570312
2019-10-03,RELIANCE,587.9159545898438,601.03662109375,585.7672729492188,599.3679809570312,13524851,60.57165137919936,9.628813023959424,569.4829895019532,578.0935476847311,598.019287109375
2019-10-04,RELIANCE,603.4138793945312,607.3912353515625,596.0763549804688,598.019287109375,14992253,59.86986380285623,9.9545548557669,571.927685546875,579.9912371537448,598.9336547851562
2019-10-07,RELIANCE,598.019287109375,603.8253173828125,595.0934448242188,598.9336547851562,10061584,60.20648444325171,10.169264483248071,574.4763885498047,581.7952769281649,605.631103515625
2019-10-09,RELIANCE,598.2936401367188,608.0084228515625,590.8875122070312,605.631103515625,17588647,62.67610527774001,10.755864637314744,576.8136505126953,584.0653556507801,623.0034790039062
2019-10-10,RELIANCE,605.7454223632812,625.8607177734375,603.916748046875,623.0034790039062,35006390,68.19062399184652,12.478708219910118,580.0263885498047,587.7737483510779,618.3632202148438
2019-10-11,RELIANCE,623.437744140625,624.306396484375,611.0256958007812,618.3632202148438,16597126,65.4106741382754,13.316143850224421,582.7282409667969,590.6870313857222,620.8319091796875
2019-10-14,RELIANCE,624.0092163085938,624.0092163085938,617.5631713867188,620.8319091796875,13394275,66.20014479785485,14.017435912763403,586.103271484375,593.5579721280046,623.6434936523438
2019-10-15,RELIANCE,622.88916015625,626.3179321289062,619.140380859375,623.6434936523438,9672791,67.12056818304765,14.631424342340324,589.2702911376953,596.4232598922274,627.3922729492188
2019-10-16,RELIANCE,626.272216796875,630.7295532226562,623.437744140625,627.3922729492188,19403660,68.35783239500142,15.244777450821289,592.9641967773438,599.3726897071789,638.4328002929688
2019-10-17,RELIANCE,628.603759765625,639.5757446289062,627.2322387695312,638.4328002929688,16038940,71.7316613477278,16.432320928467902,597.5141448974609,603.0927002391588,647.507568359375
2019-10-18,RELIANCE,641.861572265625,652.787841796875,639.4385986328125,647.507568359375,28121951,74.16957739282589,17.89938269057143,602.329248046875,607.3226876791794,646.5018310546875
2019-10-22,RELIANCE,651.4620361328125,656.8794555664062,641.5643920898438,646.5018310546875,27786502,73.41391027386172,18.764578728420247,607.7032409667969,611.0540346673231,636.5584106445312
2019-10-23,RELIANCE,647.4847412109375,651.8963623046875,632.3296508789062,636.5584106445312,18446160,66.2294851059608,18.435390192837303,610.8588317871094,613.4830228556286,656.6965942382812
2019-10-24,RELIANCE,640.4900512695312,658.9595947265625,633.884033203125,656.6965942382812,22642488,72.16968396895219,19.573853818387988,615.3676330566407,617.5986010825479,654.2965087890625
2019-10-25,RELIANCE,658.8224487304688,658.982421875,645.176025390625,654.2965087890625,13539957,70.57632570140171,20.051288830282033,618.8535278320312,621.0936399117398,655.6908569335938
2019-10-27,RELIANCE,658.7767333984375,660.6054077148438,653.7478637695312,655.6908569335938,3014841,70.97721723841846,20.308072935685345,622.3897094726562,624.3886129614402,670.6859130859375
2019-10-29,RELIANCE,660.833984375,676.606201171875,659.2796020507812,670.6859130859375,25768505,74.93269687535576,21.474012848815846,626.2813385009765,628.7978796399639,676.1947631835938
2019-10-30,RELIANCE,676.606201171875,678.6863403320312,667.6000366210938,676.1947631835938,16341366,76.2151964017434,22.582232870041025,630.1683959960938,633.3118685488811,669.4515380859375
2019-10-31,RELIANCE,678.4348754882812,681.0178833007812,668.2400512695312,669.4515380859375,19463741,71.39973832214486,22.655227945888214,633.1879791259765,636.7537418381246,666.045654296875
2019-11-01,RELIANCE,665.1770629882812,668.2857666015625,658.7767333984375,666.045654296875,13904301,69.0274645537828,22.18254415096135,636.6624420166015,639.543447786577,666.3885498046875
2019-11-04,RELIANCE,670.16015625,672.49169921875,660.651123046875,666.3885498046875,14063434,69.138637709331,21.586768806260466,640.0134704589843,642.1001241692542,661.6568603515625
2019-11-05,RELIANCE,668.880126953125,671.5545043945312,658.7767333984375,661.6568603515625,12685356,65.63746070834598,20.496533479464915,643.1953491210937,643.9626704723311,655.9879760742188
2019-11-06,RELIANCE,659.5538940429688,661.2682495117188,653.0621337890625,655.9879760742188,14625505,61.61192165097133,18.956563084729055,646.0480651855469,645.107937672511,666.8228759765625
2019-11-07,RELIANCE,656.0337524414062,668.8343505859375,654.753662109375,666.8228759765625,14084039,65.91472124302561,18.398326863573402,649.1076538085938,647.1760270348016,660.833984375
2019-11-08,RELIANCE,662.43408203125,667.3028564453125,658.9138793945312,660.833984375,12019353,61.79191759587902,17.273548421648,650.9991790771485,648.4767848767252,652.7421264648438
2019-11-11,RELIANCE,657.9080810546875,660.2625122070312,650.3419799804688,652.7421264648438,11357841,56.63726953379611,15.549957861247776,652.7181243896484,648.8830078851174,673.0859985351562
2019-11-13,RELIANCE,653.7478637695312,674.7318115234375,653.7478637695312,673.0859985351562,25225749,64.62665727995274,15.645231885218436,655.3308288574219,651.1880546136925,668.7200927734375
2019-11-14,RELIANCE,674.7775268554688,677.337646484375,665.5427856445312,668.7200927734375,14258133,61.987143544132664,15.193306152235323,657.5846588134766,652.8577725336683,672.4231567382812
2019-11-15,RELIANCE,670.0458984375,679.7149658203125,668.9029541015625,672.4231567382812,15691605,63.354265335782706,14.961491308464247,659.8362030029297,654.7211424579172,667.09716796875
2019-11-18,RELIANCE,673.2460327148438,679.3491821289062,665.3599243164062,667.09716796875,14076051,60.01128849715062,14.184503465678517,661.2694213867187,655.899811554187,690.2069091796875
2019-11-19,RELIANCE,670.6630249023438,692.5613403320312,669.7487182617188,690.2069091796875,30176255,67.92095917614263,15.257617663050155,663.4043884277344,659.167154185187,707.5335083007812
2019-11-20,RELIANCE,710.9165649414062,718.848388671875,705.4991455078125,707.5335083007812,43538120,72.33866731056989,17.306679512097617,666.4559722900391,663.7734736247673,702.93896484375
2019-11-21,RELIANCE,706.322021484375,711.350830078125,698.8016357421875,702.93896484375,14897371,69.60145985636065,18.348326445552857,669.775,667.5035204075276,707.0077514648438
2019-11-22,RELIANCE,704.9962158203125,717.5225830078125,702.93896484375,707.0077514648438,22352865,70.66022873873834,19.279909426488985,672.2905578613281,671.265828127272,713.8881225585938
2019-11-25,RELIANCE,709.1336059570312,715.3739013671875,709.0650024414062,713.8881225585938,15146156,72.41019131534165,20.338929576564283,675.2701385498046,675.3250942635884,713.2938232421875
2019-11-26,RELIANCE,716.882568359375,720.6541748046875,711.350830078125,713.2938232421875,35330983,72.0106636088064,20.889455052647236,678.1502868652344,678.9411636901217,717.6826171875
2019-11-27,RELIANCE,713.1566772460938,720.265625,711.3965454101562,717.6826171875,9642739,73.1872224617532,21.432825184216995,680.5001220703125,682.6308259279673,722.4600219726562
2019-11-28,RELIANCE,718.962646484375,724.2200927734375,714.9853515625,722.4600219726562,13747479,74.44644894033205,21.99539731934283,682.8133850097656,686.4240826941281,709.1336059570312
2019-11-29,RELIANCE,723.2142944335938,723.2142944335938,707.6249389648438,709.1336059570312,18559594,65.24204596569217,21.122423243686853,684.7974884033204,688.5868944334521,725.29443359375
2019-12-02,RELIANCE,731.4661865234375,738.0722045898438,720.9513549804688,725.29443359375,31225364,70.0741190671767,21.486940651230952,687.7599273681641,692.0828505439567,721.8199462890625
2019-12-03,RELIANCE,728.1517333984375,728.72314453125,718.9398193359375,721.8199462890625,12990426,67.88892488017021,21.250498713733577,690.5314971923829,694.9149549006335,709.8422241210938
2019-12-04,RELIANCE,719.1226806640625,721.179931640625,701.1788940429688,709.8422241210938,20987607,60.84484360546525,19.867593447722584,692.9407653808594,696.3365995882963,708.9964599609375
2019-12-05,RELIANCE,719.579833984375,722.2085571289062,705.8648681640625,708.9964599609375,19942460,60.36852698910126,18.49024097356812,695.5911895751954,697.5423005761669,710.8479614257812
2019-12-06,RELIANCE,709.9793701171875,716.8368530273438,704.5390625,710.8479614257812,13085234,61.086700650712096,17.34810179045951,697.7924438476563,698.8095063713683,718.9398193359375
2019-12-09,RELIANCE,711.41943359375,721.1342163085938,707.0077514648438,718.9398193359375,12642677,64.14479149956038,16.901068568145206,700.6977355957031,700.7266790346606,714.0709838867188
2019-12-10,RELIANCE,718.6883544921875,719.39697265625,710.5050659179688,714.0709838867188,10173333,61.036624341423476,15.969826964193203,703.7641784667969,701.997565211047,714.2767333984375
2019-12-11,RELIANCE,711.16796875,719.8084106445312,708.8821411132812,714.2767333984375,12364641,61.122356016128016,15.074642455317303,705.8237152099609,703.1670098003223,716.9282836914062
2019-12-12,RELIANCE,717.865478515625,719.5112915039062,711.6480102539062,716.9282836914062,10326606,62.274393735213614,14.413015955149149,708.2341247558594,704.4776073137589,723.6486206054688
2019-12-13,RELIANCE,722.3228149414062,726.89453125,718.848388671875,723.6486206054688,12668303,65.09733119706473,14.26649197288964,710.7953979492188,706.3034181034456,716.1968383789062
2019-12-16,RELIANCE,727.808837890625,728.6774291992188,715.168212890625,716.1968383789062,11892718,59.75768382996204,13.394668709765256,713.2503814697266,707.2456486058704,714.4138793945312
2019-12-17,RELIANCE,716.265380859375,721.8656616210938,711.1451416015625,714.4138793945312,20324601,58.520809435512135,12.416740152042166,714.4607299804687,707.9283372524096,720.4255981445312
2019-12-18,RELIANCE,714.551025390625,722.3228149414062,714.0938720703125,720.4255981445312,14742077,61.42036814764107,11.98862280451499,715.1053344726563,709.1185525754688,736.0149536132812
2019-12-19,RELIANCE,719.4426879882812,738.2779541015625,718.5740966796875,736.0149536132812,20507816,67.72162867874124,12.760176056187333,716.7591339111328,711.68011457907,731.0547485351562
2019-12-20,RELIANCE,738.3236694335938,739.4894409179688,729.6832275390625,731.0547485351562,21271510,64.13238531197112,12.823568357605154,717.9614837646484,713.5253178129831,718.3912353515625
2019-12-23,RELIANCE,713.2252197265625,721.2027587890625,712.1737670898438,718.3912353515625,25107772,55.97569023352989,11.71690237560756,718.1866394042969,713.988738530943,706.9849243164062
2019-12-24,RELIANCE,717.248291015625,718.6883544921875,705.1790771484375,706.9849243164062,18048449,49.82832761338551,9.806425271515991,717.8711944580078,713.321708605749,692.7899169921875
2019-12-26,RELIANCE,704.79052734375,709.9564819335938,690.3897705078125,692.7899169921875,29761019,43.43529083944663,7.065493334794269,716.6265594482422,711.366299880648,705.1105346679688
2019-12-27,RELIANCE,698.093017578125,706.87060546875,695.4871826171875,705.1105346679688,17677571,49.49244690904519,5.820362391729191,715.7590850830078,710.7705127175357,705.956298828125
2019-12-30,RELIANCE,706.75634765625,707.5335083007812,698.5730590820312,705.956298828125,17123749,49.889141726361785,4.845971900488735,715.6002197265625,710.3120161566394,692.1727294921875
2019-12-31,RELIANCE,704.9505004882812,705.7277221679688,689.4297485351562,692.1727294921875,22203005,43.845211183727784,2.9277918033395736,713.9441345214843,708.5844650457393,690.1383056640625
2020-01-01,RELIANCE,693.978515625,698.1387329101562,688.2639770507812,690.1383056640625,14004468,43.01685613943263,1.2292887802145742,712.3600524902344,706.82768796177,701.8875122070312
2020-01-02,RELIANCE,691.2355346679688,704.4705200195312,691.2355346679688,701.8875122070312,17710316,49.008474560249276,0.8218024460917377,711.9623168945312,706.3571950327473,702.7332763671875
2020-01-03,RELIANCE,700.8359985351562,704.79052734375,696.2643432617188,702.7332763671875,20984698,49.42075761326899,0.5606498672206044,711.6491577148438,706.0120599217416,686.435302734375
2020-01-06,RELIANCE,694.8928833007812,698.5044555664062,684.835205078125,686.435302734375,24519177,42.31989546072904,-0.9504692791531397,710.4285247802734,704.1476068562781,696.995849609375
2020-01-07,RELIANCE,694.4356689453125,701.5217895507812,691.9212646484375,696.995849609375,16683622,47.57605857154289,-1.2811261897975328,709.3313262939453,703.4664871184777,691.7612915039062
2020-01-08,RELIANCE,692.6070556640625,701.4989013671875,690.3212280273438,691.7612915039062,16047902,45.369162617910064,-1.9431597300286967,708.2158416748047,702.3517065837566,707.6935424804688
2020-01-09,RELIANCE,703.3961791992188,708.6078491210938,700.0360107421875,707.6935424804688,14982742,52.579294471933345,-1.168753910369901,707.8866821289063,702.8604528596339,707.5335083007812
2020-01-10,RELIANCE,709.4764404296875,712.2423095703125,703.8761596679688,707.5335083007812,12478359,52.504335984900386,-0.5614728305509971,707.416943359375,703.3055057587908,705.7277221679688
2020-01-13,RELIANCE,706.3449096679688,712.585205078125,703.3047485351562,705.7277221679688,18282382,51.610248012044316,-0.22333557541230675,706.5208984375,703.5361930358554,699.1902465820312
2020-01-14,RELIANCE,704.0361938476562,708.6078491210938,695.7386474609375,699.1902465820312,15816535,48.397085154531574,-0.4773761137071233,705.6705688476562,703.1222933735864,696.6529541015625
2020-01-15,RELIANCE,702.1389770507812,703.990478515625,694.0928344726562,696.6529541015625,15817859,47.16963340631452,-0.8733756380072464,704.7825225830078,702.5061658238699,703.0761108398438
2020-01-16,RELIANCE,699.0073852539062,705.5676879882812,698.5501708984375,703.0761108398438,12847975,50.58624603803463,-0.6612901051258859,703.9150482177735,702.5604463015817,722.780029296875
2020-01-17,RELIANCE,710.2079467773438,724.5858154296875,710.07080078125,722.780029296875,29463471,59.284971528277644,1.0842323984632003,703.2533020019531,704.486120872562,700.5388793945312
2020-01-20,RELIANCE,735.5806884765625,735.5806884765625,697.8187255859375,700.5388793945312,32545850,48.834738737080905,0.6652283005357731,701.7275085449219,704.1101931127496,701.2474975585938
2020-01-21,RELIANCE,698.8245239257812,706.7106323242188,695.8071899414062,701.2474975585938,18922720,49.14233249229508,0.3858957320502441,700.8703216552734,703.8375554409253,700.9960327148438
2020-01-22,RELIANCE,705.8648681640625,707.1220703125,699.9674072265625,700.9960327148438,10322817,49.029687698413795,0.14258788337008355,700.5708770751953,703.5669342289175,698.0244750976562
2020-01-23,RELIANCE,702.4360961914062,704.9276733398438,695.212890625,698.0244750976562,11247739,47.63999545919079,-0.28671018842976537,700.8326049804688,703.0390809783212,695.6015014648438
2020-01-24,RELIANCE,698.093017578125,702.3675537109375,694.22998046875,695.6015014648438,14628445,46.48307481744063,-0.8130731249256087,700.3571533203125,702.3307400722757,688.7439575195312
2020-01-27,RELIANCE,692.5613403320312,696.92724609375,688.0353393554688,688.7439575195312,13387750,43.27961114681237,-1.7632404910377772,699.4965362548828,701.0367607815381,672.8345947265625
2020-01-28,RELIANCE,689.68115234375,690.3212280273438,669.1087036132812,672.8345947265625,24532236,36.92218631924445,-3.7567026617495003,698.5296295166015,698.3508402048737,676.5376586914062
2020-01-29,RELIANCE,673.8860473632812,683.1893920898438,669.3143920898438,676.5376586914062,24746565,39.16226877734645,-4.980319457427868,697.8495971679688,696.2733943464483,660.033935546875
2020-01-30,RELIANCE,676.1490478515625,676.4690551757812,658.319580078125,660.033935546875,22402689,33.45920318593933,-7.198774127025331,695.7569183349609,692.8220173179175,645.35888671875
2020-01-31,RELIANCE,664.2626953125,664.3770141601562,643.3245239257812,645.35888671875,34750310,29.364309553575495,-10.025501491181217,692.8881988525391,688.3017191656159,633.4039916992188
2020-02-03,RELIANCE,626.272216796875,640.0100708007812,623.140625,633.4039916992188,30712290,26.51719164283618,-13.079590037406433,690.2366333007812,683.0733641688162,652.1021118164062
2020-02-04,RELIANCE,640.0328979492188,654.8908081054688,639.0271606445312,652.1021118164062,25383901,36.83319413416036,-13.831751367266861,687.9919464111329,680.1237210876343,662.2054443359375
2020-02-05,RELIANCE,655.9879760742188,664.1712646484375,653.8850708007812,662.2054443359375,18472100,41.60367942678762,-13.457460910559348,686.5141540527344,678.4172185398536,666.4570922851562
2020-02-06,RELIANCE,664.765625,670.6630249023438,658.3652954101562,666.4570922851562,15538577,43.53618689586304,-12.671689224477063,684.4523315429688,677.278158896549,655.4165649414062
2020-02-07,RELIANCE,663.348388671875,663.965576171875,652.970703125,655.4165649414062,12209212,39.8484157516034,-12.79237525027304,681.846484375,675.1961023293926,656.3080444335938
2020-02-10,RELIANCE,652.8335571289062,660.833984375,644.810302734375,656.3080444335938,15142476,40.288240501256325,-12.670032601587991,679.3755004882812,673.3972396726498,664.1484375
2020-02-11,RELIANCE,661.7025756835938,670.2973022460938,660.6282348632812,664.1484375,13999816,44.15567362852223,-11.80434780200369,677.6234100341796,672.5164013704926,672.1716918945312
2020-02-12,RELIANCE,665.7028198242188,674.2518310546875,665.1770629882812,672.1716918945312,13533565,47.876136327946426,-10.351550553739912,676.3993469238281,672.4835718965916,673.9317626953125
2020-02-13,RELIANCE,675.5775756835938,675.5775756835938,668.6514892578125,673.9317626953125,13565659,48.683811162951876,-8.954948195023803,674.9421295166015,672.621494829803,680.0806884765625
2020-02-14,RELIANCE,675.3489990234375,686.4124145507812,664.3084106445312,680.0806884765625,21227841,51.510644223508336,-7.268180778208944,672.807162475586,673.3318942247324,675.80615234375
2020-02-17,RELIANCE,680.720703125,688.5610961914062,674.0003662109375,675.80615234375,13149130,49.47047463630244,-6.20479972117721,671.5705261230469,673.567537855115,670.8458862304688
2020-02-18,RELIANCE,674.7318115234375,674.7318115234375,666.2742309570312,670.8458862304688,11127161,47.13736444007821,-5.696647190132694,670.0504455566406,673.3083329384821,687.4867553710938
2020-02-19,RELIANCE,676.3090209960938,688.6982421875,674.3660888671875,687.4867553710938,14084409,54.83332763403628,-3.9061261908871074,669.3749816894531,674.6586588844451,679.3263549804688
2020-02-20,RELIANCE,684.3780517578125,689.4068603515625,678.3434448242188,679.3263549804688,16892268,50.918522833723586,-3.1097542005206833,668.4400756835937,675.1032013697807,660.58251953125
2020-02-24,RELIANCE,671.9202270507812,675.2346801757812,658.1138305664062,660.58251953125,21370214,43.27588700020892,-3.9456119738119924,666.6891265869141,673.7202792899205,647.5304565429688
2020-02-25,RELIANCE,663.53125,663.53125,644.6045532226562,647.5304565429688,27745062,38.89767855300096,-5.596712268489341,664.628451538086,671.2260104568775,636.3755493164062
2020-02-26,RELIANCE,644.6045532226562,645.6788940429688,634.249755859375,636.3755493164062,29362748,35.58423500894128,-7.716379317794349,662.8054992675782,667.9069189196897,633.7468872070312
2020-02-27,RELIANCE,634.546875,637.198486328125,625.8607177734375,633.7468872070312,25054993,34.83126339283062,-9.498845016797759,660.6659606933594,664.6535825661032,607.4140625
2020-02-28,RELIANCE,619.4146728515625,620.374755859375,605.7454223632812,607.4140625,39315769,28.35774931203393,-12.88773897393628,658.0349670410156,659.2021997026649,601.6995239257812
2020-03-02,RELIANCE,619.506103515625,625.8607177734375,594.8191528320312,601.6995239257812,29500495,27.177304588613623,-15.851847128909185,655.8519989013672,653.7257543905807,613.9058227539062
2020-03-03,RELIANCE,607.8941040039062,618.95751953125,604.3739013671875,613.9058227539062,27398798,33.54107791556741,-17.019784413565617,654.8770904541016,649.9333799489926,612.4657592773438
2020-03-04,RELIANCE,618.0889282226562,618.9118041992188,597.9278564453125,612.4657592773438,22105261,33.172769196020965,-17.855754194106908,652.8952728271485,646.3650351231213,599.4136962890625
2020-03-05,RELIANCE,618.1803588867188,620.80908203125,597.0592651367188,599.4136962890625,30510390,29.961473068297707,-19.3484221044896,649.7556854248047,641.8934790436872,581.0584106445312
2020-03-06,RELIANCE,580.6012573242188,588.8988647460938,567.38916015625,581.0584106445312,33734039,26.13046984770554,-21.76163573692304,645.4857513427735,636.0996630056724,509.3518981933594
2020-03-09,RELIANCE,566.9091186523438,567.3434448242188,500.59716796875,509.3518981933594,88187018,16.99059731790497,-29.12451196086704,638.1825180053711,624.0284473092617,527.3642578125
2020-03-11,RELIANCE,506.5403137207031,538.7476806640625,506.5403137207031,527.3642578125,59578576,24.16611015088027,-33.12436052042597,631.7353286743164,614.8223340238559,485.96783447265625
2020-03-12,RELIANCE,496.0255126953125,503.34014892578125,479.43035888671875,485.96783447265625,55970485,19.907084865509404,-39.18293819937935,622.8262985229492,602.5504769237416,505.30596923828125
2020-03-13,RELIANCE,456.25201416015625,521.1696166992188,430.8335876464844,505.30596923828125,73297403,26.429985400550223,-41.94051465373025,614.4830123901368,593.2890952394121,464.3438720703125
2020-03-16,RELIANCE,484.8477783203125,493.6025085449219,459.4521789550781,464.3438720703125,38482258,22.28911398481911,-46.89068612676351,604.0036178588867,581.0085977947359,460.8236999511719
2020-03-17,RELIANCE,478.7674560546875,484.5963439941406,458.6293029785156,460.8236999511719,45445979,21.970546041961313,-50.51547025756997,593.0407684326171,569.5624170477298,442.765625
2020-03-18,RELIANCE,468.732666015625,473.5786437988281,439.3368835449219,442.765625,44730415,20.362726064648314,-54.22025616518897,581.3887420654297,557.4865320908032,419.54156494140625
2020-03-19,RELIANCE,420.6387634277344,442.0798645019531,407.8838195800781,419.54156494140625,61404010,18.48878346496943,-58.35760312124347,568.8235260009766,544.348916171813,465.37249755859375
2020-03-20,RELIANCE,429.5077819824219,473.1214599609375,425.1647033691406,465.37249755859375,63360475,31.822896791372656,-57.27804154616871,557.7178131103516,536.8273524943636,404.1579284667969
2020-03-23,RELIANCE,418.8558044433594,434.30804443359375,400.3177185058594,404.1579284667969,40670949,25.761206411702275,-60.662703469929625,543.959391784668,524.192169253643,431.2907409667969
2020-03-24,RELIANCE,425.1647033691406,443.45135498046875,409.5296325683594,431.2907409667969,45734887,31.94870527327629,-60.45875037920183,532.4948028564453,515.3444141787053,494.7682800292969
2020-03-25,RELIANCE,440.616943359375,526.4498901367188,440.3655090332031,494.7682800292969,73130298,43.75869605268119,-54.5462341535125,524.8566940307617,513.3847823549521,487.4307556152344
2020-03-26,RELIANCE,500.962890625,510.6091003417969,476.52734375,487.4307556152344,45744488,42.83333917003508,-49.87764094814247,517.4094543457031,510.9129702845028,487.1564636230469
2020-03-27,RELIANCE,500.59716796875,506.2203063964844,478.2874450683594,487.1564636230469,41657940,42.79690528313636,-45.67338590686592,510.0799331665039,508.65044584055465,471.0870666503906
2020-03-30,RELIANCE,475.7273254394531,491.3623962402344,466.3096923828125,471.0870666503906,30229866,40.61716707358063,-43.140848685372646,503.2635833740234,505.0729811557771,509.1690368652344
2020-03-31,RELIANCE,490.97381591796875,516.5065307617188,479.1103515625,509.1690368652344,44292810,47.44816801011109,-37.62715553247301,498.6370590209961,505.46308169953494,493.9454040527344
2020-04-01,RELIANCE,513.054931640625,514.1292724609375,477.8302917480469,493.9454040527344,41597459,45.20926905937489,-34.092931827551865,492.6390380859375,504.3661600188873,492.5738830566406
2020-04-03,RELIANCE,518.6323852539062,518.6323852539062,482.9048156738281,492.5738830566406,41367807,45.0032403827642,-31.044838784039314,486.64444427490236,503.2430860224828,551.3883666992188
2020-04-07,RELIANCE,503.8430480957031,554.9999389648438,502.88299560546875,551.3883666992188,54373624,54.56535305192351,-23.611190681206665,484.24317779541013,507.8283508488386,545.0108642578125
2020-04-08,RELIANCE,539.456298828125,561.8574829101562,530.31298828125,545.0108642578125,49880330,53.47953904801179,-18.026780645182612,482.44080047607423,511.36954260207426,557.7200927734375
2020-04-09,RELIANCE,554.9999389648438,563.5946655273438,545.3994750976562,557.7200927734375,33032857,55.384884505371204,-12.432255628302642,484.8592102050781,515.7838807136327,543.639404296875
2020-04-13,RELIANCE,550.4054565429688,555.4571533203125,539.456298828125,543.639404296875,23673784,52.80446819837276,-9.03064843510765,485.6729675292969,518.4367877215606,525.6727294921875
2020-04-15,RELIANCE,547.2509765625,565.0576171875,522.5411376953125,525.6727294921875,35321842,49.627248676111954,-7.695897217621109,487.65821228027346,519.1259250330488,533.9931640625
2020-04-16,RELIANCE,525.6727294921875,542.8621826171875,523.4555053710938,533.9931640625,37455706,51.09480418616315,-5.898711059079687,489.0925720214844,520.5418525596632,559.5715942382812
2020-04-17,RELIANCE,555.914306640625,562.3146362304688,545.2394409179688,559.5715942382812,33269335,55.396867395716896,-2.3829928745865345,493.8539581298828,524.2589708147697,568.62353515625
2020-04-20,RELIANCE,560.4859619140625,574.6580810546875,549.5139770507812,568.62353515625,36030932,56.84370067179037,1.120735951444999,499.2439498901367,528.4841674187202,565.6748046875
2020-04-21,RELIANCE,553.1712646484375,572.3722534179688,532.1416625976562,565.6748046875,61371628,56.204114177416166,3.6178243566527044,505.38940887451173,532.0261328728897,623.3920288085938
2020-04-22,RELIANCE,603.4595947265625,633.1296997070312,594.3162841796875,623.3920288085938,142683366,64.60013627074105,10.137226890544866,515.5819320678711,540.7276467715282,626.7293701171875
2020-04-23,RELIANCE,625.1064453125,633.5640258789062,618.6832275390625,626.7293701171875,65464502,65.0177434440694,15.395723602507246,523.6497756958008,548.9182870901624,647.8047485351562
2020-04-24,RELIANCE,617.2431640625,683.4408569335938,615.89453125,647.8047485351562,134986308,67.61585744366045,21.021405360577774,535.8321166992188,558.336045323019,653.6336059570312
2020-04-27,RELIANCE,655.5765380859375,674.3203735351562,650.5477294921875,653.6336059570312,58482901,68.31672062193798,25.6544106877559,546.9492599487305,567.4120034786392,652.9021606445312
2020-04-28,RELIANCE,662.8912353515625,665.3827514648438,636.4441528320312,652.9021606445312,78453401,68.11749617524822,28.933551295941015,554.8559539794921,575.5539232087242,652.353515625
2020-04-29,RELIANCE,660.5596923828125,664.5598754882812,649.1762084960938,652.353515625,37494672,67.95741262133755,31.129184918505985,563.1020919799805,582.8681701055124,670.2058715820312
2020-04-30,RELIANCE,664.697021484375,683.4408569335938,657.4281005859375,670.2058715820312,71345899,70.3954236799133,33.9187817086148,572.2545623779297,591.1860464366094,656.1251831054688
2020-05-04,RELIANCE,658.319580078125,669.7487182617188,648.0104370117188,656.1251831054688,53456868,66.122081713738,34.594578612038504,581.5064682006836,597.370726119358,667.760009765625
2020-05-05,RELIANCE,664.582763671875,676.1490478515625,661.6111450195312,667.760009765625,44903763,67.8583320445974,35.65794322878412,589.4360168457031,604.0744674190024,667.8057861328125
2020-05-06,RELIANCE,669.2915649414062,678.8692016601562,660.833984375,667.8057861328125,40489094,67.86531012273885,36.08835700363079,598.129035949707,610.1441168203177,688.9268188476562
2020-05-07,RELIANCE,665.1770629882812,691.9898681640625,660.6054077148438,688.9268188476562,50026966,70.9943332929135,37.699181152018014,607.9466827392578,617.6472312991118,714.00244140625
2020-05-08,RELIANCE,706.322021484375,722.277099609375,702.7103881835938,714.00244140625,84262770,74.20563273240887,40.53193712876748,616.0773864746094,626.8239179759821,720.8599243164062
2020-05-11,RELIANCE,722.3228149414062,738.3236694335938,718.8026733398438,720.8599243164062,67085063,75.02012307381742,42.836466093369836,624.869839477539,635.7797281036416,676.2633056640625
2020-05-12,RELIANCE,715.3739013671875,716.9968872070312,669.7487182617188,676.2633056640625,100683202,61.43409762286974,40.596278852989485,630.7970001220704,639.6353069189197,690.6114501953125
2020-05-13,RELIANCE,704.7102661132812,704.7102661132812,671.020751953125,690.6114501953125,66430125,63.7111171000305,39.523092073383964,638.1456024169922,644.4901777071475,662.690673828125
2020-05-14,RELIANCE,677.9432373046875,690.726806640625,659.9678344726562,662.690673828125,49266771,56.69604062830052,36.00457221308113,644.9964996337891,646.2235582900978,673.5128784179688
2020-05-15,RELIANCE,666.40576171875,676.8818359375,653.0684204101562,673.5128784179688,62152260,58.59888035143308,33.70089836145735,651.9724853515625,648.8225411594188,664.9058837890625
2020-05-18,RELIANCE,678.40478515625,683.9427490234375,659.0217895507812,664.9058837890625,62796089,56.47348528035256,30.825372001765686,657.2391998291016,650.3542880765277,650.2070922851562
2020-05-19,RELIANCE,672.4052734375,674.5743408203125,647.5996704101562,650.2070922851562,42315854,52.941938440013935,27.048627275179797,661.3183776855469,650.3402694297304,661.65234375
2020-05-20,RELIANCE,650.7147827148438,667.7210693359375,642.8692626953125,661.65234375,55320985,55.28663233763097,24.694404289720524,666.1172546386719,651.4176098411847,665.1366577148438
2020-05-21,RELIANCE,662.2522583007812,674.4589233398438,657.6372680664062,665.1366577148438,39167981,56.00530163235833,22.846460850562153,668.2044860839844,652.7241858291521,660.6600952148438
2020-05-22,RELIANCE,670.0054931640625,672.8667602539062,658.3295288085938,660.6600952148438,37828973,54.786927392771894,20.78117868768254,669.9010223388672,653.4799867230275,657.1988525390625
2020-05-26,RELIANCE,668.3209838867188,669.0363159179688,653.6221923828125,657.1988525390625,33216635,53.812153209935175,18.650147051031354,670.3707275390625,653.8341644197927,667.12109375
2020-05-27,RELIANCE,660.40625,671.020751953125,651.6377563476562,667.12109375,35667956,56.21703984377066,17.5595158989604,671.0451019287109,655.0995862607649,679.443115234375
2020-05-28,RELIANCE,671.4822387695312,682.9043579101562,668.7132568359375,679.443115234375,40126278,59.06735919279309,17.48787764012036,672.3721496582032,657.4180175915849,675.8203735351562
2020-05-29,RELIANCE,677.4817504882812,679.3277587890625,670.3977661132812,675.8203735351562,40022527,57.87442851419223,16.943465106446297,673.5454925537109,659.1706229195441,701.6412963867188
2020-06-01,RELIANCE,683.019775390625,709.9483032226562,681.1506958007812,701.6412963867188,39943702,63.5282639378539,18.383631866154474,675.1172637939453,663.215448964037,708.7252807617188
2020-06-02,RELIANCE,704.248779296875,710.7097778320312,701.8489379882812,708.7252807617188,22153960,64.91935464357175,19.867571734972444,677.7472686767578,667.5497186590544,711.4712524414062
2020-06-03,RELIANCE,713.0172729492188,719.9397583007812,707.6407470703125,711.4712524414062,25381289,65.46916041354126,21.022843484306577,679.9328308105469,671.7327218764212,729.0774536132812
2020-06-04,RELIANCE,712.5557250976562,733.5540161132812,711.1712646484375,729.0774536132812,34202350,68.84108837624547,23.09287764368605,682.9964141845703,677.1941248989793,729.9542846679688
2020-06-05,RELIANCE,736.0922241210938,746.7067260742188,726.2622680664062,729.9542846679688,33076685,69.00342622541898,24.52147921857454,685.0477874755859,682.2189020198355,724.323974609375
2020-06-08,RELIANCE,746.891357421875,746.891357421875,722.2472534179688,724.323974609375,31414953,66.60383205724713,24.912165356977425,685.5638641357422,686.228908933125,709.3944702148438
2020-06-09,RELIANCE,720.0781860351562,730.5542602539062,707.479248046875,709.3944702148438,25857161,60.58729661013603,23.74340154953029,684.990591430664,688.4351528647173,725.5469970703125
2020-06-10,RELIANCE,712.140380859375,728.9620971679688,710.7328491210938,725.5469970703125,22132647,64.34050137915554,23.845643995988894,687.4547760009766,691.9696142176311,709.6483154296875
2020-06-11,RELIANCE,722.708740234375,723.608642578125,706.5562744140625,709.6483154296875,20385805,58.44132460929833,22.385732346002328,688.4066192626954,693.6533000473509,733.23095703125
2020-06-12,RELIANCE,692.249755859375,735.1692504882812,690.865234375,733.23095703125,38548899,63.75047801642968,22.86805522837676,691.9336334228516,697.4226007124842,745.1145629882812
2020-06-15,RELIANCE,722.2472534179688,750.837158203125,720.4473876953125,745.1145629882812,53107403,66.10062864021933,23.933318870930407,695.5137176513672,701.9646923577982,746.5682983398438
2020-06-16,RELIANCE,758.2442626953125,760.8055419921875,731.6156616210938,746.5682983398438,51187003,66.38771544869553,24.61115025572326,699.5968383789062,706.2126548322788,745.4837646484375
2020-06-17,RELIANCE,742.2070922851562,754.7598876953125,739.368896484375,745.4837646484375,41782053,65.93906638442749,24.7752302740588,704.3606719970703,709.9527605290557,764.1975708007812
2020-06-18,RELIANCE,741.6302490234375,768.397216796875,740.984130859375,764.1975708007812,40471557,69.7392337579881,26.114283425658982,709.4879333496094,715.1189329358867,811.9628295898438
2020-06-19,RELIANCE,770.7047119140625,825.5308837890625,767.0127563476562,811.9628295898438,105804173,76.84142924698753,30.676134505662276,716.8292419433594,724.3421611886446,805.8479614257812
2020-06-22,RELIANCE,818.423828125,832.6380004882812,800.7022094726562,805.8479614257812,60198705,74.43297862634633,33.41285302527626,724.0886352539062,732.1046183540861,794.195068359375
2020-06-23,RELIANCE,807.6246948242188,813.9703369140625,791.9798583984375,794.195068359375,37962078,69.93450514122169,34.24665694246528,730.9384460449219,738.017994545066,797.4024658203125
2020-06-24,RELIANCE,801.1175537109375,818.1007690429688,789.9492797851562,797.4024658203125,51586221,70.46363290102343,34.765507593073266,737.4525146484375,743.6736584760419,792.810546875
2020-06-25,RELIANCE,797.0101928710938,807.1632080078125,790.572265625,792.810546875,39679374,68.60216259628714,34.40951946793405,743.1208862304687,748.3533621330855,803.7711791992188
2020-06-26,RELIANCE,797.8409423828125,808.5477294921875,792.3952026367188,803.7711791992188,30921913,70.59872688069532,34.612832552814666,749.5184265136719,753.6312494727173,795.2334594726562
2020-06-29,RELIANCE,797.4948120117188,802.8943481445312,791.72607421875,795.2334594726562,25621946,67.02351542956222,33.696603537963256,754.1980346679687,757.5933647108068,786.44189453125
2020-06-30,RELIANCE,801.625244140625,803.47119140625,782.4960327148438,786.44189453125,30276420,63.45972601126376,31.893431994956472,758.0838653564454,760.3408437413252,801.902099609375
2020-07-01,RELIANCE,793.7797241210938,807.1632080078125,788.2647705078125,801.902099609375,28464103,66.80261847305277,31.350525555870604,762.6054077148438,764.2990585859013,812.4012451171875
2020-07-02,RELIANCE,804.3942260742188,815.7471313476562,800.7252807617188,812.4012451171875,28789533,68.88447648546008,31.405439234635878,766.771597290039,768.8802192079286,825.1155395507812
2020-07-03,RELIANCE,821.3773803710938,827.46923828125,815.9317016601562,825.1155395507812,29434266,71.23685217747928,32.104811738517924,771.5296600341796,774.235964002486,854.6054077148438
2020-07-06,RELIANCE,833.0072021484375,857.4666748046875,827.0538330078125,854.6054077148438,47016185,75.80571052226,34.63935447415099,778.0437316894531,781.8901967369962,841.5218505859375
2020-07-07,RELIANCE,858.3897094726562,860.397216796875,833.607177734375,841.5218505859375,35189589,70.45832744931617,35.1866542883763,784.6501007080078,787.5694018654668,829.7767333984375
2020-07-08,RELIANCE,841.7987670898438,846.8291015625,826.084716796875,829.7767333984375,26204095,65.96014391570529,34.27753050065121,789.8615875244141,791.5891477257497,841.8910522460938
2020-07-09,RELIANCE,834.8532104492188,846.8521728515625,824.3540649414062,841.8910522460938,36418942,68.21419805947059,34.14101131007385,796.4737243652344,796.3798052991158,866.7197875976562
2020-07-10,RELIANCE,843.8524780273438,869.7426147460938,841.8910522460938,866.7197875976562,43759967,72.2674753783426,35.62562033342067,803.1481658935547,803.0788512323102,893.002197265625
2020-07-13,RELIANCE,878.3956909179688,898.8632202148438,876.8496704101562,893.002197265625,69608392,75.78723352909658,38.479388056468565,810.5425476074219,811.6429794259592,884.6951904296875
2020-07-14,RELIANCE,892.5407104492188,896.09423828125,870.9886474609375,884.6951904296875,67331128,72.64877923843893,39.614067202354704,817.4488922119141,818.6003328548858,851.0056762695312
2020-07-15,RELIANCE,894.3635864257812,913.2158813476562,829.7767333984375,851.0056762695312,139669773,61.52166172708004,37.36413586282447,822.7249877929687,821.686556037233,850.7288208007812
2020-07-16,RELIANCE,852.3901977539062,862.543212890625,836.4453735351562,850.7288208007812,60961724,61.43838240747868,35.153481689185924,827.0515502929687,824.4524860147137,882.249267578125
2020-07-17,RELIANCE,851.4672241210938,886.0797119140625,848.2366943359375,882.249267578125,49726765,66.92747336294316,35.535329795334974,830.5658721923828,829.9569414017052,886.0335083007812
2020-07-20,RELIANCE,885.0643920898438,891.61767578125,876.6881713867188,886.0335083007812,36592938,67.52514612346403,35.73141426896461,834.5751495361328,835.2975668206649,909.8699951171875
2020-07-21,RELIANCE,894.8482055664062,912.3851928710938,893.6944580078125,909.8699951171875,42173371,71.0714134996922,37.37933222916877,840.3588958740235,842.3997028489051,924.845703125
2020-07-22,RELIANCE,915.1541748046875,927.6146850585938,904.8627319335938,924.845703125,59771457,73.06173695540187,39.439104121927244,846.7310577392578,850.2517028752,949.6743774414062
2020-07-23,RELIANCE,924.8225708007812,959.7811889648438,919.0076904296875,949.6743774414062,58333751,76.00885948920165,42.584072027568936,854.5742492675781,859.7205290243625,990.4478759765625
2020-07-24,RELIANCE,949.7666625976562,998.22412109375,949.6743774414062,990.4478759765625,120597372,79.89817533655773,47.815376429066305,863.9080841064454,872.1707525436196,995.0859375
2020-07-27,RELIANCE,1005.515869140625,1014.745849609375,982.0255126953125,995.0859375,80304827,80.28961129539647,51.73905998277496,873.9007080078125,883.8769606347034,1005.0081787109375
2020-07-28,RELIANCE,995.0859375,1012.5306396484375,992.5245971679688,1005.0081787109375,55114422,81.13590138550532,55.015069929342076,884.8290222167968,895.4132671181543,967.6036376953125
2020-07-29,RELIANCE,1005.1005249023438,1007.36181640625,955.5123291015625,967.6036376953125,72663399,69.09238085158941,53.970953995299624,893.1140991210938,902.2885405064551,973.2339477539062
2020-07-30,RELIANCE,968.6881713867188,987.47119140625,956.2276611328125,973.2339477539062,72857444,69.81860774432738,52.98700238218771,901.1557342529297,909.0452459585933,953.96630859375
2020-07-31,RELIANCE,975.8414306640625,982.5331420898438,947.3668823242188,953.96630859375,74958061,64.25455107606976,50.07523999011107,907.5982727050781,913.3234424000368,927.1531982421875
2020-08-03,RELIANCE,946.6746215820312,949.30517578125,924.4302978515625,927.1531982421875,46715383,57.39920178375246,45.08434908519587,911.2256622314453,914.6405620040512,992.5015258789062
2020-08-04,RELIANCE,932.506591796875,1000.0701293945312,923.1150512695312,992.5015258789062,92041055,66.71879073113945,45.873297172476896,918.7746459960938,922.0558918968945,981.3563232421875
2020-08-05,RELIANCE,1000.9931640625,1013.45361328125,977.5950927734375,981.3563232421875,74549993,64.14154053054847,45.07957028211865,926.3536254882813,927.7035520250176,984.8867797851562
2020-08-06,RELIANCE,995.4551391601562,1000.3931884765625,972.7493286132812,984.8867797851562,49322975,64.60792282282148,44.22560904914462,933.5034118652344,933.1495737164594,990.5863037109375
2020-08-07,RELIANCE,982.90234375,995.8243408203125,978.4719848632812,990.5863037109375,32984416,65.3905193241293,43.50721843563315,939.6967376708984,938.6197384778383,978.3104248046875
2020-08-10,RELIANCE,996.42431640625,999.1471557617188,972.8878173828125,978.3104248046875,26958997,62.200282631587655,41.46929563838751,943.9621490478515,942.3998038423,984.7483520507812
2020-08-11,RELIANCE,985.2098388671875,996.8396606445312,969.3111572265625,984.7483520507812,46828306,63.21389085759416,39.91361475831502,948.9648071289063,946.4329989097744,981.8870239257812
2020-08-12,RELIANCE,978.8411254882812,989.9171752929688,972.287841796875,981.8870239257812,30264617,62.41283688286154,38.01166635787854,955.5088745117188,949.8095727208226,979.3257446289062
2020-08-13,RELIANCE,982.0716552734375,987.1019897460938,973.7646484375,979.3257446289062,24830322,61.65961312206514,35.884035885331286,961.938720703125,952.6206367120687,975.5183715820312
2020-08-14,RELIANCE,979.5564575195312,995.4551391601562,964.1885375976562,975.5183715820312,33224635,60.49093857149176,33.504431985604015,966.6021759033204,954.8013733663508,965.15771484375
2020-08-17,RELIANCE,971.4571533203125,971.4571533203125,955.350830078125,965.15771484375,30979066,57.307817218992646,30.431761931361052,970.5583862304687,955.7876916022936,977.7105102539062
2020-08-18,RELIANCE,962.2271728515625,984.9791259765625,961.0042114257812,977.7105102539062,30547672,60.05071564596064,28.67896124430149,973.9504119873047,957.8755790929234,983.7099609375
2020-08-19,RELIANCE,988.0711669921875,994.0706787109375,979.002685546875,983.7099609375,34087543,61.329498743550225,27.457447242085095,976.8936248779297,960.3359964114545,967.7882080078125
2020-08-20,RELIANCE,978.379638671875,980.1795043945312,963.6116333007812,967.7882080078125,22537845,56.18902163278396,24.917403875677337,977.79931640625,961.0457308492029,960.7734375
2020-08-21,RELIANCE,977.4566650390625,979.3026733398438,958.53515625,960.7734375,25280895,54.03992462460182,22.083799558060264,976.3155944824218,961.0197981492788,967.1882934570312
2020-08-24,RELIANCE,965.1807861328125,971.2263793945312,955.535400390625,967.1882934570312,32717218,55.708267616766484,20.12379836495461,974.9207122802734,961.6072738928743,960.8887939453125
2020-08-25,RELIANCE,971.9186401367188,974.3646240234375,958.9966430664062,960.8887939453125,19388008,53.64873846155805,17.85632968150162,972.7147430419922,961.5388472312018,986.3635864257812
2020-08-26,RELIANCE,962.2271728515625,991.278564453125,944.690185546875,986.3635864257812,59870421,60.076582020921684,17.90850911961445,973.6527404785156,963.903108106876,974.0415649414062
2020-08-27,RELIANCE,991.3016357421875,992.2246704101562,970.6495361328125,974.0415649414062,28085062,56.029200407458184,16.7623515909537,973.6931213378906,964.8686754244503,976.6029052734375
2020-08-28,RELIANCE,978.379638671875,984.3330078125,972.0340576171875,976.6029052734375,27166900,56.6824850992886,15.877664418735321,974.824951171875,965.9862211243538,960.2427368164062
2020-08-31,RELIANCE,1003.3006591796875,1003.3006591796875,950.8511962890625,960.2427368164062,62076132,51.42676211705144,13.69850673545352,976.4794281005859,965.4392226188351,963.2655639648438
2020-09-01,RELIANCE,969.149658203125,979.4872436523438,951.7972412109375,963.2655639648438,38616258,52.30669834490021,12.07621833178382,975.0176300048828,965.2322075089312,982.1639404296875
2020-09-02,RELIANCE,965.4576416015625,986.6866455078125,962.2271728515625,982.1639404296875,26949439,57.491432353844566,12.175136726881533,975.0580108642578,966.8447535013842,974.7338256835938
2020-09-03,RELIANCE,982.0716552734375,987.0327758789062,970.5341796875,974.7338256835938,18586429,54.96164218232837,11.521173190852323,974.5503631591797,967.5960937092136,958.6505126953125
2020-09-04,RELIANCE,961.5579833984375,967.7420654296875,956.3199462890625,958.6505126953125,28475945,49.848390299751465,9.594513849418377,972.9535736083984,966.7441336126516,961.1426391601562
2020-09-07,RELIANCE,961.7656860351562,971.8032836914062,943.4210205078125,961.1426391601562,21926473,50.61506515276586,8.174485834385905,972.0951843261719,966.2106579505091,972.4263305664062
2020-09-08,RELIANCE,965.4576416015625,978.8411254882812,960.150390625,972.4263305664062,27397082,54.04087974555162,7.868895270008579,971.4790832519532,966.8026267710708,997.462646484375
2020-09-09,RELIANCE,962.2271728515625,1000.4393310546875,960.5888061523438,997.462646484375,55310877,60.57574673057622,9.536997433596412,972.2578643798828,969.7226286485284,1067.91064453125
2020-09-10,RELIANCE,1007.5003051757812,1082.194091796875,1003.9236450195312,1067.91064453125,140304404,72.4473874888103,16.35501467167262,976.687109375,979.0738682564066,1070.564208984375
2020-09-11,RELIANCE,1066.9876708984375,1078.9173583984375,1055.496337890625,1070.564208984375,59470807,72.77988083617097,21.72206449068051,981.4394012451172,987.7872340400227,1062.62646484375
2020-09-14,RELIANCE,1072.9871826171875,1089.1396484375,1053.142578125,1062.62646484375,44063445,70.05642531009536,25.046262799304372,986.3128387451172,994.9147798308538,1070.14892578125
2020-09-15,RELIANCE,1066.964599609375,1073.333251953125,1055.9808349609375,1070.14892578125,27178393,71.15792157644017,27.965346531282535,990.9347595214844,1002.0799365880345,1072.7794189453125
2020-09-16,RELIANCE,1070.6795654296875,1093.45458984375,1066.3184814453125,1072.7794189453125,33952295,71.55200929525029,30.143524447985214,995.388232421875,1008.813220622061,1060.872802734375
2020-09-17,RELIANCE,1070.6795654296875,1077.002197265625,1057.6883544921875,1060.872802734375,25828669,67.08393160484047,30.55674261150375,1000.0424621582031,1013.771276061329,1064.0802001953125
2020-09-18,RELIANCE,1068.0260009765625,1070.42578125,1050.62744140625,1064.0802001953125,33074915,67.66960964372822,30.78812481500188,1005.2078002929687,1018.5626021693274,1041.074462890625
2020-09-21,RELIANCE,1061.4495849609375,1078.0635986328125,1037.151611328125,1041.074462890625,33627381,59.492807215826915,28.783329835431346,1008.9021087646485,1020.706588904689,1020.4453735351562
2020-09-22,RELIANCE,1050.8350830078125,1050.8350830078125,1016.0149536132812,1020.4453735351562,34792254,53.27622269646739,25.238981001594425,1011.8799377441406,1020.6817112504478,1029.5137939453125
2020-09-23,RELIANCE,1042.9896240234375,1050.7197265625,1017.74560546875,1029.5137939453125,42988708,55.47860358749164,22.897852563340393,1014.0374481201172,1021.5228619832922,1006.6234741210938
2020-09-24,RELIANCE,1018.9454956054688,1027.298583984375,1004.2467041015625,1006.6234741210938,29826318,49.17738153638558,18.976682518179928,1015.6665435791016,1020.1038726630828,1016.0841674804688
2020-09-25,RELIANCE,1010.22314453125,1021.2068481445312,1000.2086181640625,1016.0841674804688,28374935,51.62302830455215,16.44298144003369,1017.6406066894531,1019.7210435980719,1022.7990112304688
2020-09-28,RELIANCE,1027.7601318359375,1032.836669921875,1018.55322265625,1022.7990112304688,19666849,53.339298215913324,14.806160650146694,1020.7684204101563,1020.0141833725859,1036.0902099609375
2020-09-29,RELIANCE,1026.837158203125,1044.8355712890625,1022.7990112304688,1036.0902099609375,25842539,56.61987798776704,14.415286589273592,1024.409652709961,1021.5452335238575,1031.1522216796875
2020-09-30,RELIANCE,1042.9896240234375,1046.2200927734375,1026.837158203125,1031.1522216796875,24465159,55.070737462232735,13.550855862857247,1026.859066772461,1022.4601847767937,1026.9525146484375
2020-10-01,RELIANCE,1044.7432861328125,1044.7432861328125,1021.7606201171875,1026.9525146484375,20783227,53.72442070551615,12.384150250062703,1029.4700012207031,1022.8880257169501,1020.929931640625
2020-10-05,RELIANCE,1035.6055908203125,1037.9822998046875,1018.0686645507812,1020.929931640625,18922799,51.7698484270763,10.848500766479901,1032.5839721679688,1022.701540566824,1020.076171875
2020-10-06,RELIANCE,1026.9525146484375,1030.9444580078125,1016.0610961914062,1020.076171875,18412175,51.48389915340035,9.45362075369178,1035.5306488037108,1022.4515054533169,1041.8359375
2020-10-07,RELIANCE,1031.4521484375,1065.6031494140625,1024.5296630859375,1041.8359375,53170865,57.87090669564259,9.988854232234303,1039.0011291503906,1024.2976418387154,1033.4134521484375
2020-10-08,RELIANCE,1042.528076171875,1046.681640625,1025.498779296875,1033.4134521484375,21077808,54.86038918552746,9.622484431170278,1040.7986694335937,1025.1658142491651,1030.73681640625
2020-10-09,RELIANCE,1031.4521484375,1039.7591552734375,1023.1912841796875,1030.73681640625,18545499,53.90074696592234,9.012263822057548,1038.9399780273438,1025.6963858831732,1032.398193359375
2020-10-12,RELIANCE,1031.4521484375,1041.0281982421875,1027.4140625,1032.398193359375,14226473,54.43354097780641,8.563998385856053,1037.0316772460938,1026.334653261859,1052.542724609375
2020-10-13,RELIANCE,1029.4215087890625,1054.873291015625,1027.2293701171875,1052.542724609375,23112012,60.40857339266428,9.72216900266858,1036.527490234375,1028.8306600568606,1055.680908203125
2020-10-14,RELIANCE,1051.7120361328125,1063.295654296875,1046.912353515625,1055.680908203125,26742011,61.26079310407781,10.769113117306006,1035.8040893554687,1031.387826546981,1018.2993774414062
2020-10-15,RELIANCE,1056.8345947265625,1056.8345947265625,1012.9921264648438,1018.2993774414062,20036197,48.005129196799246,8.484641088040917,1033.0800872802733,1030.1413075845453,1004.13134765625
2020-10-16,RELIANCE,1022.22216796875,1030.29833984375,1002.6776123046875,1004.13134765625,21583600,44.10941382922255,5.4679083063188045,1030.2430145263672,1027.6641685437553,1004.31591796875
2020-10-19,RELIANCE,1010.7077026367188,1028.544677734375,994.6013793945312,1004.31591796875,31200385,44.17297342736677,3.0567824389431735,1027.254800415039,1025.44052563185,994.947509765625
2020-10-20,RELIANCE,1005.608154296875,1012.0691528320312,993.2630004882812,994.947509765625,18482288,41.58775862202769,0.3855511769158966,1024.948452758789,1022.5364288826859,980.5025634765625
2020-10-21,RELIANCE,1000.5316772460938,1011.607666015625,968.1112670898438,980.5025634765625,34082321,37.90424206490289,-2.863990982226369,1022.9513122558594,1018.5332036059123,972.3570556640625
2020-10-22,RELIANCE,981.7947387695312,984.1483764648438,964.9961547851562,972.3570556640625,30802210,35.96951963665329,-6.0270745964293155,1020.0934753417969,1014.1354752304981,975.1722412109375
2020-10-23,RELIANCE,971.9186401367188,985.3021240234375,967.48828125,975.1722412109375,23422125,37.163282009158145,-8.212016192462102,1018.5209136962891,1010.4246910381589,936.4293212890625
2020-10-26,RELIANCE,970.049560546875,970.049560546875,931.5374145507812,936.4293212890625,37324416,29.117689329801152,-12.920884089760307,1014.5381713867188,1003.3775129668164,938.9214477539062
2020-10-27,RELIANCE,939.1060180664062,950.6204223632812,925.3071899414062,938.9214477539062,36478896,30.165009508019992,-16.264119401390985,1010.3442932128906,997.2388400893965,928.2838745117188
2020-10-28,RELIANCE,942.2903442382812,949.6282348632812,926.414794921875,928.2838745117188,29924017,28.24650223162358,-19.546698557727495,1004.9539764404296,990.67170051057,935.4140014648438
2020-10-29,RELIANCE,921.6151733398438,942.3826904296875,918.84619140625,935.4140014648438,30655304,31.396052003784874,-21.32698037845148,1000.1670654296875,985.409062506215,948.1514282226562
2020-10-30,RELIANCE,938.4598999023438,953.0433349609375,933.0603637695312,948.1514282226562,34021563,36.73820169468951,-21.46265453790022,996.2270111083984,981.8607163839714,866.44287109375
2020-11-02,RELIANCE,935.4601440429688,935.4601440429688,857.9974365234375,866.44287109375,99366895,23.887859261443182,-27.842424837917974,988.5026580810547,970.8685406420456,853.9592895507812
2020-11-03,RELIANCE,872.2346801757812,881.003173828125,846.8983764648438,853.9592895507812,88691623,22.587902080479722,-33.51936904406148,980.1968139648437,959.7343262524014,882.9414672851562
2020-11-04,RELIANCE,847.7752075195312,890.2332153320312,847.7752075195312,882.9414672851562,80180117,31.85910610915846,-35.273161647909546,972.2520904541016,952.4207206364733,902.232177734375
2020-11-05,RELIANCE,902.2091064453125,904.9780883789062,891.61767578125,902.232177734375,37205373,37.24636765476207,-34.70638223733533,965.6930267333985,947.6408594077021,936.452392578125
2020-11-06,RELIANCE,918.3847045898438,941.4596557617188,912.9158935546875,936.452392578125,66674086,45.48072152069295,-31.136992258753367,960.9788055419922,946.5752911382185,946.397705078125
2020-11-09,RELIANCE,951.6588134765625,954.8431396484375,939.6136474609375,946.397705078125,35838510,47.6314310028242,-27.192265868026766,956.6787811279297,946.5583781801143,962.0194702148438
2020-11-10,RELIANCE,958.53515625,964.53466796875,942.0134887695312,962.0194702148438,36934242,50.90743008231919,-22.545604202072354,952.1526184082031,948.0308631358029,921.7074584960938
2020-11-11,RELIANCE,964.0731811523438,966.8421630859375,912.892822265625,921.7074584960938,56724780,43.3681036515309,-21.86390036497619,945.4539459228515,945.5238722177353,913.7696533203125
2020-11-12,RELIANCE,914.231201171875,926.8993530273438,906.84716796875,913.7696533203125,40046527,42.047589308221895,-21.713855887085856,940.2274597167968,942.4996608941711,921.3382568359375
2020-11-13,RELIANCE,914.6926879882812,939.9136352539062,914.5773315429688,921.3382568359375,45388670,43.80459629765438,-20.74508507966209,936.0878051757812,940.4842890791012,924.0610961914062
2020-11-14,RELIANCE,929.8760375976562,930.0606079101562,920.8536987304688,924.0610961914062,5226220,44.45700868077714,-19.5324588280572,932.075064086914,938.9201754707494,919.884521484375
2020-11-17,RELIANCE,962.2271728515625,962.2271728515625,916.0771484375,919.884521484375,46542562,43.62045368590847,-18.692977452824607,928.3219146728516,937.1072560434757,917.0924682617188
2020-11-18,RELIANCE,919.884521484375,925.9994506835938,904.5858154296875,917.0924682617188,30402290,43.037426673393,-18.0449666329788,925.1514099121093,935.2010857785465,910.6083984375
2020-11-19,RELIANCE,917.0924682617188,927.8223266601562,908.323974609375,910.6083984375,27796343,41.6453173315257,-17.84887293807469,922.0639770507812,932.8589250793992,876.6189575195312
2020-11-20,RELIANCE,911.462158203125,915.5233764648438,874.5421752929688,876.6189575195312,57471248,35.214957922963535,-20.203240709733336,917.1363128662109,927.5027376927452,900.2477416992188
2020-11-23,RELIANCE,900.3861694335938,909.1546630859375,888.9640502929688,900.2477416992188,45327567,41.92797954387099,-19.93267722635983,915.3272338867188,924.9070237885999,906.4087524414062
2020-11-24,RELIANCE,906.3856811523438,911.0006713867188,891.61767578125,906.4087524414062,30936268,43.569890010527985,-19.00206763201686,913.7015991210938,923.1452836602957,898.9093627929688
2020-11-25,RELIANCE,913.7696533203125,919.74609375,896.3250122070312,898.9093627929688,32637879,42.01276861020363,-18.654651680973643,912.2328735351563,920.8371007205503,901.1245727539062
2020-11-26,RELIANCE,901.332275390625,906.84716796875,890.7177734375,901.1245727539062,25838637,42.66459591290378,-17.993159167677277,910.5184020996094,918.9597171046795,890.6023559570312
2020-11-27,RELIANCE,895.5404052734375,902.7398071289062,886.7257690429688,890.6023559570312,47336811,40.34472425704204,-18.109224673333415,907.6409484863282,916.2590160429986,902.18603515625
2020-12-01,RELIANCE,895.47119140625,907.424072265625,890.7177734375,902.18603515625,19750687,43.95747481691555,-17.069732074427407,909.4281066894531,914.9187321490226,903.6859130859375
2020-12-02,RELIANCE,903.847412109375,905.4627075195312,893.002197265625,903.6859130859375,22188887,44.426772934716666,-15.941139552979735,911.914437866211,913.8489398573003,906.4087524414062
2020-12-03,RELIANCE,910.0776977539062,914.27734375,903.9166259765625,906.4087524414062,27785372,45.32192155865959,-14.658042676731498,913.0878021240235,913.140350579596,898.4248046875
2020-12-04,RELIANCE,908.6931762695312,908.6931762695312,895.3096923828125,898.4248046875,18464552,43.12824945134055,-14.122620242071093,912.8974334716797,911.7388700184439,903.708984375
2020-12-07,RELIANCE,895.5866088867188,906.84716796875,895.5866088867188,903.708984375,18242188,45.02484376875505,-13.12065818580345,911.2602630615235,910.9741190047826,920.1152954101562
2020-12-08,RELIANCE,905.0704345703125,929.5760498046875,899.9246826171875,920.1152954101562,43403061,50.53991074819185,-10.877356455885547,909.946142578125,911.8447072338657,935.4370727539062
2020-12-09,RELIANCE,927.5916137695312,938.598388671875,922.653564453125,935.4370727539062,29175254,55.07281377487278,-7.773575352819989,908.6170227050782,914.0915991881553,926.2301635742188
2020-12-10,RELIANCE,932.9680786132812,936.1524047851562,923.461181640625,926.2301635742188,16065507,51.98944071484407,-5.9877045615863835,908.8431579589844,915.247652939209,925.6763916015625
2020-12-11,RELIANCE,928.9991455078125,940.5366821289062,911.1160278320312,925.6763916015625,26944202,51.80158101750364,-4.5644576367966465,909.4384948730469,916.2408661451475,918.984619140625
2020-12-14,RELIANCE,926.6685791015625,929.9221801757812,916.7001953125,918.984619140625,17312747,49.47509735334858,-3.9311781326423443,909.3208129882812,916.5021759542406,911.1622314453125
2020-12-15,RELIANCE,918.2462158203125,918.2462158203125,905.0473022460938,911.1622314453125,18551265,46.82756415336692,-4.0142273614053465,908.6758697509765,915.9936098105331,912.177490234375
2020-12-16,RELIANCE,917.461669921875,920.6691284179688,907.1702270507812,912.177490234375,18561011,47.222318724720296,-3.9525589351103463,908.2905181884765,915.630169850899,916.3540649414062
2020-12-17,RELIANCE,915.846435546875,925.3071899414062,912.4544067382812,916.3540649414062,20252358,48.902920694840475,-3.5260257591316986,908.2535980224609,915.6991122404712,919.0999755859375
2020-12-18,RELIANCE,913.8158569335938,925.2610473632812,906.84716796875,919.0999755859375,18466344,50.029543933912194,-2.932617712187266,908.6781768798828,916.0230039876585,895.1712036132812
2020-12-21,RELIANCE,927.6146850585938,933.1526489257812,856.1975708007812,895.1712036132812,44135540,41.45226410415615,-4.343124639469124,909.6057891845703,914.0371182377178,893.7867431640625
2020-12-22,RELIANCE,899.4631958007812,904.0320434570312,871.5193481445312,893.7867431640625,28140001,41.014135684941735,-5.5091696509298345,909.2827392578125,912.1085110878458,897.0864868164062
2020-12-23,RELIANCE,890.6947021484375,900.5938720703125,886.379638671875,897.0864868164062,19501410,42.572110231790155,-6.096727705865419,908.8166259765625,910.6778421096135,920.2999267578125
2020-12-24,RELIANCE,898.5401611328125,922.4458618164062,898.0325317382812,920.2999267578125,20776988,52.1475838698088,-4.635802452088797,909.8861541748047,911.5942311237277,924.5226440429688
2020-12-28,RELIANCE,926.0917358398438,931.3067016601562,920.8306274414062,924.5226440429688,17221499,53.66121225047035,-3.101518296586619,911.0560577392578,912.8255085446078,918.4077758789062
2020-12-29,RELIANCE,927.1531982421875,928.6761474609375,914.9464721679688,918.4077758789062,18611939,51.13863597553065,-2.3518946289063933,912.4463287353516,913.3571530526362,920.9229125976562
2020-12-30,RELIANCE,920.8075561523438,926.3224487304688,911.7160034179688,920.9229125976562,22043630,52.13532151248206,-1.5371427335998078,913.3831726074219,914.0777015807333,916.2156372070312
2020-12-31,RELIANCE,919.9999389648438,928.4915161132812,913.1235961914062,916.2156372070312,18781189,50.07649757957193,-1.2567962059466709,914.0096588134766,914.2813144975237,917.23095703125
2021-01-01,RELIANCE,917.461669921875,921.6151733398438,914.6926879882812,917.23095703125,10015175,50.53027676918655,-0.9418348526517093,914.5507690429688,914.562232834069,918.7769775390625
2021-01-04,RELIANCE,920.7383422851562,922.4920043945312,908.231689453125,918.7769775390625,24513534,51.25680186076511,-0.5610078276217791,915.5683776855469,914.9636370916875,907.3548583984375
2021-01-05,RELIANCE,908.6931762695312,915.4310913085938,902.6936645507812,907.3548583984375,24123091,45.8940949082469,-1.1674120234731618,915.7506713867188,914.2389915018542,883.4260864257812
2021-01-06,RELIANCE,907.2625122070312,907.3086547851562,879.2264404296875,883.4260864257812,46401468,37.12985557270447,-3.538059091848254,913.9162109375,911.3044291136569,881.9954223632812
2021-01-07,RELIANCE,886.3104248046875,897.6171875,879.2264404296875,881.9954223632812,32325918,36.67885701454355,-5.469210947078295,911.2441284179688,908.5130951374306,892.4022216796875
2021-01-08,RELIANCE,885.1566772460938,894.5712890625,882.433837890625,892.4022216796875,27540187,42.18047704777981,-6.089722444344716,909.5527313232421,906.9787262366932,875.58056640625
2021-01-11,RELIANCE,894.755859375,894.755859375,873.388427734375,875.58056640625,33307825,36.639042642247546,-7.848378055818216,907.0479400634765,903.9884253004606,903.1782836914062
2021-01-12,RELIANCE,878.2341918945312,904.5396728515625,876.8035278320312,903.1782836914062,41161546,48.575376253240925,-6.935274628318211,906.2576232910156,903.9112689567411,894.755859375
2021-01-13,RELIANCE,906.177978515625,911.4390869140625,885.3643798828125,894.755859375,26619458,45.74317468236255,-6.812720040807221,905.4373046875,903.0393251870514,904.8165893554688
2021-01-14,RELIANCE,897.6171875,907.7240600585938,894.8712768554688,904.8165893554688,21553242,49.528727418441676,-5.836498299548225,905.0692596435547,903.2085884411864,894.1328735351562
2021-01-15,RELIANCE,904.8165893554688,910.9083862304688,886.102783203125,894.1328735351562,20593268,45.868820717694206,-5.8574016355148615,903.9582000732422,902.3442346406122,915.5925903320312
2021-01-18,RELIANCE,899.5093383789062,921.6151733398438,887.625732421875,915.5925903320312,35100458,53.32895599811717,-4.095141637042843,903.7828308105469,903.6059828016997,930.5682983398438
2021-01-19,RELIANCE,920.5306396484375,937.30615234375,920.5306396484375,930.5682983398438,32006615,57.70915313569357,-1.4731419494453348,905.552685546875,906.1738223767611,948.2437133789062
2021-01-20,RELIANCE,932.8757934570312,949.7666625976562,923.645751953125,948.2437133789062,30924537,62.21644701736461,2.007923871012963,908.2755340576172,910.1804786626798,968.8727416992188
2021-01-21,RELIANCE,960.8426513671875,978.379638671875,957.6121826171875,968.8727416992188,39087742,66.67988786081378,6.357992811499344,911.8648468017578,915.770217999493,945.8900756835938
2021-01-22,RELIANCE,974.2261352539062,976.2337036132812,939.2213745117188,945.8900756835938,30532660,58.402309054442895,7.860335657511541,913.1443542480469,918.6387758741691,895.7711791992188
2021-01-25,RELIANCE,939.1290893554688,939.1290893554688,891.61767578125,895.7711791992188,54207104,45.21921713498794,4.949719812670537,911.7067810058594,916.4609095241739,874.5421752929688
2021-01-27,RELIANCE,888.38720703125,888.38720703125,871.3117065429688,874.5421752929688,42370131,40.99777932457369,0.9194339267531859,909.5135009765625,912.4686491212019,866.0275268554688
2021-01-28,RELIANCE,867.6889038085938,887.6026611328125,863.0046997070312,866.0275268554688,34067814,39.40868003821033,-2.927906559241933,906.7687316894531,908.045685095894,850.0596313476562
2021-01-29,RELIANCE,874.2191162109375,882.8953247070312,844.544677734375,850.0596313476562,43712383,36.54769042525956,-7.182630438530964,903.4609313964844,902.5232037865379,874.6806640625
2021-02-01,RELIANCE,858.11279296875,879.1571655273438,852.8516845703125,874.6806640625,34180952,43.3739658266303,-8.470179239199751,901.3334167480468,899.8715333366295,888.7564086914062
2021-02-02,RELIANCE,883.4260864257812,895.3096923828125,856.0591430664062,888.7564086914062,41470034,46.891590232337585,-8.259564862042225,899.832388305664,898.8129500370843,890.9946899414062
2021-02-03,RELIANCE,889.91015625,900.84765625,876.8496704101562,890.9946899414062,30301696,47.450612284685185,-7.821875152166285,899.0143798828125,898.0683538374958,888.0641479492188
2021-02-04,RELIANCE,887.9256591796875,895.3096923828125,879.1571655273438,888.0641479492188,25626981,46.7566639538962,-7.623593115005747,899.2462829589844,897.1155723243265,887.810302734375
2021-02-05,RELIANCE,890.7177734375,897.4556884765625,886.0797119140625,887.810302734375,20248046,46.69296350850822,-7.401615147303346,899.5370269775391,896.2293561729026,900.5938720703125
2021-02-08,RELIANCE,892.1022338867188,908.6931762695312,890.2562866210938,900.5938720703125,21183400,50.36065523546602,-6.123579981737407,899.9466094970703,896.6450243536084,902.7628784179688
2021-02-09,RELIANCE,905.4396362304688,918.2000732421875,900.9861450195312,902.7628784179688,19604141,50.976968934750246,-4.879459844438543,901.3057250976562,897.2276771216427,911.1390991210938
2021-02-10,RELIANCE,901.6553344726562,915.9617919921875,889.4486083984375,911.1390991210938,21234156,53.384005602839764,-3.1809269190183613,901.7037658691406,898.5525744549237,948.7052001953125
2021-02-11,RELIANCE,913.7696533203125,952.6279907226562,910.1930541992188,948.7052001953125,42539278,62.31972136929918,1.182808386522197,904.4012329101563,903.3290150016275,942.1980590820312
2021-02-12,RELIANCE,948.6129150390625,958.9966430664062,930.1067504882812,942.1980590820312,30497029,60.16822614363586,4.069121846082567,906.2703063964843,907.0308287235707,938.0445556640625
2021-02-15,RELIANCE,945.1747436523438,951.2896118164062,934.5371704101562,938.0445556640625,15791099,58.773448154191385,5.9527731802468224,908.4658905029297,909.9845170036175,950.4589233398438
2021-02-16,RELIANCE,941.3442993164062,959.6427612304688,939.1521606445312,950.4589233398438,21421660,61.63601909573981,8.351050442628775,910.2092071533203,913.8392223689724,961.4195556640625
2021-02-17,RELIANCE,950.6896362304688,967.2805786132812,946.3515625,961.4195556640625,23742994,64.01194714616766,11.009226369872863,911.7517700195312,918.3706826827905,954.2432250976562
2021-02-18,RELIANCE,962.2271728515625,973.0262451171875,950.2742919921875,954.2432250976562,18646877,61.33364302632499,12.393910753500336,912.0517456054688,921.78711529373,960.05810546875
2021-02-19,RELIANCE,949.30517578125,971.43408203125,947.5975952148438,960.05810546875,23403483,62.695656140700386,13.801401388469571,911.6110137939453,925.4319715008747,926.73779296875
2021-02-22,RELIANCE,959.919677734375,964.488525390625,920.6691284179688,926.73779296875,23804335,51.50087503767928,12.08882466215232,910.6533996582032,925.5563354501962,933.8218383789062
2021-02-23,RELIANCE,945.1516723632812,947.4130249023438,929.2760620117188,933.8218383789062,25644108,53.40575404621509,11.174406921692253,912.5559326171875,926.3435262053115,951.1511840820312
2021-02-24,RELIANCE,936.8446655273438,953.112548828125,935.06787109375,951.1511840820312,10807663,57.77483745275616,11.713037045265423,916.3863830566406,928.7061602888086,989.6171875
2021-02-25,RELIANCE,958.0736694335938,993.1476440429688,956.6891479492188,989.6171875,34855693,65.50652915030112,15.070071892857186,922.5658660888672,934.5072104993983,962.5963745117188
2021-02-26,RELIANCE,976.9951782226562,984.7944946289062,955.627685546875,962.5963745117188,37481215,57.536616743835076,15.372982239992325,928.1927032470703,937.1823689767621,969.9342041015625
2021-03-01,RELIANCE,973.85693359375,974.6876831054688,951.8433837890625,969.9342041015625,17680764,58.99560975232297,16.02046840813432,932.9553802490234,940.3015913696001,971.9186401367188
2021-03-02,RELIANCE,979.3026733398438,982.99462890625,964.1193237304688,971.9186401367188,17150760,59.40186489181349,16.503491290159673,937.113491821289,943.3127388712305,1016.268798828125
2021-03-03,RELIANCE,978.8642578125,1024.4835205078125,972.4724731445312,1016.268798828125,31924461,67.21879429735984,20.231758443309786,943.377197265625,950.2609350576014,1004.1544189453125
2021-03-04,RELIANCE,1006.0696411132812,1010.6615600585938,995.7781982421875,1004.1544189453125,21435754,63.615625558979296,21.955814843948588,949.1817108154297,955.393647808812,1005.4696655273438
2021-03-05,RELIANCE,994.99365234375,1020.8145751953125,993.6322021484375,1005.4696655273438,25511666,63.84223921988356,23.161282522287024,955.0646789550781,960.1627923534342,1011.1923217773438
2021-03-08,RELIANCE,1000.7623901367188,1030.021484375,1000.5316772460938,1011.1923217773438,19506841,64.86754827613649,24.29829920734096,960.5946014404296,965.0227475366637,1011.169189453125
2021-03-09,RELIANCE,1015.2996215820312,1021.6683349609375,990.6555786132812,1011.169189453125,15154484,64.85954194702973,24.910375237205244,966.0149169921875,969.4176467668028,1006.9695434570312
2021-03-10,RELIANCE,1018.5301513671875,1022.268310546875,1001.5700073242188,1006.9695434570312,11519358,63.331264479411196,24.77102856875274,970.8064392089843,972.9940178801579,986.5020751953125
2021-03-12,RELIANCE,1012.9921264648438,1018.2532348632812,980.1795043945312,986.5020751953125,16864952,56.36108725559386,22.74683039374554,972.6962829589844,974.2804995292202,973.2570190429688
2021-03-15,RELIANCE,987.6327514648438,991.7169799804688,960.150390625,973.2570190429688,16698099,52.3460984344861,19.84511132831085,974.2492309570313,974.1830251971962,969.4265747070312
2021-03-16,RELIANCE,975.6106567382812,981.148681640625,967.0729370117188,969.4265747070312,13873801,51.20993901935131,17.03996708411114,975.8183319091797,973.7300299124186,948.543701171875
2021-03-17,RELIANCE,968.249755859375,970.5341796875,939.1983032226562,948.543701171875,19210236,45.42172756185129,12.98214658702932,975.7225708007812,971.3313319371288,927.1993408203125
2021-03-18,RELIANCE,956.6430053710938,962.1348876953125,923.461181640625,927.1993408203125,20647480,40.39592671828293,7.952313786774653,974.0115600585938,967.1282851640987,960.8426513671875
2021-03-19,RELIANCE,918.84619140625,967.2344360351562,915.0618896484375,960.8426513671875,41787429,49.82061919293458,6.604733787046484,974.3415313720703,966.5296533739166,951.7972412109375
2021-03-22,RELIANCE,955.7661743164062,957.150634765625,938.3214721679688,951.7972412109375,18572478,47.639532334696646,4.75209868890272,973.9284881591797,965.1265665012519,963.3809204101562
2021-03-23,RELIANCE,951.589599609375,973.626220703125,948.8436889648438,963.3809204101562,17421165,50.620863835656635,4.170503164210345,975.76064453125,964.9603144925761,944.82861328125
2021-03-24,RELIANCE,959.8042602539062,959.8042602539062,941.644287109375,944.82861328125,16822814,46.09409676176367,2.187353929006349,976.3109832763672,963.0430096153069,919.0538330078125
2021-03-25,RELIANCE,947.920654296875,947.920654296875,916.0771484375,919.0538330078125,22001648,40.65469615277006,-1.4474304101770485,974.7061157226562,958.853564224117,920.5306396484375
2021-03-26,RELIANCE,928.5376586914062,929.3222045898438,910.8622436523438,920.5306396484375,20180202,41.08369349097301,-4.160893047491186,971.2517883300782,955.2037618835761,936.5216064453125
2021-03-30,RELIANCE,926.691650390625,945.5670166015625,919.0999755859375,936.5216064453125,20441701,45.6639720930701,-4.963775049653236,969.9480499267578,953.4245089846938,924.4302978515625
2021-03-31,RELIANCE,931.3067016601562,946.0285034179688,922.5381469726562,924.4302978515625,16250796,42.94530905826339,-6.500795251992145,967.6728546142579,950.6631555434433,933.0834350585938
2021-04-01,RELIANCE,931.3067016601562,936.8446655273438,924.453369140625,933.0834350585938,11723312,45.44838638136987,-6.940651470904868,965.7310943603516,948.9888964496481,919.5845947265625
2021-04-05,RELIANCE,934.5140991210938,934.5371704101562,905.5088500976562,919.5845947265625,14875099,42.3286032857961,-8.283002991173362,960.8968841552735,946.1884867617351,915.754150390625
2021-04-06,RELIANCE,924.845703125,925.2841186523438,908.6931762695312,915.754150390625,14009194,41.45891966343785,-9.545872214864062,956.4768707275391,943.2899785359151,924.31494140625
2021-04-07,RELIANCE,922.9996948242188,944.64404296875,919.9076538085938,924.31494140625,24266353,44.217434114622776,-9.74360269696649,952.4191345214844,941.4828321426137,925.4686889648438
2021-04-08,RELIANCE,928.076171875,933.1526489257812,919.7691650390625,925.4686889648438,15369188,44.596342788721664,-9.695444691694888,948.1329528808594,939.9576756494928,914.7157592773438
2021-04-09,RELIANCE,922.2843627929688,925.93017578125,913.7696533203125,914.7157592773438,14037885,41.749962983758884,-10.40500822740296,943.3102813720703,937.55368361405,881.9954223632812
2021-04-12,RELIANCE,904.0781860351562,905.185791015625,876.965087890625,881.9954223632812,20901482,34.52820059997558,-13.452527808610512,937.0615753173828,932.2624206377862,891.525390625
2021-04-13,RELIANCE,887.9256591796875,895.5866088867188,885.0874633789062,891.525390625,19411189,37.89761001448402,-14.926655051543662,932.3127410888671,928.3827034937115,897.2941284179688
2021-04-15,RELIANCE,888.9871215820312,905.0011596679688,882.8491821289062,897.2941284179688,19723716,39.91342642117442,-15.451309505667155,928.5145965576172,925.4218868198311,891.663818359375
2021-04-16,RELIANCE,893.7406005859375,899.8785400390625,889.0563354492188,891.663818359375,15656948,38.59660183354106,-16.13542180909144,924.6264587402344,922.2068326807401,877.6342163085938
2021-04-19,RELIANCE,878.6956787109375,884.4182739257812,872.2346801757812,877.6342163085938,18478808,35.45743794044748,-17.60669831515156,921.0809844970703,917.9618215976786,877.3804321289062
2021-04-20,RELIANCE,881.6954345703125,885.6181640625,872.4423828125,877.3804321289062,17203668,35.40134753350395,-18.579006585627894,918.5900390625,914.0969273625575,879.8032836914062
2021-04-22,RELIANCE,873.2730712890625,883.5183715820312,866.0967407226562,879.8032836914062,14490954,36.43516791245262,-18.935784090723473,914.5380706787109,910.830866060543,878.8572387695312
2021-04-23,RELIANCE,879.6187133789062,885.572021484375,874.7037353515625,878.8572387695312,11828857,36.191611712923184,-19.07498618574016,910.8910705566407,907.7857586994943,894.3174438476562
2021-04-26,RELIANCE,886.0797119140625,905.4627075195312,882.1569213867188,894.3174438476562,20846778,42.90808371404522,-17.733376183458404,907.4378967285156,906.5030620469383,917.7616577148438
2021-04-27,RELIANCE,895.3096923828125,921.7074584960938,894.5020751953125,917.7616577148438,19992524,51.282483369043526,-14.609973779918391,906.0845489501953,907.5753092534055,921.7536010742188
2021-04-28,RELIANCE,922.0074462890625,926.691650390625,913.8389282226562,921.7536010742188,17122437,52.558541543332005,-11.677922582893643,906.2195373535156,908.9256227601496,934.0987548828125
2021-04-29,RELIANCE,933.5679931640625,943.5364379882812,926.36865234375,934.0987548828125,17412606,56.36496804299397,-8.262851140859425,906.8979431152344,911.323063914689,920.46142578125
2021-04-30,RELIANCE,926.9224243164062,939.6136474609375,917.2540283203125,920.46142578125,19828769,51.45370115078864,-6.580939926389192,906.0949340820313,912.1933840924567,904.1012573242188
2021-05-03,RELIANCE,907.3086547851562,913.3081665039062,896.7403564453125,904.1012573242188,23640186,46.24755687913552,-6.493291416736724,905.078482055664,911.4227053526245,884.5105590820312
2021-05-04,RELIANCE,899.9246826171875,908.139404296875,881.9262084960938,884.5105590820312,21849830,40.90963719878233,-7.913414051949985,902.6498382568359,908.8596438030442,886.1258544921875
2021-05-05,RELIANCE,887.625732421875,894.617431640625,880.5647583007812,886.1258544921875,12393609,41.509094578282564,-8.807008915173583,900.9769012451172,906.694521011534,891.1561889648438
2021-05-06,RELIANCE,886.9334716796875,893.002197265625,879.8955688476562,891.1561889648438,14624666,43.43364561065207,-9.005473833952578,899.7470031738281,905.2146798642302,891.5023193359375
2021-05-07,RELIANCE,894.2713012695312,902.5321655273438,888.8486938476562,891.5023193359375,12288548,43.57123001241366,-9.03072826967275,898.1063720703125,903.9087407662977,888.9409790039062
2021-05-10,RELIANCE,894.8482055664062,898.4478759765625,886.5181274414062,888.9409790039062,13941237,42.742743078616925,-9.151923671499503,896.2799865722657,902.4832396460699,892.1484375
2021-05-11,RELIANCE,883.772216796875,894.6405029296875,881.4646606445312,892.1484375,13478264,44.17426734821077,-8.886716272427748,895.1516204833985,901.4989727750157,882.9183959960938
2021-05-12,RELIANCE,890.7408447265625,892.0330200195312,880.0802001953125,882.9183959960938,13177961,40.997721078905265,-9.313959184891814,895.1977691650391,899.729394034166,894.0636596679688
2021-05-14,RELIANCE,889.7947387695312,896.232666015625,879.6187133789062,894.0636596679688,13291616,46.04321058467734,-8.653470812742398,895.3246826171875,899.1898002850044,904.7012329101562
2021-05-17,RELIANCE,894.0636596679688,906.1318359375,890.8792724609375,904.7012329101562,11873078,50.40264304652151,-7.188797774641785,895.6950378417969,899.7146986302569,917.4385986328125
2021-05-18,RELIANCE,914.231201171875,924.1995849609375,910.3084106445312,917.4385986328125,12064918,55.08238865656828,-4.943252142702704,896.9837768554687,901.4026891066908,921.6382446289062
2021-05-19,RELIANCE,913.7696533203125,930.5913696289062,910.0776977539062,921.6382446289062,16317002,56.53847270536969,-2.792573666222097,899.1839782714844,903.3298848707112,916.2617797851562
2021-05-20,RELIANCE,922.030517578125,928.030029296875,914.231201171875,916.2617797851562,11422532,54.11970574343184,-1.5046367429399652,901.1280456542969,904.5614939101822,924.176513671875
2021-05-21,RELIANCE,919.3076782226562,927.4300537109375,916.5386962890625,924.176513671875,10785605,57.03378426869459,0.15295228755144308,903.3467071533203,906.4295910303434,916.3771362304688
2021-05-24,RELIANCE,926.691650390625,927.5223999023438,914.6926879882812,916.3771362304688,8551760,53.43225566492627,0.8277175464561424,905.2227020263672,907.3769762874982,905.993408203125
2021-05-25,RELIANCE,921.3382568359375,921.6151733398438,904.5396728515625,905.993408203125,14780102,48.99621741019068,0.5186155272177757,905.8065002441406,907.2452078985102,909.177734375
2021-05-26,RELIANCE,911.462158203125,913.5389404296875,906.9856567382812,909.177734375,7480204,50.3573354299051,0.5245517534658575,905.3773040771484,907.4292580391283,911.9698486328125
2021-05-27,RELIANCE,909.2931518554688,919.7691650390625,905.5780639648438,911.9698486328125,26819294,51.57756171367898,0.7459576065232341,904.8881164550781,907.8616952385267,966.7498779296875
2021-05-28,RELIANCE,918.3847045898438,971.4571533203125,918.3847045898438,966.7498779296875,56469931,68.12947659730649,5.28083965631572,906.5206726074218,913.4700935900659,996.9780883789062
2021-05-31,RELIANCE,970.0726318359375,1011.4691772460938,962.250244140625,996.9780883789062,59124142,73.51034892967667,11.184996629665648,910.3465057373047,921.4232359509078,1000.947021484375
2021-06-01,RELIANCE,999.608642578125,1016.22265625,990.609375,1000.947021484375,28013832,74.12799489082806,15.999906339368522,915.1887939453125,928.996929811238,1015.8765258789062
2021-06-02,RELIANCE,995.4551391601562,1019.6838989257812,995.4551391601562,1015.8765258789062,24630162,76.36080761547696,20.78089399708267,921.7570922851562,937.2711770557778,1019.7531127929688
2021-06-03,RELIANCE,1024.9910888671875,1038.3746337890625,1013.4998168945312,1019.7531127929688,23974257,76.9178488048478,24.599106143740073,928.4384552001953,945.1265995069389,1010.9154052734375
2021-06-04,RELIANCE,1022.1298217773438,1022.8912963867188,1008.031005859375,1010.9154052734375,14468646,72.71125024129393,26.605248893623298,934.426416015625,951.3922000561292,1027.9447021484375
2021-06-07,RELIANCE,1016.22265625,1034.6826171875,1008.3771362304688,1027.9447021484375,16336573,75.49252723644345,29.232281865541836,941.24853515625,958.682914541111,1022.0375366210938
2021-06-08,RELIANCE,1027.5755615234375,1027.829345703125,1014.4458618164062,1022.0375366210938,9674735,72.7236519702528,30.486140284486964,947.9033630371093,964.716688072538,1003.7621459960938
2021-06-09,RELIANCE,1024.068115234375,1024.9910888671875,995.8935546875,1003.7621459960938,11409161,64.80453045512067,29.663221670732014,953.4840484619141,968.4353031128767,1007.4541625976562
2021-06-10,RELIANCE,1012.2537231445312,1029.1446533203125,1004.93896484375,1007.4541625976562,14155653,65.61904880952216,28.974962295741193,959.7108367919922,972.1513849685699,1021.3683471679688
2021-06-11,RELIANCE,1007.4080200195312,1028.2216796875,1006.1157836914062,1021.3683471679688,13762778,68.57108885703633,29.215492183670904,966.0760711669922,976.838714701846,1036.02099609375
2021-06-14,RELIANCE,1022.22216796875,1042.1820068359375,1013.0151977539062,1036.02099609375,20332436,71.35991667505034,30.23987372318038,972.6420593261719,982.4751224534559,1038.3746337890625
2021-06-15,RELIANCE,1043.451171875,1049.865966796875,1033.8980712890625,1038.3746337890625,15174215,71.79288800515587,30.885592480847436,978.6888610839844,987.7988854377994,1020.6530151367188
2021-06-16,RELIANCE,1036.02099609375,1037.01318359375,1017.9993896484375,1020.6530151367188,10797349,63.953251097868495,29.625834549706155,983.639599609375,990.9278501710298,1022.5220947265625
2021-06-17,RELIANCE,1015.2996215820312,1031.4521484375,1006.0234985351562,1022.5220947265625,15745975,64.39485848807207,28.450328735611947,988.9526153564453,993.9368258429853,1027.1370849609375
2021-06-18,RELIANCE,1027.06787109375,1031.4521484375,1008.0771484375,1027.1370849609375,29369026,65.51813994820728,27.573275495566804,994.1006439208984,997.0987552827903,1032.490478515625
2021-06-21,RELIANCE,1016.9149169921875,1037.2208251953125,1015.368896484375,1032.490478515625,12186448,66.82558143995585,26.998951497095618,999.9063110351562,1000.4693955906793,1027.1832275390625
2021-06-22,RELIANCE,1040.2205810546875,1043.451171875,1024.2296142578125,1027.1832275390625,12871913,64.22563085135232,25.817931745210217,1005.9658020019531,1003.0135700619539,1017.7686767578125
2021-06-23,RELIANCE,1038.3746337890625,1038.6514892578125,1016.0841674804688,1017.7686767578125,16653951,59.78229070728587,23.847391629471417,1011.3953491210938,1004.4188183187023,993.8399047851562
2021-06-24,RELIANCE,1018.4609375,1022.0375366210938,987.6096801757812,993.8399047851562,91461975,50.26391236695927,20.122908114997358,1015.4888519287109,1003.4113027440789,971.2033081054688
2021-06-25,RELIANCE,993.8399047851562,993.8399047851562,960.4273071289062,971.2033081054688,55355022,43.248727082172685,15.16977618915223,1015.7115234375,1000.343874683259,962.6886596679688
2021-06-28,RELIANCE,979.3026733398438,981.37939453125,960.3811645507812,962.6886596679688,20277042,40.934466478494095,10.437011116177814,1013.9970520019531,996.7576637294219,963.5193481445312
2021-06-29,RELIANCE,964.3038940429688,973.3031616210938,961.8118286132812,963.5193481445312,27144063,41.26467967295519,6.676329742420194,1012.1256683349609,993.5921098641943,974.0646362304688
2021-06-30,RELIANCE,967.4190063476562,979.6026000976562,965.0192260742188,974.0646362304688,19762858,45.435089049047704,4.495062989295548,1010.0350738525391,991.7323504705062,968.20361328125
2021-07-01,RELIANCE,977.4566650390625,979.8333740234375,966.8421630859375,968.20361328125,12534407,43.5828598430992,2.2673215316185633,1007.4575988769532,989.4915183572436,982.5562133789062
2021-07-02,RELIANCE,967.76513671875,984.3330078125,965.8960571289062,982.5562133789062,14086620,49.05943381280651,1.6410383855978807,1006.0396392822265,988.8310131212115,992.3169555664062
2021-07-05,RELIANCE,985.9713134765625,993.8629760742188,983.6868896484375,992.3169555664062,11702287,52.4406340240015,1.910294119364039,1004.258251953125,989.1630076398014,980.5948486328125
2021-07-06,RELIANCE,989.8941040039062,991.7169799804688,978.4719848632812,980.5948486328125,10070124,48.29477274055907,1.164382883374401,1002.1861175537109,988.3469924962787,973.7877197265625
2021-07-07,RELIANCE,981.956298828125,981.956298828125,968.2266845703125,973.7877197265625,10454892,46.0195087632852,0.023691342617667033,1000.6873962402344,986.9603950896391,965.7345581054688
2021-07-08,RELIANCE,976.9721069335938,976.9721069335938,960.3811645507812,965.7345581054688,11185460,43.413682744848174,-1.5127002940469083,998.601416015625,984.9388868054324,955.8584594726562
2021-07-09,RELIANCE,963.6116333007812,965.3192138671875,953.5048217773438,955.8584594726562,9037675,40.39294745664605,-3.4870241134921116,995.3259216308594,982.169322297549,961.8118286132812
2021-07-12,RELIANCE,959.8042602539062,969.8419189453125,957.3814086914062,961.8118286132812,8585292,42.969024898742454,-4.519208210232932,991.6154632568359,980.2305133752377,969.01123046875
2021-07-13,RELIANCE,969.149658203125,970.5572509765625,963.6347045898438,969.01123046875,6717133,46.00787961733284,-4.702087246727615,988.1472930908203,979.1620102412865,962.6886596679688
2021-07-14,RELIANCE,969.3111572265625,972.3109130859375,960.4965209960938,962.6886596679688,8532544,43.80058153295849,-5.296148125562354,985.2490753173828,977.5931197104942,961.0042114257812
2021-07-15,RELIANCE,966.8421630859375,966.8421630859375,959.2274169921875,961.0042114257812,9448356,43.205851338467106,-5.835597413193568,982.1731811523438,976.0132236833787,974.8722534179688
2021-07-16,RELIANCE,963.4962768554688,975.956787109375,963.4270629882812,974.8722534179688,8828185,49.30848804518774,-5.085457779759395,979.5599395751954,975.9045598485777,968.6651000976562
2021-07-19,RELIANCE,969.149658203125,980.2256469726562,965.5730590820312,968.6651000976562,8354449,46.88038506788137,-4.934945137751697,976.3686706542969,975.215087491347,966.288330078125
2021-07-20,RELIANCE,968.9188842773438,972.8416748046875,961.7656860351562,966.288330078125,6741464,45.94737676535297,-4.950383324201084,973.32392578125,974.3649201186593,978.7026977539062
2021-07-22,RELIANCE,977.9181518554688,980.1795043945312,968.2958984375,978.7026977539062,7972397,51.38925411752562,-3.9157442160953906,971.3706268310547,974.7780417982067,971.7802124023438
2021-07-23,RELIANCE,985.04833984375,985.04833984375,970.095703125,971.7802124023438,9937030,48.45948820262053,-3.6127267182330343,970.2676422119141,974.492534236696,958.4659423828125
2021-07-26,RELIANCE,972.8416748046875,978.8411254882812,955.8123168945312,958.4659423828125,12389668,43.341444523316895,-4.396256181941794,969.6307739257812,972.9661921553737,948.3821411132812
2021-07-27,RELIANCE,958.44287109375,961.627197265625,942.3826904296875,948.3821411132812,10824523,39.9040182188864,-5.764438556127061,968.9154479980468,970.6248539608888,940.2366943359375
2021-07-28,RELIANCE,949.7666625976562,949.7666625976562,930.4990234375,940.2366943359375,12897848,37.328604058649766,-7.4204639363040314,967.7513153076172,967.7307435204173,947.5745239257812
2021-07-29,RELIANCE,947.920654296875,957.3352661132812,943.0287475585938,947.5745239257812,13765738,41.02145596095475,-8.048002099517134,966.4268096923828,965.8111035590234,939.2906494140625
2021-07-30,RELIANCE,949.7666625976562,954.3585815429688,937.352294921875,939.2906494140625,11350608,38.27921202286661,-9.108769828330878,964.9811614990234,963.2853460214081,956.4584350585938
2021-08-02,RELIANCE,948.0591430664062,959.6427612304688,941.9904174804688,956.4584350585938,10925104,46.2922536330551,-8.466542045036363,963.6762725830079,962.6351640249496,963.4962768554688
2021-08-03,RELIANCE,964.53466796875,964.9961547851562,952.6279907226562,963.4962768554688,11817299,49.203694437232976,-7.305464042476046,962.235238647461,962.7171747707134,970.8803100585938
2021-08-04,RELIANCE,966.5652465820312,975.6106567382812,963.150146484375,970.8803100585938,13169800,52.13542507499431,-5.7234947075429545,961.74951171875,963.494616226702,984.9560546875
2021-08-05,RELIANCE,975.7490844726562,994.4398193359375,971.1110229492188,984.9560546875,21252078,57.205791628635744,-3.2959836091210946,962.3079284667969,965.538562746778,964.0962524414062
2021-08-06,RELIANCE,982.9715576171875,990.8170776367188,959.3427734375,964.0962524414062,16620987,48.933026090386505,-3.020556191423452,962.2260131835938,965.4011998605522,958.6043701171875
2021-08-09,RELIANCE,960.3811645507812,964.4423828125,953.6893920898438,958.6043701171875,7494143,47.005692499272975,-3.2084420616387206,962.3633087158203,964.7538827421365,963.6347045898438
2021-08-10,RELIANCE,960.8426513671875,975.149169921875,957.0352783203125,963.6347045898438,11919198,48.987633012536506,-2.9178024058786605,962.4544525146484,964.6472943466802,977.1336059570312
2021-08-11,RELIANCE,967.7420654296875,978.379638671875,961.48876953125,977.1336059570312,9184963,53.96330535014445,-1.5800065277055637,962.8605712890625,965.8364668809993,973.9954223632812
2021-08-12,RELIANCE,980.6409912109375,981.240966796875,971.4571533203125,973.9954223632812,8137612,52.67694835547294,-0.7642095135076943,963.4259094238281,966.6135102602642,990.2171020507812
2021-08-13,RELIANCE,977.1336059570312,992.1785278320312,973.2800903320312,990.2171020507812,12780901,58.22095379388469,1.1776937577413946,964.8865539550782,968.8614713831706,1003.0698852539062
2021-08-16,RELIANCE,991.9246826171875,1016.6841430664062,982.140869140625,1003.0698852539062,21935444,62.0177527820569,3.7110001801061117,966.296435546875,972.1194155613359,998.801025390625
2021-08-17,RELIANCE,1000.9239501953125,1008.4694213867188,991.232421875,998.801025390625,12658169,60.065293057879806,5.312957984259924,967.8032318115235,974.6605212593635,1002.6776123046875
2021-08-18,RELIANCE,1003.3006591796875,1009.2078247070312,993.424560546875,1002.6776123046875,10075860,61.258097673323164,6.816750000781326,969.6226959228516,977.3288156446324,991.4170532226562
2021-08-20,RELIANCE,988.994140625,1002.3776245117188,986.2251586914062,991.4170532226562,9426282,56.0234906272534,7.0189726510473065,970.258413696289,978.6705525568251,997.9241943359375
2021-08-23,RELIANCE,1003.3006591796875,1003.3006591796875,984.0560913085938,997.9241943359375,9854395,58.244008798662,7.616509088058365,971.5656127929688,980.5042327262644,1007.7772216796875
2021-08-24,RELIANCE,999.1702270507812,1011.607666015625,994.8090209960938,1007.7772216796875,11864472,61.420545018628864,8.783863075097656,974.0311767578125,983.101660245638,1016.49951171875
2021-08-25,RELIANCE,1008.561767578125,1024.5296630859375,1006.1157836914062,1016.49951171875,13380559,64.0292783347539,10.294150867773396,977.437045288086,986.2824080049819,1029.352294921875
2021-08-26,RELIANCE,1018.9916381835938,1036.02099609375,1017.6071166992188,1029.352294921875,18589616,67.51510947670991,12.385405765785322,981.8928253173829,990.3843019970669,1027.9447021484375
2021-08-27,RELIANCE,1032.3751220703125,1035.02880859375,1022.7067260742188,1027.9447021484375,10480636,66.75217516603834,13.77042250719262,985.9113342285157,993.9614829638641,1047.719970703125
2021-08-30,RELIANCE,1038.3746337890625,1050.304443359375,1032.2828369140625,1047.719970703125,14027062,71.60656024255555,16.27613599263259,991.3328002929687,999.0813389390318,1042.1358642578125
2021-08-31,RELIANCE,1050.7889404296875,1053.9501953125,1034.7979736328125,1042.1358642578125,26485463,68.56236329082884,17.608363012737186,995.6166717529297,1003.1817699217727,1046.2662353515625
2021-09-01,RELIANCE,1048.9891357421875,1058.1729736328125,1044.3741455078125,1046.2662353515625,11145486,69.59210054022743,18.780953807901938,999.7551696777343,1007.2850523436574,1058.865234375
2021-09-02,RELIANCE,1040.68212890625,1065.04931640625,1040.68212890625,1058.865234375,9956770,72.54611118271545,20.490670691363334,1004.1544158935546,1012.1974506323568,1102.2923583984375
2021-09-03,RELIANCE,1066.0645751953125,1105.2921142578125,1062.6033935546875,1102.2923583984375,30664428,79.82233749874241,25.060952551314017,1010.0212310791015,1020.7779180386502,1119.4140625
2021-09-06,RELIANCE,1113.59912109375,1144.5196533203125,1113.1375732421875,1119.4140625,33641710,81.86328383711943,29.721896756797946,1017.7871215820312,1030.1718365587788,1126.4749755859375
2021-09-07,RELIANCE,1121.444580078125,1134.3665771484375,1113.1375732421875,1126.4749755859375,17349882,82.6429955687806,33.5981863177301,1026.1806518554688,1039.3435640851749,1122.067626953125
2021-09-08,RELIANCE,1131.59765625,1132.5206298828125,1110.6685791015625,1122.067626953125,14301651,80.32180864774168,35.90069663757822,1034.1022979736329,1047.2220462630748,1119.4140625
2021-09-09,RELIANCE,1120.4754638671875,1125.0673828125,1115.02978515625,1119.4140625,8963249,78.88520637677036,37.08385261114063,1041.2163208007812,1054.0974763808772,1094.469970703125
2021-09-13,RELIANCE,1122.8291015625,1122.8291015625,1092.854736328125,1094.469970703125,16311160,66.79179271508528,35.59837657687467,1047.2400482177734,1057.9424758401387,1093.039306640625
2021-09-14,RELIANCE,1096.0621337890625,1104.83056640625,1091.9085693359375,1093.039306640625,8908356,66.16526819160256,33.91473552422326,1052.3811584472655,1061.2850311544707,1097.5850830078125
2021-09-15,RELIANCE,1093.0623779296875,1105.63818359375,1093.0623779296875,1097.5850830078125,9071075,67.21750164362032,32.57177685386773,1057.106918334961,1064.7421789500272,1120.6138916015625
2021-09-16,RELIANCE,1099.0849609375,1124.5596923828125,1092.3701171875,1120.6138916015625,13448882,71.97279433827671,32.98546887341672,1063.197561645508,1070.0632944406495,1103.2384033203125
2021-09-17,RELIANCE,1128.82861328125,1133.3743896484375,1096.3389892578125,1103.2384033203125,34882133,64.38414681017193,31.547604936115704,1068.225601196289,1073.222828619665,1104.9921875
2021-09-20,RELIANCE,1094.7237548828125,1116.068115234375,1093.754638671875,1104.9921875,11779819,64.78771234686707,30.20145950742358,1073.9043579101562,1076.2484818463636,1109.7686767578125
2021-09-21,RELIANCE,1109.9071044921875,1115.260498046875,1100.215576171875,1109.7686767578125,9915736,65.920330288388,29.183641468388487,1079.49658203125,1079.4408813617397,1121.6754150390625
2021-09-22,RELIANCE,1111.2916259765625,1126.9825439453125,1106.7919921875,1121.6754150390625,10995912,68.62917334868546,29.0034538480661,1085.1914916992187,1083.463217902437,1149.0885009765625
2021-09-23,RELIANCE,1129.4747314453125,1152.3651123046875,1128.597900390625,1149.0885009765625,15748397,73.79383367486471,30.718556398690225,1091.8209411621094,1089.7132448618775,1145.765625
2021-09-24,RELIANCE,1155.387939453125,1156.2647705078125,1140.82763671875,1145.765625,15192163,72.24129575755998,31.447155967018034,1097.6416076660157,1095.0515667797938,1165.033203125
2021-09-27,RELIANCE,1147.7501220703125,1167.5484619140625,1142.3505859375,1165.033203125,15373834,75.46467652813898,33.19663871608395,1104.4960327148438,1101.7164845269563,1175.9246826171875
2021-09-28,RELIANCE,1169.4405517578125,1183.700927734375,1159.65673828125,1175.9246826171875,18035258,77.08456445998934,35.05784278135479,1110.906268310547,1108.7839319641212,1166.6024169921875
2021-09-29,RELIANCE,1186.0545654296875,1186.0545654296875,1163.002685546875,1166.6024169921875,9719875,72.66252181082898,35.37287500165121,1117.1295959472657,1114.2904543477466,1162.6334228515625
2021-09-30,RELIANCE,1165.287109375,1169.717529296875,1153.9111328125,1162.6334228515625,13590654,70.80028804775928,34.8999705134388,1122.9479553222657,1118.8945465862053,1164.6871337890625
2021-10-01,RELIANCE,1154.6495361328125,1172.1173095703125,1151.442138671875,1164.6871337890625,8958928,71.2114258660292,34.29556963007053,1128.2390502929688,1123.2557453674297,1179.662841796875
2021-10-04,RELIANCE,1178.2091064453125,1188.2928466796875,1170.84814453125,1179.662841796875,10918552,74.07768454083819,34.62584684594617,1132.1075744628906,1128.6278497892815,1204.1453857421875
2021-10-05,RELIANCE,1179.17822265625,1205.4376220703125,1175.6015625,1204.1453857421875,13533634,77.94383757356216,36.44303794979419,1136.344140625,1135.8199960705106,1181.370361328125
2021-10-06,RELIANCE,1209.1064453125,1209.1064453125,1177.332275390625,1181.370361328125,10258881,67.81178534930064,35.63464683345592,1139.0889099121093,1140.1581260950452,1187.1622314453125
2021-10-07,RELIANCE,1197.592041015625,1199.32275390625,1184.9931640625,1187.1622314453125,6336665,68.91831938039965,35.05722865383905,1142.3436401367187,1144.6347075569754,1232.781494140625
2021-10-08,RELIANCE,1193.0924072265625,1238.8502197265625,1191.36181640625,1232.781494140625,15772493,75.93545251993388,37.84446637879273,1148.01201171875,1153.0296396125611,1224.197509765625
2021-10-11,RELIANCE,1246.6956787109375,1255.279541015625,1220.82861328125,1224.197509765625,14768666,72.61346699220648,38.91216138263053,1154.498388671875,1159.8075320080911,1231.189208984375
2021-10-12,RELIANCE,1220.6671142578125,1238.2041015625,1218.9364013671875,1231.189208984375,6682011,73.62554760062154,39.86297351553617,1161.4058837890625,1166.6057869582135,1243.718994140625
2021-10-13,RELIANCE,1236.3580322265625,1255.048828125,1231.8814697265625,1243.718994140625,9959762,75.38139609431612,41.15315991685202,1168.712579345703,1173.949901927967,1246.234130859375
2021-10-14,RELIANCE,1246.2110595703125,1254.102783203125,1240.142333984375,1246.234130859375,8623469,75.7306683279124,41.89564552602428,1174.9935913085938,1180.8341142071488,1249.5570068359375
2021-10-18,RELIANCE,1231.5584716796875,1266.8170166015625,1228.6510009765625,1249.5570068359375,13594479,76.2108621422608,42.26499449400717,1182.309521484375,1187.3791516003666,1260.748291015625
2021-10-19,RELIANCE,1257.033203125,1269.74755859375,1249.7415771484375,1260.748291015625,8833409,77.80376240800766,42.96547012150177,1190.0973266601563,1194.3666886875342,1246.234130859375
2021-10-20,RELIANCE,1265.7786865234375,1265.7786865234375,1242.1268310546875,1246.234130859375,12710570,71.14980150203586,41.86681608360982,1196.9205993652345,1199.3064450848524,1210.2833251953125
2021-10-21,RELIANCE,1258.6947021484375,1258.9715576171875,1201.3763427734375,1210.2833251953125,20831669,57.93347831859493,37.66106199999581,1201.3509948730468,1200.3518622382296,1212.544677734375
2021-10-22,RELIANCE,1209.1295166015625,1229.8509521484375,1205.206787109375,1212.544677734375,11027475,58.456220196726676,34.117162427630774,1204.5238037109375,1201.513082761672,1200.730224609375
2021-10-25,RELIANCE,1236.819580078125,1236.819580078125,1186.0545654296875,1200.730224609375,17198417,54.63623657176774,30.009339864637013,1207.2720336914062,1201.4385248424055,1228.0740966796875
2021-10-26,RELIANCE,1207.791259765625,1231.6968994140625,1201.353271484375,1228.0740966796875,9750178,60.990084973094625,28.630251128701957,1210.4240783691407,1203.9752459697656,1212.544677734375
2021-10-27,RELIANCE,1223.8975830078125,1235.3427734375,1209.1064453125,1212.544677734375,9896298,56.17758527256524,25.984683785779907,1212.255078125,1204.7913823283,1199.25341796875
2021-10-28,RELIANCE,1209.1295166015625,1217.4134521484375,1195.515380859375,1199.25341796875,9886181,52.36885532012001,22.55555265220687,1213.887628173828,1204.2639571512,1170.47900390625
2021-10-29,RELIANCE,1198.122802734375,1198.122802734375,1154.5341796875,1170.47900390625,14233025,45.22090693253589,17.316473261632837,1214.2799072265625,1201.0463425564428,1171.1943359375
2021-11-01,RELIANCE,1170.47900390625,1179.5936279296875,1151.0267333984375,1171.1943359375,15481114,45.420352743138125,13.071506228643102,1214.6052673339843,1198.2032943070196,1154.1187744140625
2021-11-02,RELIANCE,1174.51708984375,1175.901611328125,1151.5574951171875,1154.1187744140625,10569130,41.532988238178994,8.234561266697483,1213.3280639648438,1194.0047686029284,1146.1810302734375
2021-11-03,RELIANCE,1156.5416259765625,1162.9796142578125,1135.7510986328125,1146.1810302734375,11989430,39.826573887223674,3.717880510175064,1210.4298461914063,1189.4501268572626,1153.2188720703125
2021-11-04,RELIANCE,1150.4959716796875,1156.010986328125,1149.1346435546875,1153.2188720703125,1705656,42.098067208016126,0.6982247843293408,1209.0222717285155,1185.9995311632674,1154.6495361328125
2021-11-08,RELIANCE,1162.70263671875,1162.9796142578125,1133.628173828125,1154.6495361328125,20337183,42.57264606015045,-1.561432281182988,1207.3966369628906,1183.013817350843,1163.76416015625
2021-11-09,RELIANCE,1156.05712890625,1167.0869140625,1147.773193359375,1163.76416015625,15682497,45.63009803931492,-2.586932256211412,1203.9457702636719,1181.1805166656438,1176.7784423828125
2021-11-10,RELIANCE,1161.4566650390625,1180.5166015625,1155.43408203125,1176.7784423828125,10253470,49.7443587004728,-2.32272958317526,1201.5748168945313,1180.7612714958505,1178.9244384765625
2021-11-11,RELIANCE,1172.232666015625,1186.2852783203125,1170.1558837890625,1178.9244384765625,10722478,50.410727084736536,-1.9180727625407599,1198.9615783691406,1180.586335017823,1196.7152099609375
2021-11-12,RELIANCE,1182.7779541015625,1199.32275390625,1180.0550537109375,1196.7152099609375,8712341,55.65974752417524,-0.15996872183654887,1196.6113891601562,1182.1224183457389,1189.654296875
2021-11-15,RELIANCE,1199.8995361328125,1200.9149169921875,1186.0545654296875,1189.654296875,4803269,53.250587253948595,0.6560225023079056,1193.7823974609375,1182.8397401104303,1162.010498046875
2021-11-16,RELIANCE,1187.0006103515625,1188.362060546875,1151.442138671875,1162.010498046875,11337581,45.03247900928993,-0.917347499278776,1189.4050720214843,1180.8560027710441,1137.1356201171875
2021-11-17,RELIANCE,1153.2650146484375,1153.2650146484375,1135.7510986328125,1137.1356201171875,10202029,39.17390126114949,-4.123911437941388,1183.2244384765625,1176.6921568040102,1141.427490234375
2021-11-18,RELIANCE,1135.28955078125,1148.673095703125,1130.6976318359375,1141.427490234375,8505625,40.60956633368882,-6.246809084947699,1177.9841064453126,1173.3336171307114,1090.8702392578125
2021-11-22,RELIANCE,1124.259765625,1130.213134765625,1084.986083984375,1090.8702392578125,24124307,31.25200601003462,-11.871916332613182,1172.0134521484374,1165.4799620951972,1101.0693359375
2021-11-23,RELIANCE,1076.7021484375,1108.176513671875,1065.6031494140625,1101.0693359375,25326999,34.5295070288353,-15.33015599285909,1166.4396850585938,1159.345616746845,1085.1707763671875
2021-11-24,RELIANCE,1098.36962890625,1112.16845703125,1081.5479736328125,1085.1707763671875,16820296,31.970819093597655,-19.13316155002417,1160.6617126464844,1152.2813462344968,1150.4959716796875
2021-11-25,RELIANCE,1095.13916015625,1154.672607421875,1087.8243408203125,1150.4959716796875,42401936,48.769149841321074,-16.683555889825584,1156.7828063964844,1152.1113105626102,1113.41455078125
2021-11-26,RELIANCE,1138.8892822265625,1143.4119873046875,1108.2918701171875,1113.41455078125,15763138,42.37297692233836,-17.532285248920516,1151.8263000488282,1148.4259048691474,1126.7518310546875
2021-11-29,RELIANCE,1125.644287109375,1153.7496337890625,1107.1842041015625,1126.7518310546875,24325354,45.158946649580784,-16.93350344008627,1148.201220703125,1146.3617073630085,1110.0916748046875
2021-11-30,RELIANCE,1138.9815673828125,1142.62744140625,1102.453857421875,1110.0916748046875,32172299,42.40137608227187,-17.600413308491852,1145.1818542480469,1142.90741854793,1138.5201416015625
2021-12-01,RELIANCE,1122.8291015625,1141.7506103515625,1119.1832275390625,1138.5201416015625,10104610,48.21258051748319,-15.654548608392133,1143.54814453125,1142.489582648276,1145.8348388671875
2021-12-02,RELIANCE,1139.76611328125,1151.995849609375,1136.0279541015625,1145.8348388671875,12720411,49.620997371560016,-13.36810270982096,1143.1339477539063,1142.8081784786486,1111.406982421875
2021-12-03,RELIANCE,1153.01123046875,1153.057373046875,1107.599609375,1111.406982421875,19222481,43.60945500915279,-14.170766377975951,1141.395245361328,1139.8175883780036,1090.3394775390625
2021-12-06,RELIANCE,1114.983642578125,1119.1370849609375,1087.8243408203125,1090.3394775390625,10332254,40.385192570749695,-16.318742389227737,1138.2512756347655,1135.1053873457236,1099.223388671875
2021-12-07,RELIANCE,1096.5928955078125,1109.445556640625,1089.1396484375,1099.223388671875,11235122,42.32178108329205,-17.10697293571957,1135.4799682617188,1131.6880541386904,1115.9527587890625
2021-12-08,RELIANCE,1118.7218017578125,1122.2752685546875,1110.507080078125,1115.9527587890625,8744178,45.88668179665143,-16.19504457464018,1133.0893981933593,1130.189454581583,1133.6512451171875
2021-12-09,RELIANCE,1123.7520751953125,1142.1658935546875,1119.1370849609375,1133.6512451171875,13213547,49.44650172650368,-13.88416681172589,1130.933038330078,1130.5191489183073,1134.8050537109375
2021-12-10,RELIANCE,1126.1749267578125,1138.05859375,1121.6060791015625,1134.8050537109375,8364414,49.6789124758998,-11.823384211517123,1128.727069091797,1130.9273303271293,1112.0531005859375
2021-12-13,RELIANCE,1141.5198974609375,1141.7967529296875,1109.445556640625,1112.0531005859375,12901733,45.260243370673024,-11.889042147689452,1124.493963623047,1129.129784637492,1098.4388427734375
2021-12-14,RELIANCE,1098.36962890625,1110.36865234375,1095.32373046875,1098.4388427734375,12991523,42.806714001124504,-12.891033551127293,1119.9331909179687,1126.2068377932965,1095.2314453125
2021-12-15,RELIANCE,1100.215576171875,1109.9071044921875,1089.647216796875,1095.2314453125,9366969,42.22595315203742,-13.785023951831135,1116.59423828125,1123.256800414173,1109.3994140625
2021-12-16,RELIANCE,1110.2301025390625,1114.7528076171875,1093.131591796875,1109.3994140625,9761279,45.72859701373536,-13.198141158059798,1115.2074279785156,1121.9370493330614,1080.1173095703125
2021-12-17,RELIANCE,1106.69970703125,1111.2916259765625,1070.6795654296875,1080.1173095703125,21049821,40.29162216009997,-14.923820909803226,1112.1419189453125,1117.9542169747044,1050.9967041015625
2021-12-20,RELIANCE,1069.6873779296875,1069.6873779296875,1037.0362548828125,1050.9967041015625,14325846,35.74055227827597,-18.42878843463268,1110.1482421875,1111.5773109867862,1066.6414794921875
2021-12-21,RELIANCE,1066.6876220703125,1082.6785888671875,1057.8499755859375,1066.6414794921875,12836561,39.682370835442626,-19.71681465871302,1108.4268493652344,1107.2977079873006,1091.9547119140625
2021-12-22,RELIANCE,1072.94091796875,1094.6314697265625,1071.6026611328125,1091.9547119140625,17658543,45.50693985419416,-18.48196977317093,1108.766046142578,1105.8364702660397,1091.5625
2021-12-23,RELIANCE,1095.6005859375,1098.36962890625,1088.23974609375,1091.5625,9072401,45.43373231537996,-17.335165530940003,1105.8193725585938,1104.4770445264169,1095.046875
2021-12-24,RELIANCE,1093.754638671875,1103.9075927734375,1078.7789306640625,1095.046875,7886494,46.260832089993144,-15.961164594366664,1104.9009887695313,1103.5789331429487,1093.8699951171875
2021-12-27,RELIANCE,1089.85498046875,1097.4466552734375,1083.6478271484375,1093.8699951171875,4017223,46.00717259062703,-14.796656676371185,1103.2568969726562,1102.6542723785903,1106.8612060546875
2021-12-28,RELIANCE,1096.3389892578125,1109.837890625,1095.1622314453125,1106.8612060546875,6374613,49.31125883756821,-12.679334139606908,1103.0953735351563,1103.054932728695,1108.75341796875
2021-12-29,RELIANCE,1103.4461669921875,1116.3681640625,1099.3387451171875,1108.75341796875,15425312,49.7931875218002,-10.725023690141597,1101.6070373535156,1103.5976456087,1088.7242431640625
2021-12-30,RELIANCE,1107.599609375,1109.884033203125,1082.4940185546875,1088.7242431640625,29333171,44.92429175790603,-10.6694152176849,1098.7515075683593,1102.1811310901633,1092.90087890625
2021-12-31,RELIANCE,1095.13916015625,1100.16943359375,1089.1396484375,1092.90087890625,9477290,46.107702411970955,-10.171079629144742,1097.8262023925781,1101.297297548838,1109.3763427734375
2022-01-03,RELIANCE,1091.4471435546875,1111.2685546875,1090.7779541015625,1109.3763427734375,5421611,50.615475005062734,-8.350454006220843,1098.7780456542969,1102.0667304273713,1134.4127197265625
2022-01-04,RELIANCE,1114.9375,1135.7510986328125,1109.445556640625,1134.4127197265625,10847728,56.56152291866676,-4.831672191359075,1100.5375122070313,1105.147300836818,1139.719970703125
2022-01-05,RELIANCE,1136.212646484375,1143.1351318359375,1122.8060302734375,1139.719970703125,11643813,57.72355680527064,-1.5963596124524884,1101.7258728027343,1108.4399360621805,1115.21435546875
2022-01-06,RELIANCE,1131.2283935546875,1132.5206298828125,1111.7530517578125,1115.21435546875,14447422,50.946526198726275,-0.9982423159096925,1100.8040283203125,1109.0851188628062,1124.213623046875
2022-01-07,RELIANCE,1121.883056640625,1134.3896484375,1112.929931640625,1124.213623046875,13112115,53.12309084228235,0.19963437355045244,1100.2744567871093,1110.5259287850984,1125.1365966796875
2022-01-10,RELIANCE,1131.59765625,1133.9051513671875,1115.0067138671875,1125.1365966796875,9246731,53.35170566403965,1.209494242000801,1100.9286315917968,1111.9174209655355,1133.2359619140625
2022-01-11,RELIANCE,1124.213623046875,1142.18896484375,1123.7520751953125,1133.2359619140625,16205164,55.406929664898364,2.633014793050279,1102.6684875488281,1113.9477581987285,1163.4871826171875
2022-01-12,RELIANCE,1140.5045166015625,1165.2640380859375,1137.5970458984375,1163.4871826171875,14800442,62.1198525600696,6.131505596622446,1106.0812744140626,1118.6657986195341,1170.04052734375
2022-01-13,RELIANCE,1163.5565185546875,1172.671142578125,1157.626220703125,1170.04052734375,11856712,63.40505109433952,9.325387650581433,1109.113330078125,1123.5586299266024,1171.748046875
2022-01-14,RELIANCE,1169.902099609375,1184.8084716796875,1165.6793212890625,1171.748046875,19930176,63.75015672379938,11.857657055457366,1113.6948669433593,1128.1480982074022,1177.8629150390625
2022-01-17,RELIANCE,1171.28662109375,1183.7470703125,1170.8250732421875,1177.8629150390625,8036453,65.02227801554145,14.194294567459565,1120.0381774902344,1132.8828426675602,1163.810302734375
2022-01-18,RELIANCE,1179.0167236328125,1182.5240478515625,1161.0181884765625,1163.810302734375,6215029,59.826279328820334,14.742229020449486,1124.8966186523437,1135.828315054876,1163.718017578125
2022-01-19,RELIANCE,1167.5946044921875,1173.132568359375,1157.903076171875,1163.718017578125,9755485,59.79248740299932,14.996158006533278,1128.4847839355468,1138.4844771999474,1143.3427734375
2022-01-20,RELIANCE,1153.772705078125,1158.341552734375,1132.9820556640625,1143.3427734375,16494486,52.71310747028697,13.398833229352249,1131.073797607422,1138.9471720797144,1143.52734375
2022-01-21,RELIANCE,1131.59765625,1154.7879638671875,1131.59765625,1143.52734375,13338594,52.76766211754059,12.009398249602327,1133.497821044922,1139.383378905456,1097.4005126953125
2022-01-24,RELIANCE,1142.2120361328125,1155.9417724609375,1086.8782958984375,1097.4005126953125,21868937,40.265161661686165,7.104317104414804,1133.6743469238281,1135.3850106949662,1095.2545166015625
2022-01-25,RELIANCE,1084.31689453125,1102.361572265625,1063.757080078125,1095.2545166015625,24510205,39.79277971142914,3.0091533609127055,1133.094012451172,1131.5630588765468,1079.03271484375
2022-01-27,RELIANCE,1078.0635986328125,1087.3397216796875,1066.5491943359375,1079.03271484375,20020431,36.323740140655254,-1.5276474713537027,1131.607977294922,1126.5601689686614,1077.994384765625
2022-01-28,RELIANCE,1091.4471435546875,1096.4774169921875,1074.5562744140625,1077.994384765625,14667727,36.10676271289797,-5.147541719716401,1131.071484375,1121.9348561874199,1101.41552734375
2022-01-31,RELIANCE,1089.23193359375,1110.55322265625,1087.3858642578125,1101.41552734375,12143683,44.203145607031026,-6.05662650385716,1131.497216796875,1119.9806343927846,1097.7696533203125
2022-02-01,RELIANCE,1111.2916259765625,1117.1064453125,1083.186279296875,1097.7696533203125,13200509,43.28367357756141,-6.990689986135067,1130.9168823242187,1117.865302862073,1100.0079345703125
2022-02-02,RELIANCE,1110.830078125,1110.830078125,1096.1082763671875,1100.0079345703125,10017691,44.05308594833677,-7.464287771553472,1129.1966430664063,1116.1646011200005,1085.793701171875
2022-02-03,RELIANCE,1103.9075927734375,1108.268798828125,1083.232421875,1085.793701171875,9572839,40.31293635190256,-8.88417601958804,1126.5003295898437,1113.2721344582742,1075.89453125
2022-02-04,RELIANCE,1080.37109375,1083.809326171875,1071.187255859375,1075.89453125,11061241,37.8996552269019,-10.6850572786866,1124.5343383789063,1109.7123627241529,1069.34130859375
2022-02-07,RELIANCE,1080.8326416015625,1087.662841796875,1063.757080078125,1069.34130859375,10714467,36.3483782383434,-12.497001300089096,1121.79072265625,1105.8675004260192,1087.316650390625
2022-02-08,RELIANCE,1075.5946044921875,1089.1396484375,1066.0645751953125,1087.316650390625,12060849,43.21431609243708,-12.340269192889536,1119.899725341797,1104.1007528036007,1099.98486328125
2022-02-09,RELIANCE,1094.2852783203125,1101.6923828125,1088.2166748046875,1099.98486328125,11486225,47.5114405088172,-11.06627384477315,1118.2371704101563,1103.7087633252816,1098.854248046875
2022-02-10,RELIANCE,1105.6151123046875,1105.6151123046875,1091.4932861328125,1098.854248046875,12464491,47.168377283426054,-10.032209487084629,1115.0055236816406,1103.246428536862,1096.708251953125
2022-02-11,RELIANCE,1095.2545166015625,1100.4464111328125,1081.8017578125,1096.708251953125,15943370,46.48231663330689,-9.278908502219338,1111.3389099121093,1102.6237450526964,1079.240478515625
2022-02-14,RELIANCE,1080.0250244140625,1086.80908203125,1067.4490966796875,1079.240478515625,10719633,41.22605837594103,-9.976413491972153,1106.7135314941406,1100.3967672872611,1115.883544921875
2022-02-15,RELIANCE,1085.078369140625,1118.6295166015625,1077.9251708984375,1115.883544921875,11212671,53.18544207871911,-7.486106821998192,1103.6145629882812,1101.8716984905577,1113.5760498046875
2022-02-16,RELIANCE,1121.444580078125,1122.8291015625,1105.7305908203125,1113.5760498046875,10392840,52.461508993045975,-5.633773778551813,1101.102850341797,1102.986398615713,1127.6748046875
2022-02-17,RELIANCE,1116.875732421875,1132.9359130859375,1112.214599609375,1127.6748046875,12853252,56.36922696718975,-2.993626146698034,1099.3006896972656,1105.3376753844545,1118.8602294921875
2022-02-18,RELIANCE,1128.0902099609375,1133.628173828125,1116.8988037109375,1118.8602294921875,6775458,53.41304948584047,-1.5941760102939497,1098.0765625,1106.6255376804293,1107.553466796875
2022-02-21,RELIANCE,1113.1375732421875,1124.9058837890625,1100.4925537109375,1107.553466796875,11107193,49.804918983870415,-1.3815374459534269,1096.2778686523438,1106.7139118819955,1102.5230712890625
2022-02-22,RELIANCE,1085.8629150390625,1105.70751953125,1083.2093505859375,1102.5230712890625,13494914,48.24349040840873,-1.6004813754159386,1096.5339965820312,1106.3147842064782,1095.6236572265625
2022-02-23,RELIANCE,1108.1072998046875,1110.6224365234375,1092.8316650390625,1095.6236572265625,7310110,46.10836039775569,-2.3041601470697515,1096.5524536132812,1105.2965816369624,1041.0281982421875
2022-02-24,RELIANCE,1063.757080078125,1079.863525390625,1035.3287353515625,1041.0281982421875,24846650,33.48099063009357,-7.184410498007082,1094.6522277832032,1099.1757832184123,1054.0426025390625
2022-02-25,RELIANCE,1052.2657470703125,1065.1185302734375,1050.489013671875,1054.0426025390625,14570089,37.85041200599768,-9.887908743600292,1093.454638671875,1094.8773850584744,1088.931884765625
2022-02-28,RELIANCE,1035.1441650390625,1092.5316162109375,1035.1441650390625,1088.931884765625,21297446,47.75766320799607,-9.110160823998967,1092.8304565429687,1094.311146935346,1106.930419921875
2022-03-02,RELIANCE,1077.3482666015625,1108.0611572265625,1074.9254150390625,1106.930419921875,21471786,52.007912204776744,-6.9612140845081285,1093.2884948730468,1095.5129824578726,1097.5850830078125
2022-03-03,RELIANCE,1107.599609375,1114.452880859375,1093.7777099609375,1097.5850830078125,10186748,49.74492028222047,-5.943733240906113,1093.1673522949218,1095.7103253673906,1073.240966796875
2022-03-04,RELIANCE,1085.9090576171875,1091.1240234375,1070.8411865234375,1073.240966796875,10805667,44.33329932561479,-7.020807568404962,1092.5397155761718,1093.570386455913,1033.552001953125
2022-03-07,RELIANCE,1051.61962890625,1067.0338134765625,1025.45263671875,1033.552001953125,17983310,37.223514618676035,-10.95073128753188,1090.422589111328,1087.8543498365998,1031.682861328125
2022-03-08,RELIANCE,1020.6068725585938,1036.5286865234375,1006.0696411132812,1031.682861328125,21289374,36.923195785270764,-14.05404192887022,1088.5396667480468,1082.5046842643642,1086.416748046875
2022-03-09,RELIANCE,1031.9136962890625,1092.3701171875,1031.059814453125,1086.416748046875,20414228,49.71666342872362,-11.959014665415907,1088.4946716308593,1082.8772617674604,1104.02294921875
2022-03-10,RELIANCE,1107.599609375,1109.9071044921875,1089.1396484375,1104.02294921875,17980493,53.01767575068122,-8.77684318699994,1088.6965759277343,1084.8911367628214,1107.207275390625
2022-03-11,RELIANCE,1096.546630859375,1112.6761474609375,1096.546630859375,1107.207275390625,12257423,53.61084157553848,-5.9296475684104735,1089.1142272949219,1087.0164832988028,1116.298828125
2022-03-14,RELIANCE,1101.553955078125,1118.8602294921875,1095.6005859375,1116.298828125,8340678,55.34433955387846,-2.9061123491846956,1090.0937561035157,1089.8052780441549,1090.7318115234375
2022-03-15,RELIANCE,1120.49853515625,1120.49853515625,1080.3018798828125,1090.7318115234375,15925769,49.717752897507815,-2.5436617228597243,1090.6683227539063,1089.893519327896,1109.1456298828125
2022-03-16,RELIANCE,1099.2926025390625,1111.2454833984375,1097.03125,1109.1456298828125,11149828,53.39288150012324,-0.7617942493743612,1090.3314270019532,1091.7270536664594,1145.30419921875
2022-03-17,RELIANCE,1122.7137451171875,1152.5496826171875,1114.5682373046875,1145.30419921875,21422098,59.632297753549224,3.527381458922491,1091.9178344726563,1096.8296389571537,1138.7047119140625
2022-03-21,RELIANCE,1127.9056396484375,1146.3656005859375,1125.59814453125,1138.7047119140625,11999466,58.10340530670554,6.32119385041733,1092.4693298339844,1100.817741143526,1168.1253662109375
2022-03-22,RELIANCE,1135.335693359375,1169.8790283203125,1132.3360595703125,1168.1253662109375,22557065,62.69524196813418,10.784988587089401,1094.9325866699219,1107.2279911499463,1171.84033203125
2022-03-23,RELIANCE,1164.3641357421875,1183.6778564453125,1164.3641357421875,1171.84033203125,15462187,63.24305740313917,14.45570836260299,1098.1469299316407,1113.381547424356,1190.0465087890625
2022-03-24,RELIANCE,1158.3646240234375,1192.5848388671875,1158.3646240234375,1190.0465087890625,13168266,65.88692398262819,18.61923558207468,1102.5231018066406,1120.6829723162327,1197.984375
2022-03-25,RELIANCE,1191.8233642578125,1207.2835693359375,1189.2850341796875,1197.984375,14222488,67.00138670951165,22.302293408093874,1107.6411376953124,1128.0450106670678,1210.029541015625
2022-03-28,RELIANCE,1204.5145263671875,1213.629150390625,1193.6693115234375,1210.029541015625,9891424,68.67380903308755,25.89459077835113,1116.0912048339844,1135.8530611764543,1210.306396484375
2022-03-29,RELIANCE,1217.4365234375,1217.4365234375,1203.314697265625,1210.306396484375,8684065,68.71305891642963,28.436059059924673,1123.90439453125,1142.9438550153038,1233.5660400390625
2022-03-30,RELIANCE,1218.3134765625,1240.5115966796875,1207.791259765625,1233.5660400390625,15811550,71.89866691862197,31.958650401019668,1131.1361022949218,1151.5745393032807,1215.9366455078125
2022-03-31,RELIANCE,1229.8740234375,1232.066162109375,1213.0985107421875,1215.9366455078125,13223718,66.38174403952723,32.94798080079727,1136.5864135742188,1157.7042637037123,1225.67431640625
2022-04-01,RELIANCE,1216.5135498046875,1229.96630859375,1210.0526123046875,1225.67431640625,7922880,67.84921667811963,34.12441590590265,1142.9908752441406,1164.177602056335,1229.297119140625
2022-04-04,RELIANCE,1225.48974609375,1234.5120849609375,1219.12109375,1229.297119140625,7929162,68.40184212005579,34.94624059776265,1150.793682861328,1170.3794608262674,1211.921630859375
2022-04-05,RELIANCE,1223.482177734375,1232.158447265625,1209.45263671875,1211.921630859375,13149870,62.824286662655076,33.80579374874674,1159.7121643066407,1174.3358579722776,1208.691162109375
2022-04-06,RELIANCE,1193.9462890625,1215.8212890625,1193.9462890625,1208.691162109375,12257215,61.815071687038454,32.269328838563524,1168.5625793457032,1177.6077916996203,1187.369873046875
2022-04-07,RELIANCE,1197.63818359375,1202.6685791015625,1184.6700439453125,1187.369873046875,15496499,55.480345148954825,28.99696057815163,1173.6102355957032,1178.537513732692,1207.1220703125
2022-04-08,RELIANCE,1181.4395751953125,1211.4371337890625,1181.4395751953125,1207.1220703125,15152495,59.609829463457295,27.67836345425303,1178.7651916503905,1181.2598524545788,1204.60693359375
2022-04-11,RELIANCE,1199.8995361328125,1217.6904296875,1192.0540771484375,1204.60693359375,9254209,58.861136856422476,26.129213907203848,1183.6351745605468,1183.4833839916425,1181.9241943359375
2022-04-12,RELIANCE,1193.9000244140625,1201.0994873046875,1179.316650390625,1181.9241943359375,13217742,52.46163626350388,22.808274647129565,1186.9164428710938,1183.3348897387182,1177.5860595703125
2022-04-13,RELIANCE,1188.13134765625,1196.4844970703125,1174.747802734375,1177.5860595703125,10354235,51.31260014074157,19.60041376807999,1191.2591552734375,1182.787382103632,1173.986328125
2022-04-18,RELIANCE,1168.9791259765625,1181.3472900390625,1163.810302734375,1173.986328125,9974224,50.327569915879266,16.57660784990412,1194.5011901855469,1181.9491864866193,1218.728759765625
2022-04-19,RELIANCE,1180.5166015625,1231.2816162109375,1177.3092041015625,1218.728759765625,26141820,60.48198330711474,17.587818753150714,1198.1724182128905,1185.4520029893818,1254.564208984375
2022-04-20,RELIANCE,1226.251220703125,1261.7406005859375,1222.5592041015625,1254.564208984375,25072240,66.40556899915518,21.03831533863581,1203.9653930664062,1192.0341178460476,1283.938720703125
2022-04-21,RELIANCE,1269.5399169921875,1287.123046875,1260.8175048828125,1283.938720703125,21708633,70.33137984169446,25.845208865071072,1209.7560607910157,1200.7869371657691,1273.185791015625
2022-04-22,RELIANCE,1273.23193359375,1293.12255859375,1266.4478759765625,1273.185791015625,15054154,67.23401775489823,28.45897767720612,1214.8233337402344,1207.6820661038507,1243.7420654296875
2022-04-25,RELIANCE,1265.6171875,1273.0010986328125,1229.2740478515625,1243.7420654296875,17063215,59.50621850534547,27.833696184961127,1217.5081115722655,1211.1163517539305,1280.9620361328125
2022-04-26,RELIANCE,1250.66455078125,1289.89208984375,1249.6031494140625,1280.9620361328125,12227666,64.98505308551441,29.99572463105892,1221.6569946289062,1217.7683216947764,1282.2081298828125
2022-04-27,RELIANCE,1271.8243408203125,1305.12158203125,1271.455078125,1282.2081298828125,19338945,65.1550336537365,31.44719343206407,1225.2659240722655,1223.9054462841132,1301.3603515625
2022-04-28,RELIANCE,1296.79150390625,1315.736083984375,1285.78466796875,1301.3603515625,25614076,67.74666684036492,33.75382406904214,1229.818621826172,1231.2821039296737,1287.699951171875
2022-04-29,RELIANCE,1318.11279296875,1318.11279296875,1281.7235107421875,1287.699951171875,18214862,64.085478529938,34.08663580110874,1232.5253173828125,1236.6552322384548,1283.17724609375
2022-05-02,RELIANCE,1274.66259765625,1294.73779296875,1272.839599609375,1283.17724609375,9467006,62.87397529604863,33.59814845332039,1235.8873474121094,1241.0859002246734,1243.1190185546875
2022-05-04,RELIANCE,1285.277099609375,1287.5845947265625,1235.112060546875,1243.1190185546875,19247660,53.26859934837733,29.63701744036075,1236.7595825195312,1241.2795305418176,1218.77490234375
2022-05-05,RELIANCE,1256.894775390625,1259.89453125,1214.6676025390625,1218.77490234375,17210669,48.426704739758506,24.25384264767831,1236.2334716796875,1239.136232618192,1209.4295654296875
2022-05-06,RELIANCE,1205.5299072265625,1227.1280517578125,1196.9228515625,1209.4295654296875,19649948,46.67284848672418,19.014361530378665,1236.108868408203,1236.3070262192869,1162.195068359375
2022-05-09,RELIANCE,1188.3389892578125,1198.561279296875,1156.9801025390625,1162.195068359375,18083752,38.98720558888162,10.92467300802059,1233.7840637207032,1229.2487445183428,1142.050537109375
2022-05-10,RELIANCE,1151.442138671875,1166.0255126953125,1134.3665771484375,1142.050537109375,19511677,36.24590067498848,2.855129102947785,1231.5180969238281,1220.9441533365364,1130.3515625
2022-05-11,RELIANCE,1141.1275634765625,1146.8040771484375,1117.7294921875,1130.3515625,16643899,34.71911122216011,-4.432951749956146,1227.6795715332032,1212.3162875425805,1107.32275390625
2022-05-12,RELIANCE,1120.2908935546875,1123.682861328125,1093.754638671875,1107.32275390625,20490321,31.873001893712754,-11.929524593756241,1222.815362548828,1202.3169033867396,1119.87548828125
2022-05-13,RELIANCE,1119.5986328125,1143.5965576171875,1114.68359375,1119.87548828125,19308778,35.000826323760606,-16.665601149795975,1219.7129272460938,1194.4653400433597,1120.1524658203125
2022-05-16,RELIANCE,1123.498291015625,1144.9810791015625,1115.2835693359375,1120.1524658203125,13437911,35.071661389518496,-20.16418598517498,1216.8412475585938,1187.3879234506885,1167.2022705078125
2022-05-17,RELIANCE,1123.7982177734375,1172.1634521484375,1122.3675537109375,1167.2022705078125,16551828,45.86418694390562,-18.922190414059514,1216.5020446777344,1185.4654803132717,1171.4481201171875
2022-05-18,RELIANCE,1172.048095703125,1186.0545654296875,1157.5570068359375,1171.4481201171875,17276788,46.72479496744627,-17.39477920957097,1214.1380126953125,1184.1304936279303,1144.4503173828125
2022-05-19,RELIANCE,1146.3656005859375,1159.518310546875,1138.0816650390625,1144.4503173828125,14699118,42.137677917336724,-18.15352929073879,1208.6323181152343,1180.3514292236334,1211.1832275390625
2022-05-20,RELIANCE,1159.518310546875,1220.39013671875,1154.672607421875,1211.1832275390625,21793091,54.125933335167794,-13.217690745961363,1204.9945434570313,1183.28779096796,1203.083984375
2022-05-23,RELIANCE,1214.436767578125,1224.6129150390625,1196.6690673828125,1203.083984375,15252755,52.698846834932326,-9.846045292389135,1201.489453125,1185.1731427210113,1207.21435546875
2022-05-24,RELIANCE,1203.130126953125,1217.4365234375,1198.838134765625,1207.21435546875,13527818,53.37400010573322,-6.762748792312323,1199.663067626953,1187.2723058398437,1205.4376220703125
2022-05-25,RELIANCE,1216.0521240234375,1226.066650390625,1200.591796875,1205.4376220703125,12714544,53.02339674886428,-4.411726007314883,1195.8868469238282,1189.0023359570312,1193.9462890625
2022-05-26,RELIANCE,1211.16015625,1216.0059814453125,1175.901611328125,1193.9462890625,17882023,50.703559108538926,-3.43616804240105,1191.4737548828125,1189.4731886337424,1188.408203125
2022-05-27,RELIANCE,1196.692138671875,1202.2762451171875,1172.2557373046875,1188.408203125,16521973,49.577785323585346,-3.0744680245350082,1185.8261474609376,1189.3717614424336,1229.8048095703125
2022-05-30,RELIANCE,1206.822021484375,1234.050537109375,1197.222900390625,1229.8048095703125,13853398,57.223344369783476,0.5462452446388397,1182.9313903808593,1193.222527930803,1214.967529296875
2022-05-31,RELIANCE,1219.005615234375,1236.2657470703125,1207.1451416015625,1214.967529296875,70620653,54.059372778590124,2.193160687339514,1179.5209045410156,1195.2934804418574,1215.35986328125
2022-06-01,RELIANCE,1215.72900390625,1225.3743896484375,1207.3758544921875,1215.35986328125,9776989,54.13159308181423,3.48978306784079,1178.1329467773437,1197.2045645217995,1257.2640380859375
2022-06-02,RELIANCE,1215.590576171875,1261.0252685546875,1215.590576171875,1257.2640380859375,22126569,61.15548935290154,7.808668870968177,1180.0574035644531,1202.9245143850508,1282.73876953125
2022-06-03,RELIANCE,1266.3555908203125,1300.20654296875,1265.4324951171875,1282.73876953125,23939791,64.69495874381431,13.13559593890227,1183.7228637695312,1210.525872018022,1277.223876953125
2022-06-06,RELIANCE,1282.9696044921875,1298.6605224609375,1269.9552001953125,1277.223876953125,11093152,63.349216514639686,16.71948644528038,1189.4743041992188,1216.8780629642224,1279.6236572265625
2022-06-07,RELIANCE,1278.308349609375,1288.0921630859375,1270.0706787109375,1279.6236572265625,12358255,63.703035273579445,19.528277872998615,1196.352960205078,1222.85383384635,1257.148681640625
2022-06-08,RELIANCE,1279.6236572265625,1283.4310302734375,1253.572021484375,1257.148681640625,12479250,58.050823685248396,19.71347791494827,1202.6928161621095,1226.1200098267573,1291.6226806640625
2022-06-09,RELIANCE,1250.66455078125,1293.583984375,1250.66455078125,1291.6226806640625,17278305,63.41322738864291,22.38398524410104,1211.9078125,1232.3583594303102,1252.6259765625
2022-06-10,RELIANCE,1279.2314453125,1287.5384521484375,1246.7418212890625,1252.6259765625,18093057,54.86880870249247,21.11032672471879,1218.5453369140625,1234.288608680995,1228.9278564453125
2022-06-13,RELIANCE,1222.974609375,1233.4967041015625,1207.4219970703125,1228.9278564453125,17620803,50.4225178436598,17.981424266000204,1223.9841064453126,1233.7780608490252,1212.86767578125
2022-06-14,RELIANCE,1222.9976806640625,1233.058349609375,1206.106689453125,1212.86767578125,14714312,47.60696277031646,14.04393443179697,1226.2673767089843,1231.7865956044752,1198.1920166015625
2022-06-15,RELIANCE,1207.9989013671875,1217.113525390625,1192.7001953125,1198.1920166015625,11195535,45.12720202981828,9.628253807397186,1227.6045715332032,1228.5871118899122,1181.4395751953125
2022-06-16,RELIANCE,1210.5140380859375,1227.151123046875,1178.6705322265625,1181.4395751953125,17111475,42.41146477269641,4.722574188267345,1229.454034423828,1224.0968702999503,1195.2845458984375
2022-06-17,RELIANCE,1181.4395751953125,1211.3677978515625,1179.6397705078125,1195.2845458984375,24457187,45.3391497408398,1.9297166032922632,1228.6591003417968,1221.3528394045682,1173.6171875
2022-06-20,RELIANCE,1202.20703125,1207.791259765625,1163.4871826171875,1173.6171875,12066797,41.76100532540119,-2.008860996244948,1227.1857604980469,1216.8065868422282,1192.561767578125
2022-06-21,RELIANCE,1181.4395751953125,1196.8536376953125,1166.81005859375,1192.561767578125,11720049,45.78940340140736,-3.560499610775423,1226.4531311035157,1214.4975564361232,1156.333984375
2022-06-22,RELIANCE,1180.562744140625,1180.655029296875,1154.2110595703125,1156.333984375,10617206,40.080035050430006,-7.6255610074715605,1223.99794921875,1208.958168620778,1137.573974609375
2022-06-23,RELIANCE,1160.6951904296875,1165.287109375,1128.3670654296875,1137.573974609375,19446323,37.474286895735204,-12.22006218553156,1221.1793334960937,1202.1596739530253,1153.772705078125
2022-06-24,RELIANCE,1144.5196533203125,1158.8260498046875,1138.9815673828125,1153.772705078125,14240234,41.03882358232806,-14.38827620860684,1219.44755859375,1197.5513912030347,1150.3575439453125
2022-06-27,RELIANCE,1174.4940185546875,1174.4940185546875,1145.23486328125,1150.3575439453125,15474529,40.51441604849363,-16.195484935757804,1215.4751953125,1193.0567390832516,1166.5330810546875
2022-06-28,RELIANCE,1145.48876953125,1169.41748046875,1145.48876953125,1166.5330810546875,13572847,44.15436621622839,-16.136469041629653,1213.0534729003907,1190.5306764138645,1190.73876953125
2022-06-29,RELIANCE,1157.0723876953125,1198.51513671875,1154.2110595703125,1190.73876953125,19205146,49.167072342679745,-13.975402020559613,1211.8224182128906,1190.5504948059965,1197.89208984375
2022-06-30,RELIANCE,1190.6695556640625,1207.2374267578125,1184.2086181640625,1197.89208984375,23112959,50.57886415575727,-11.552359263788958,1208.8538208007812,1191.2496943334017,1111.6146240234375
2022-07-01,RELIANCE,1188.31591796875,1196.20751953125,1091.4471435546875,1111.6146240234375,81997149,37.16998871245477,-16.404846009662833,1200.2976135253907,1183.665401922929,1113.922119140625
2022-07-04,RELIANCE,1097.885009765625,1126.9825439453125,1091.9547119140625,1113.922119140625,41857728,37.64610709638958,-19.83562836805413,1192.1325256347657,1177.0231845150906,1122.9444580078125
2022-07-05,RELIANCE,1118.214111328125,1137.5509033203125,1115.4912109375,1122.9444580078125,17647327,39.57422277254126,-21.57778548145643,1184.298565673828,1171.8728296096356,1113.068359375
2022-07-06,RELIANCE,1116.875732421875,1126.95947265625,1102.0616455078125,1113.068359375,23943726,38.18240072586222,-23.484659629543557,1177.094549560547,1166.2724038730037,1102.1077880859375
2022-07-07,RELIANCE,1119.552490234375,1122.9444580078125,1096.0621337890625,1102.1077880859375,23301033,36.642172805553265,-25.58536546515461,1167.6188049316406,1160.1614880837592,1103.6307373046875
2022-07-08,RELIANCE,1115.9066162109375,1115.9066162109375,1099.54638671875,1103.6307373046875,19010108,37.02231438233788,-26.81815767258331,1160.16904296875,1154.7776070571808,1118.6295166015625
2022-07-11,RELIANCE,1096.75439453125,1120.8907470703125,1093.754638671875,1118.6295166015625,13847467,40.79016864564601,-26.28191666415023,1154.6541259765625,1151.3349317756933,1117.0372314453125
2022-07-12,RELIANCE,1109.445556640625,1125.921142578125,1109.445556640625,1117.0372314453125,10778989,40.513058741110534,-25.689295696626914,1149.8626037597655,1148.068484125181,1097.2388916015625
2022-07-13,RELIANCE,1120.1986083984375,1123.2906494140625,1095.13916015625,1097.2388916015625,14224132,37.13496156745059,-26.51159075864848,1144.8149475097657,1143.227570551503,1106.2843017578125
2022-07-14,RELIANCE,1102.0616455078125,1123.267578125,1096.9620361328125,1106.2843017578125,16970315,39.61243384635466,-26.132141455646433,1141.0571838378905,1139.709163999723,1108.4302978515625
2022-07-15,RELIANCE,1114.5220947265625,1114.5220947265625,1099.80029296875,1108.4302978515625,9603210,40.214413013910566,-25.36585936227584,1136.7144714355468,1136.7302243665647,1117.8680419921875
2022-07-18,RELIANCE,1117.2911376953125,1119.1370849609375,1104.0460205078125,1117.8680419921875,15160908,42.909790094938515,-23.723557797992044,1133.9270141601562,1134.9338260451955,1124.7213134765625
2022-07-19,RELIANCE,1107.738037109375,1129.2901611328125,1107.738037109375,1124.7213134765625,16439888,44.85403597375851,-21.6198006386403,1130.5349914550782,1133.9612058005637,1155.134033203125
2022-07-20,RELIANCE,1172.2095947265625,1173.36328125,1147.4039306640625,1155.134033203125,23924246,52.57297235286567,-17.299092451403794,1130.4749938964844,1135.9776655531884,1147.427001953125
2022-07-21,RELIANCE,1150.9805908203125,1153.7496337890625,1138.6585693359375,1147.427001953125,16523230,50.638591909616736,-14.331587476202458,1130.9676452636718,1137.0680785436587,1155.1802978515625
2022-07-22,RELIANCE,1153.7496337890625,1161.2720947265625,1151.442138671875,1155.1802978515625,10969995,52.530826400509795,-11.224799717679844,1131.0380249023438,1138.793051811078,1117.01416015625
2022-07-25,RELIANCE,1138.727783203125,1138.727783203125,1108.984130859375,1117.01416015625,23110452,43.65858062189812,-11.707380979800291,1129.3708557128907,1136.7188716534754,1117.5218505859375
2022-07-26,RELIANCE,1117.3372802734375,1127.8594970703125,1112.837646484375,1117.5218505859375,11303288,43.794569395687255,-11.91155474371135,1126.9202941894532,1134.8905839327574,1116.46044921875
2022-07-27,RELIANCE,1116.8065185546875,1120.06005859375,1108.5225830078125,1116.46044921875,8655086,43.55786452029768,-12.020445924286605,1123.2063781738282,1133.1353330076138,1133.9512939453125
2022-07-28,RELIANCE,1124.213623046875,1138.95849609375,1117.2911376953125,1133.9512939453125,12496073,48.497875477463204,-10.573493327754704,1120.0093383789062,1133.213043573109,1158.1107177734375
2022-07-29,RELIANCE,1142.0736083984375,1161.6412353515625,1137.1356201171875,1158.1107177734375,15130683,54.43064924782978,-7.392097873211014,1122.3341430664063,1135.584250639807,1188.2928466796875
2022-08-01,RELIANCE,1162.5872802734375,1194.2462158203125,1157.2569580078125,1188.2928466796875,15700044,60.545394019534925,-2.4076199505120712,1126.0526794433595,1140.6041169293192,1192.8155517578125
2022-08-02,RELIANCE,1187.2083740234375,1203.499267578125,1182.1549072265625,1192.8155517578125,13917913,61.38163690759825,1.8858206498632626,1129.5462341308594,1145.5766345320328,1202.830078125
2022-08-03,RELIANCE,1199.8995361328125,1204.5145263671875,1184.8778076171875,1202.830078125,14250977,63.23957842287675,6.027016150675308,1134.0343200683594,1151.0293434456487,1186.931396484375
2022-08-04,RELIANCE,1204.5145263671875,1208.0911865234375,1169.902099609375,1186.931396484375,14467127,58.43324838230151,7.93458769535664,1138.2755004882813,1154.448586592194,1169.4405517578125
2022-08-05,RELIANCE,1188.8236083984375,1190.11572265625,1166.18701171875,1169.4405517578125,13942438,53.606278015853455,7.943420093254417,1141.5659912109375,1155.8763927984435,1184.7392578125
2022-08-08,RELIANCE,1168.0560302734375,1192.307861328125,1168.0560302734375,1184.7392578125,10165178,56.95562118241098,9.080226357015363,1144.8714782714844,1158.6252370854966,1191.8233642578125
2022-08-10,RELIANCE,1189.2388916015625,1195.2384033203125,1180.078125,1191.8233642578125,10724688,58.45141498784869,10.432522076602027,1148.6107849121095,1161.78696348286,1195.792236328125
2022-08-11,RELIANCE,1201.3302001953125,1204.4683837890625,1190.7618408203125,1195.792236328125,8198226,59.30464636462341,11.689729063920367,1153.5384521484375,1165.025560896695,1215.1290283203125
2022-08-12,RELIANCE,1195.4229736328125,1218.9825439453125,1191.6849365234375,1215.1290283203125,12650587,63.26301386886881,14.084040121008911,1158.9806884765626,1169.7973196989442,1223.574462890625
2022-08-16,RELIANCE,1221.2208251953125,1226.343505859375,1212.49853515625,1223.574462890625,6607378,64.87021078125652,16.473132850878073,1164.7378967285156,1174.9189523838663,1229.96630859375
2022-08-17,RELIANCE,1229.8970947265625,1235.388916015625,1225.535888671875,1229.96630859375,6595965,66.07973284122623,18.66709196483248,1170.3428100585938,1180.1615577371886,1228.1895751953125
2022-08-18,RELIANCE,1227.589599609375,1231.7430419921875,1218.451904296875,1228.1895751953125,7410035,65.40561787492027,20.03154168939659,1175.5162231445313,1184.7356546379624,1206.2913818359375
2022-08-19,RELIANCE,1222.974609375,1228.3741455078125,1202.1839599609375,1206.2913818359375,9460724,57.60551298776972,19.12541090146192,1178.0740905761718,1186.7885810377697,1202.9454345703125
2022-08-22,RELIANCE,1207.7451171875,1214.344482421875,1193.4385986328125,1202.9454345703125,9471680,56.49683606906506,17.930612799680375,1180.8500122070313,1188.32732899325,1221.497802734375
2022-08-23,RELIANCE,1197.130615234375,1224.451416015625,1195.9075927734375,1221.497802734375,9678484,60.981005159169364,18.27014094613355,1184.1658874511718,1191.4864217304998,1218.244140625
2022-08-24,RELIANCE,1218.40576171875,1232.20458984375,1216.213623046875,1218.244140625,10369622,59.81650395353539,18.06839489891854,1189.2273864746094,1194.0347759109284,1214.690673828125
2022-08-25,RELIANCE,1222.489990234375,1228.9278564453125,1210.3294677734375,1214.690673828125,7871946,58.502536655386564,17.42095668555021,1194.0858276367187,1196.0020042839947,1208.20654296875
2022-08-26,RELIANCE,1215.1290283203125,1222.974609375,1203.130126953125,1208.20654296875,10742038,56.08168180049662,16.197922498995013,1198.6731323242188,1197.1643413015904,1198.8150634765625
2022-08-29,RELIANCE,1192.97705078125,1225.2821044921875,1189.7696533203125,1198.8150634765625,19838975,52.68137515644163,14.30593527084693,1201.9163208007812,1197.321552937302,1217.4134521484375
2022-08-30,RELIANCE,1206.360595703125,1220.782470703125,1189.1004638671875,1217.4134521484375,23139054,58.0994253334429,14.144210638335153,1204.8814575195313,1199.2350671478862,1181.6241455078125
2022-09-01,RELIANCE,1191.892578125,1202.1839599609375,1177.1475830078125,1181.6241455078125,19909939,46.9571209544477,11.001328295225449,1204.5480224609375,1197.5578365154981,1167.8253173828125
2022-09-02,RELIANCE,1181.6241455078125,1188.5235595703125,1165.610107421875,1167.8253173828125,12999345,43.49371581058527,7.312823608512872,1203.2985107421875,1194.7261680266708,1185.9622802734375
2022-09-05,RELIANCE,1168.0560302734375,1191.36181640625,1168.0560302734375,1185.9622802734375,11327815,48.83540282636684,5.786455738591258,1202.4551208496093,1193.8915120501724,1198.44580078125
2022-09-06,RELIANCE,1187.4390869140625,1202.6685791015625,1186.9775390625,1198.44580078125,10899618,52.185796299779085,5.520477354078139,1203.0308410644532,1194.3252538340846,1191.4771728515625
2022-09-07,RELIANCE,1188.362060546875,1197.5458984375,1186.0545654296875,1191.4771728515625,7488501,50.20925928964124,4.693276364936537,1204.1326721191406,1194.0540080262256,1193.16162109375
2022-09-08,RELIANCE,1194.4769287109375,1198.9765625,1186.51611328125,1193.16162109375,7057077,50.6953702520695,4.126071730485364,1204.5537902832032,1193.9690187945614,1185.7315673828125
2022-09-09,RELIANCE,1204.5145263671875,1204.5145263671875,1183.2855224609375,1185.7315673828125,8314850,48.448459778833175,3.041949037316499,1204.249200439453,1193.18449961249,1198.9996337890625
2022-09-12,RELIANCE,1186.308349609375,1205.4376220703125,1186.308349609375,1198.9996337890625,7435419,52.49734718375831,3.216320326787354,1204.4095703125,1193.7383219150208,1209.01416015625
2022-09-13,RELIANCE,1208.20654296875,1213.6060791015625,1200.361083984375,1209.01416015625,8888657,55.34798830322192,4.11516238256695,1204.103826904297,1195.1931636522809,1194.5230712890625
2022-09-14,RELIANCE,1188.362060546875,1204.5145263671875,1187.32373046875,1194.5230712890625,8678219,50.61476299448792,3.6165026319338267,1202.6512573242187,1195.1293453319745,1182.6856689453125
2022-09-15,RELIANCE,1192.0540771484375,1201.537841796875,1179.939697265625,1182.6856689453125,10365600,47.07339595780399,2.240306883851872,1200.2872253417968,1193.9442332951496,1153.38037109375
2022-09-16,RELIANCE,1173.940185546875,1178.2091064453125,1149.5960693359375,1153.38037109375,20217708,39.67288177885055,-1.2011842788310787,1196.5467651367187,1190.0810083235876,1154.8802490234375
2022-09-19,RELIANCE,1153.38037109375,1164.2255859375,1145.142578125,1154.8802490234375,7580254,40.191140174538475,-3.7641721722534385,1193.9762084960937,1186.7285550569065,1155.0648193359375
2022-09-20,RELIANCE,1164.1102294921875,1171.148193359375,1151.3035888671875,1155.0648193359375,8411448,40.25915377294535,-5.71459101342748,1191.582177734375,1183.712961178719,1158.249267578125
2022-09-21,RELIANCE,1152.249755859375,1168.9791259765625,1151.442138671875,1158.249267578125,9207309,41.49532277062577,-6.923543339603839,1188.4197509765625,1181.2878475024722,1147.334716796875
2022-09-22,RELIANCE,1147.28857421875,1155.134033203125,1140.873779296875,1147.334716796875,10308170,38.550917725281955,-8.662503847339167,1184.8742797851562,1178.0542160067012,1125.828857421875
2022-09-23,RELIANCE,1146.8271484375,1151.8804931640625,1124.259765625,1125.828857421875,9528051,33.50597454176841,-11.641786430637694,1180.4311889648438,1173.0803723319557,1097.1466064453125
2022-09-26,RELIANCE,1104.8536376953125,1115.8143310546875,1096.13134765625,1097.1466064453125,12479523,28.204660331998994,-16.131355068895118,1174.878192138672,1165.8485851046564,1105.8690185546875
2022-09-27,RELIANCE,1104.83056640625,1119.5986328125,1089.185791015625,1105.8690185546875,16154822,31.741582946074146,-18.769185314429933,1170.230889892578,1160.1362454332307,1076.42529296875
2022-09-28,RELIANCE,1089.3011474609375,1097.4466552734375,1073.956298828125,1076.42529296875,16997059,26.92041842463408,-22.97075480921808,1163.1814819335937,1152.1637737699468,1073.1256103515625
2022-09-29,RELIANCE,1089.1396484375,1092.600830078125,1067.4490966796875,1073.1256103515625,14671827,26.4358219177914,-26.26403032235521,1157.7565551757812,1144.6363296348625,1097.331298828125
2022-09-30,RELIANCE,1066.526123046875,1108.5225830078125,1066.526123046875,1097.331298828125,18613024,35.594843223877035,-26.61398863426257,1154.2318542480468,1140.1310886056494,1093.52392578125
2022-10-03,RELIANCE,1103.6768798828125,1115.4219970703125,1090.524169921875,1093.52392578125,11852723,34.859655166226005,-26.888601245516156,1149.6099365234375,1135.6923111938017,1113.69140625
2022-10-04,RELIANCE,1106.5843505859375,1115.9066162109375,1103.0538330078125,1113.69140625,8948850,41.72559657206479,-25.18852890929861,1145.372216796875,1133.5969869134397,1117.7987060546875
2022-10-06,RELIANCE,1120.983154296875,1130.674560546875,1115.975830078125,1117.7987060546875,13352162,43.042311734861514,-23.241866793548752,1141.6882934570312,1132.0923887364156,1122.5291748046875
2022-10-07,RELIANCE,1114.360595703125,1127.8594970703125,1114.360595703125,1122.5291748046875,7714340,44.59503876233552,-21.074480257920868,1138.156671142578,1131.1816064572033,1110.2763671875
2022-10-10,RELIANCE,1109.9071044921875,1115.7220458984375,1102.0616455078125,1110.2763671875,6329527,41.443549561357635,-20.11365232331059,1134.3839111328125,1129.1906312886601,1088.17041015625
2022-10-11,RELIANCE,1114.060546875,1114.060546875,1085.0322265625,1088.17041015625,9215177,36.44012328097672,-20.895089661099746,1128.8424499511718,1125.283943561764,1096.177490234375
2022-10-12,RELIANCE,1085.4476318359375,1099.1541748046875,1081.3402099609375,1096.177490234375,7417103,39.298751760298245,-20.63046478092906,1123.200616455078,1122.511900387727,1099.661865234375
2022-10-13,RELIANCE,1094.4007568359375,1104.83056640625,1089.185791015625,1099.661865234375,7328492,40.5517462822973,-19.910076743405853,1118.4575561523438,1120.3357065635983,1094.07763671875
2022-10-14,RELIANCE,1114.5220947265625,1115.1451416015625,1093.3392333984375,1094.07763671875,9106089,39.156724830749155,-19.564240222451417,1114.0271545410155,1117.834938006946,1111.6376953125
2022-10-17,RELIANCE,1086.8321533203125,1114.060546875,1081.571044921875,1111.6376953125,16729355,45.50525793164968,-17.66952898376985,1111.9400207519532,1117.244724416999,1131.25146484375
2022-10-18,RELIANCE,1117.7525634765625,1136.674072265625,1116.8988037109375,1131.25146484375,12415820,51.5822068486754,-14.419075270243866,1110.7585815429688,1118.578699695737,1150.9344482421875
2022-10-19,RELIANCE,1132.7513427734375,1166.6024169921875,1126.8441162109375,1150.9344482421875,19247142,56.7897438753124,-10.137951032475257,1110.5520629882812,1121.6601995573037,1154.0264892578125
2022-10-20,RELIANCE,1146.8271484375,1162.51806640625,1146.8271484375,1154.0264892578125,8717053,57.561930018212585,-6.421603118076746,1110.3409240722656,1124.7427033383046,1140.6429443359375
2022-10-21,RELIANCE,1157.3031005859375,1161.5028076171875,1138.5201416015625,1140.6429443359375,8243452,53.13571704245202,-4.5043870750016595,1110.0063354492188,1126.2570120047458,1144.4503173828125
2022-10-24,RELIANCE,1135.28955078125,1154.9033203125,1133.12060546875,1144.4503173828125,3370033,54.214329645555644,-2.647240620704906,1110.9374084472656,1127.989707755038,1126.77490234375
2022-10-25,RELIANCE,1153.2880859375,1153.2880859375,1125.1365966796875,1126.77490234375,12233241,48.61977718313348,-2.57204798161456,1112.4188232421875,1127.8740120015818,1131.205322265625
2022-10-27,RELIANCE,1134.3665771484375,1139.1893310546875,1122.73681640625,1131.205322265625,12513059,50.01221280555741,-2.13040147025049,1113.6856384277344,1128.1912796457764,1165.81787109375
2022-10-28,RELIANCE,1137.5970458984375,1169.902099609375,1135.0357666015625,1165.81787109375,17609592,59.29364038698007,1.0010109619247487,1118.1552673339843,1131.7747645455834,1176.6400146484375
2022-10-31,RELIANCE,1172.671142578125,1181.8780517578125,1168.60986328125,1176.6400146484375,12419943,61.68883402911136,4.306294137228861,1123.330987548828,1136.04764550776,1167.525390625
2022-11-01,RELIANCE,1199.8995361328125,1199.8995361328125,1157.441650390625,1167.525390625,13963166,58.56336950862474,6.1197363708570265,1126.8406921386718,1139.0455259951163,1174.8170166015625
2022-11-02,RELIANCE,1168.656005859375,1176.9168701171875,1160.672119140625,1174.8170166015625,8981896,60.29640765659493,8.05245202928495,1130.9053466796875,1142.4523346243018,1179.2012939453125
2022-11-03,RELIANCE,1167.525390625,1181.23193359375,1165.3101806640625,1179.2012939453125,6693449,61.34331117781234,9.824665030924507,1134.180841064453,1145.952235512017,1196.5537109375
2022-11-04,RELIANCE,1178.6243896484375,1199.8995361328125,1177.332275390625,1196.5537109375,12575815,65.2489447404686,12.48542739875461,1138.1185913085938,1150.7714236477773,1202.9454345703125
2022-11-07,RELIANCE,1195.74609375,1204.653076171875,1187.900634765625,1202.9454345703125,11789748,66.58804005737885,14.937667294130733,1142.139404296875,1155.7403770689712,1201.74560546875
2022-11-09,RELIANCE,1204.653076171875,1210.029541015625,1195.3076171875,1201.74560546875,11254205,66.07333808940072,16.592995177914645,1146.7128662109376,1160.1218273927595,1187.2083740234375
2022-11-10,RELIANCE,1195.2845458984375,1198.307373046875,1182.8240966796875,1187.2083740234375,5966242,60.019903091222616,16.54114533990969,1151.6647644042969,1162.701498500443,1214.5753173828125
2022-11-11,RELIANCE,1199.8995361328125,1216.5135498046875,1194.361572265625,1214.5753173828125,12310132,66.28257070316049,18.495137155440943,1157.5846557617188,1167.6418622035258,1208.691162109375
2022-11-14,RELIANCE,1214.0906982421875,1219.2825927734375,1202.2762451171875,1208.691162109375,9043112,63.9625915314924,19.34588032636134,1163.0361206054688,1171.5513193374163,1203.2685546875
2022-11-15,RELIANCE,1210.1910400390625,1212.0831298828125,1195.2845458984375,1203.2685546875,7086433,61.81530747770973,19.359378454239277,1168.4956665039062,1174.5720084183765,1196.369140625
2022-11-16,RELIANCE,1204.5145263671875,1207.260498046875,1191.2926025390625,1196.369140625,9716161,59.09688611617609,18.598953604095414,1172.7322387695312,1176.6479257713884,1199.461181640625
2022-11-17,RELIANCE,1192.9539794921875,1205.8990478515625,1190.6695556640625,1199.461181640625,6661451,59.946993103512774,18.037883804185185,1176.142724609375,1178.8206168065537,1198.8150634765625
2022-11-18,RELIANCE,1203.0146484375,1204.0531005859375,1186.562255859375,1198.8150634765625,5303197,59.66792542457105,17.341197083997713,1178.5367553710937,1180.724849822745,1177.239990234375
2022-11-21,RELIANCE,1194.361572265625,1194.361572265625,1173.6402587890625,1177.239990234375,6390268,51.111611299906905,14.876650966707757,1179.6974304199218,1180.3929584333764,1183.7701416015625
2022-11-22,RELIANCE,1174.51708984375,1185.3623046875,1170.5943603515625,1183.7701416015625,6611488,53.294681843694306,13.297128038387655,1181.8537902832031,1180.7145949255846,1180.078125
2022-11-23,RELIANCE,1188.362060546875,1189.700439453125,1177.8629150390625,1180.078125,6413408,51.884026877795584,11.61355600908496,1183.6351806640625,1180.6539787421957,1190.2542724609375
2022-11-24,RELIANCE,1184.2086181640625,1197.130615234375,1175.993896484375,1190.2542724609375,9389439,55.38898970750249,10.973942324787458,1186.809149169922,1181.5682924296948,1208.02197265625
2022-11-25,RELIANCE,1194.8231201171875,1211.390869140625,1191.638671875,1208.02197265625,7349922,60.76326069591678,11.765127717915448,1190.6499816894532,1184.0876905465097,1249.533935546875
2022-11-28,RELIANCE,1204.0069580078125,1255.76416015625,1154.672607421875,1249.533935546875,31527484,69.8899894823355,15.562422399328398,1194.8357849121094,1190.3206662608302,1251.6798095703125
2022-11-29,RELIANCE,1247.8724365234375,1260.656005859375,1243.280517578125,1251.6798095703125,11058913,70.27490124112771,18.531342115702955,1198.5877746582032,1196.1643941950665,1260.517578125
2022-11-30,RELIANCE,1251.818359375,1267.0247802734375,1245.2188720703125,1260.517578125,26164986,71.86984537533004,21.351242608783878,1203.2373840332032,1202.2932688550602,1256.802490234375
2022-12-01,RELIANCE,1265.3402099609375,1271.4320068359375,1253.43359375,1256.802490234375,9485801,70.16550253103004,23.020887065264333,1207.3366577148438,1207.484623272138,1256.271728515625
2022-12-02,RELIANCE,1259.89453125,1268.2015380859375,1246.326416015625,1256.271728515625,11589592,69.91042782580648,24.024326806421413,1211.1901794433593,1212.1310142477082,1237.9501953125
2022-12-05,RELIANCE,1251.5875244140625,1253.7796630859375,1235.8966064453125,1237.9501953125,14828536,61.587380035658214,23.07516923350113,1213.2600036621093,1214.5899838729263,1241.52685546875
2022-12-06,RELIANCE,1229.9432373046875,1244.6650390625,1228.051025390625,1241.52685546875,8594245,62.525328146958145,22.35387998816759,1215.1890747070313,1217.1554002153857,1223.205322265625
2022-12-07,RELIANCE,1239.1270751953125,1243.7420654296875,1219.351806640625,1223.205322265625,8462111,55.102867496034385,20.0724754522505,1216.262060546875,1217.7315832677896,1222.62841796875
2022-12-08,RELIANCE,1227.589599609375,1229.8970947265625,1218.40576171875,1222.62841796875,7757008,54.88194088583168,18.01028323145647,1218.0330627441406,1218.1979484774047,1204.0992431640625
2022-12-09,RELIANCE,1221.1285400390625,1227.589599609375,1200.7532958984375,1204.0992431640625,12655763,48.197902216557985,14.711249362010676,1217.509259033203,1216.8552146380387,1205.9451904296875
2022-12-12,RELIANCE,1193.2078857421875,1210.5140380859375,1192.97705078125,1205.9451904296875,9479842,48.86604118826472,12.106141703583262,1217.3719604492187,1215.8161647134336,1211.4371337890625
2022-12-13,RELIANCE,1205.9451904296875,1215.1290283203125,1202.9915771484375,1211.4371337890625,8333348,50.89528439132171,10.365244954809896,1217.7803894042968,1215.399114149208,1207.0528564453125
2022-12-14,RELIANCE,1217.2750244140625,1217.875,1204.97607421875,1207.0528564453125,7268947,49.21613685266684,8.533429138978136,1218.3145751953125,1214.6042324631228,1189.9080810546875
2022-12-15,RELIANCE,1201.0533447265625,1206.822021484375,1186.51611328125,1189.9080810546875,8688551,43.21219954593358,5.633324361635914,1217.8369201660157,1212.2522180432718,1184.02392578125
2022-12-16,RELIANCE,1186.51611328125,1208.5758056640625,1180.5858154296875,1184.02392578125,15837349,41.34788603957547,2.827573766559226,1217.09736328125,1209.5638092564125,1199.5765380859375
2022-12-19,RELIANCE,1191.131103515625,1201.74560546875,1184.5316162109375,1199.5765380859375,7729933,47.762872776546224,1.8377772874109723,1218.2141906738282,1208.6126405735101,1209.9603271484375
2022-12-20,RELIANCE,1192.469482421875,1211.8985595703125,1184.2086181640625,1209.9603271484375,7467588,51.571352339714835,1.869688833948203,1219.523699951172,1208.7409916758843,1192.746337890625
2022-12-21,RELIANCE,1209.591064453125,1215.1290283203125,1188.8697509765625,1192.746337890625,8527550,45.63184132649576,0.5001880383449588,1220.1571105957032,1207.2176913153835,1189.654296875
2022-12-22,RELIANCE,1198.9765625,1202.0455322265625,1184.5546875,1189.654296875,7451122,44.63737692891614,-0.8251413616035279,1220.1271118164063,1205.544987082966,1154.764892578125
2022-12-23,RELIANCE,1182.9625244140625,1195.515380859375,1150.1729736328125,1154.764892578125,10257115,35.29142688155723,-4.637301874001878,1217.4642578125,1200.7087876063144,1164.8486328125
2022-12-26,RELIANCE,1160.5567626953125,1173.132568359375,1150.2421875,1164.8486328125,5990242,39.25038663101457,-6.766789642808135,1213.2299926757812,1197.2935347688083,1174.378662109375
2022-12-27,RELIANCE,1167.5946044921875,1176.270751953125,1160.7874755859375,1174.378662109375,5763271,42.81149566583319,-7.597847071691376,1209.3649353027345,1195.1111659441003,1174.2633056640625
2022-12-28,RELIANCE,1171.28662109375,1176.7322998046875,1163.671875,1174.2633056640625,7459393,42.7788065834115,-8.17157751364266,1205.0522216796876,1193.1256554412394,1173.7325439453125
2022-12-29,RELIANCE,1166.2100830078125,1176.31689453125,1165.517822265625,1173.7325439453125,6930648,42.617566361986924,-8.57029799685347,1200.8987243652343,1191.278692441627,1175.5323486328125
2022-12-30,RELIANCE,1174.563232421875,1189.2850341796875,1172.71728515625,1175.5323486328125,7289476,43.39667343429757,-8.641444463080234,1196.8617553710938,1189.7790406503116,1188.7774658203125
2023-01-02,RELIANCE,1176.8245849609375,1190.2081298828125,1175.993896484375,1188.7774658203125,5316175,48.89575624080609,-7.54211745199791,1194.4031188964843,1189.683652571264,1180.078125
2023-01-03,RELIANCE,1183.7701416015625,1187.4390869140625,1175.809326171875,1180.078125,7658932,45.751832374351444,-7.28883581414334,1191.3306823730468,1188.7688404216199,1162.3104248046875
2023-01-04,RELIANCE,1180.0550537109375,1181.9241943359375,1160.2105712890625,1162.3104248046875,9264891,40.08303417406043,-8.424698525830536,1188.2859375,1186.2489913152453,1160.233642578125
2023-01-05,RELIANCE,1164.5948486328125,1170.5482177734375,1155.5955810546875,1160.233642578125,13637099,39.4674799358751,-9.384280730828777,1185.1661987304688,1183.7713390545673,1170.7789306640625
2023-01-06,RELIANCE,1166.048583984375,1175.8785400390625,1162.195068359375,1170.7789306640625,6349597,44.156982603754855,-9.187927218136338,1183.5001831054688,1182.5339668269,1198.4227294921875
2023-01-09,RELIANCE,1174.655517578125,1200.8226318359375,1173.755615234375,1198.4227294921875,10722753,54.17845850451175,-6.724179947337234,1183.1240600585938,1184.0471823188323,1180.701171875
2023-01-10,RELIANCE,1202.6685791015625,1202.6685791015625,1174.9786376953125,1180.701171875,8047142,48.20600470197921,-6.130950300676659,1181.5872619628906,1183.728514657515,1165.81787109375
2023-01-11,RELIANCE,1177.9783935546875,1180.5166015625,1163.4871826171875,1165.81787109375,11509553,43.835476402851626,-6.783572716177105,1179.5255126953125,1182.0227390800135,1140.6429443359375
2023-01-12,RELIANCE,1165.2178955078125,1168.748291015625,1137.5970458984375,1140.6429443359375,17688773,37.622077799330036,-9.225837168076623,1177.062255859375,1178.0818062472442,1138.7969970703125
2023-01-13,RELIANCE,1134.5511474609375,1141.242919921875,1123.5675048828125,1138.7969970703125,20618583,37.20564201111924,-11.181409530006704,1174.8009094238282,1174.3403958494412,1127.9517822265625
2023-01-16,RELIANCE,1141.150634765625,1144.3580322265625,1120.06005859375,1127.9517822265625,13623855,34.770523769091966,-13.451274991647324,1171.2196716308595,1169.9224326472624,1143.9658203125
2023-01-17,RELIANCE,1134.3665771484375,1145.904052734375,1130.9515380859375,1143.9658203125,10751000,40.91949973748144,-13.79889560583024,1167.9199462890624,1167.4503743296661,1142.0736083984375
2023-01-18,RELIANCE,1141.5198974609375,1149.6422119140625,1135.451171875,1142.0736083984375,13448286,40.434474533506126,-14.064941247057504,1165.3863098144532,1165.033539479073,1140.8507080078125
2023-01-19,RELIANCE,1141.242919921875,1145.05029296875,1133.7435302734375,1140.8507080078125,11940054,40.10363022110137,-14.210650641037091,1162.9461303710937,1162.730412672286,1127.2825927734375
2023-01-20,RELIANCE,1142.2120361328125,1142.2120361328125,1124.79052734375,1127.2825927734375,14930286,36.53206028870567,-15.24522245682806,1161.5720153808593,1159.3544298247768,1121.5830078125
2023-01-23,RELIANCE,1130.213134765625,1138.15087890625,1119.1370849609375,1121.5830078125,10954118,35.117230732151256,-16.33671743808577,1159.4087341308593,1155.7571515378934,1114.9605712890625
2023-01-24,RELIANCE,1126.0595703125,1127.7440185546875,1101.7615966796875,1114.9605712890625,16488755,33.49408564914572,-17.533989440222058,1156.4378295898437,1151.8717629427667,1099.54638671875
2023-01-25,RELIANCE,1113.3453369140625,1114.3836669921875,1098.36962890625,1099.54638671875,12385018,30.016451708363917,-19.501827077815733,1152.7019836425782,1146.8883937785747,1078.6866455078125
2023-01-27,RELIANCE,1100.4002685546875,1101.7615966796875,1066.8260498046875,1078.6866455078125,25830975,26.07139655379561,-22.48536210896441,1147.949688720703,1140.392989181359,1089.0242919921875
2023-01-30,RELIANCE,1076.0792236328125,1094.6314697265625,1061.9111328125,1089.0242919921875,21772103,30.917151078521485,-23.741990552176958,1143.624285888672,1135.5007323061998,1086.3013916015625
2023-01-31,RELIANCE,1099.2926025390625,1101.900146484375,1080.37109375,1086.3013916015625,22691594,30.352808841213957,-24.673175938536588,1138.5004821777343,1130.8150808105202,1079.863525390625
2023-02-01,RELIANCE,1098.3465576171875,1098.3465576171875,1063.757080078125,1079.863525390625,19347800,29.004755217161417,-25.635123321445462,1133.4897521972657,1125.962551722911,1073.8870849609375
2023-02-02,RELIANCE,1069.756591796875,1083.6015625,1066.526123046875,1073.8870849609375,13662663,27.77166315567078,-26.573400726133286,1129.068585205078,1121.0029834598658,1074.8331298828125
2023-02-03,RELIANCE,1084.0631103515625,1084.0631103515625,1058.2191162109375,1074.8331298828125,24699575,28.291361842158068,-26.930219602407078,1124.7985595703126,1116.6058545477656,1066.7337646484375
2023-02-06,RELIANCE,1068.3720703125,1071.14111328125,1064.1263427734375,1066.7337646484375,14837879,26.531305642875296,-27.548984671148446,1119.5963012695313,1111.8561317002107,1064.1724853515625
2023-02-07,RELIANCE,1066.9876708984375,1074.0947265625,1058.2191162109375,1064.1724853515625,15135435,25.980857014876023,-27.924142151295655,1112.8837890625,1107.3148320479586,1085.424560546875
2023-02-08,RELIANCE,1067.4490966796875,1089.093505859375,1064.68017578125,1085.424560546875,21160332,37.55716047834313,-26.20452287199805,1108.1199584960937,1105.2300442859505,1087.316650390625
2023-02-09,RELIANCE,1086.1168212890625,1094.1468505859375,1077.140625,1087.316650390625,13172763,38.47966737051372,-24.407679826642607,1104.1948974609375,1103.52400677211,1078.3636474609375
2023-02-10,RELIANCE,1086.7860107421875,1086.7860107421875,1071.279541015625,1078.3636474609375,10790445,35.78560875541487,-23.4359462803518,1101.0809326171875,1101.1277820758078,1072.2257080078125
2023-02-13,RELIANCE,1080.001953125,1084.524658203125,1067.7030029296875,1072.2257080078125,10352493,34.02673539194883,-22.897176463645565,1097.7523681640625,1098.3752035931416,1097.4927978515625
2023-02-14,RELIANCE,1075.2716064453125,1099.2464599609375,1072.3641357421875,1097.4927978515625,14321920,45.830003629251934,-20.198518568848385,1096.2294189453125,1098.2911649510863,1122.344482421875
2023-02-15,RELIANCE,1096.5235595703125,1124.7674560546875,1095.13916015625,1122.344482421875,33503591,54.46003351783861,-15.871532348582377,1095.1483520507813,1100.5819570911615,1121.4676513671875
2023-02-16,RELIANCE,1130.4207763671875,1137.0433349609375,1119.16015625,1121.4676513671875,17264487,54.13234958705765,-12.370517902895017,1094.1180541992187,1102.5710708317354,1126.15185546875
2023-02-17,RELIANCE,1116.82958984375,1129.5208740234375,1112.491455078125,1126.15185546875,11809520,55.66699819397477,-9.112914600845443,1093.3831115722655,1104.8168598447844,1114.2452392578125
2023-02-20,RELIANCE,1128.3670654296875,1130.5592041015625,1112.2607421875,1114.2452392578125,8836937,50.99633402942537,-7.406625961071313,1092.7312438964843,1105.7148007412632,1123.3367919921875
2023-02-21,RELIANCE,1118.6756591796875,1129.19775390625,1113.299072265625,1123.3367919921875,13311592,54.15910890365613,-5.260132068351595,1092.8189331054687,1107.3930856223035,1097.8619384765625
2023-02-22,RELIANCE,1119.5755615234375,1121.444580078125,1096.085205078125,1097.8619384765625,11024335,45.33056369220939,-5.550643605861751,1091.9640014648437,1106.4853573227092,1092.600830078125
2023-02-23,RELIANCE,1097.4466552734375,1105.1767578125,1089.7626953125,1092.600830078125,9851910,43.74460323449362,-6.134686721383787,1091.6167236328124,1105.1630213946535,1100.0771484375
2023-02-24,RELIANCE,1094.6776123046875,1105.8228759765625,1092.8316650390625,1100.0771484375,9434053,46.60356731353198,-5.925957934547569,1092.6862487792969,1104.6786525415912,1092.7623291015625
2023-02-27,RELIANCE,1099.2926025390625,1102.8231201171875,1085.3092041015625,1092.7623291015625,11199715,44.23486898692445,-6.278410052177151,1092.8731506347656,1103.5437645949219,1071.8564453125
2023-02-28,RELIANCE,1087.3397216796875,1092.3701171875,1067.7491455078125,1071.8564453125,21994038,38.250989039183004,-8.150704747998134,1092.1509033203124,1100.5259246632627,1081.70947265625
2023-03-01,RELIANCE,1081.755615234375,1082.4478759765625,1072.179443359375,1081.70947265625,11551145,42.218283236911525,-8.738720294248424,1092.2432006835938,1098.7338816149759,1073.4716796875
2023-03-02,RELIANCE,1078.525146484375,1085.2861328125,1071.41796875,1073.4716796875,9333535,39.90958344104739,-9.756975556832003,1092.222430419922,1096.327957621883,1100.8616943359375
2023-03-03,RELIANCE,1084.13232421875,1104.5767822265625,1080.625,1100.8616943359375,14643807,49.74915785534251,-8.258604858333001,1093.523858642578,1096.7597420708405,1111.6146240234375
2023-03-06,RELIANCE,1107.599609375,1118.9525146484375,1107.599609375,1111.6146240234375,10171916,53.002747619411316,-6.1327689814941095,1095.7679016113282,1098.1744927329926,1115.606689453125
2023-03-08,RELIANCE,1111.6146240234375,1116.3681640625,1100.6771240234375,1115.606689453125,15782657,54.18864767353736,-4.078883585232006,1098.3396118164062,1099.8347019444338,1088.79345703125
2023-03-09,RELIANCE,1114.983642578125,1115.39892578125,1086.8782958984375,1088.79345703125,16235128,45.824697569248734,-4.562178427110894,1098.508056640625,1098.783154809845,1071.9256591796875
2023-03-10,RELIANCE,1080.6019287109375,1081.755615234375,1068.3951416015625,1071.9256591796875,13334091,41.48654983585793,-6.234416910450136,1097.738507080078,1096.2252980831634,1054.29638671875
2023-03-13,RELIANCE,1074.8331298828125,1081.755615234375,1049.912109375,1054.29638671875,12771592,37.491699252542986,-8.879851509261243,1096.5351440429688,1092.2320684294095,1050.3505859375
2023-03-14,RELIANCE,1052.2196044921875,1063.7340087890625,1047.166259765625,1050.3505859375,16027522,36.64124895384597,-11.166055299890786,1095.441387939453,1088.2433558111325,1032.398193359375
2023-03-15,RELIANCE,1054.11181640625,1060.6650390625,1027.9447021484375,1032.398193359375,21728555,32.97615057451547,-14.26209180533533,1092.1866577148437,1082.9247689109652,1027.25244140625
2023-03-16,RELIANCE,1035.1441650390625,1040.2205810546875,1016.31494140625,1027.25244140625,18363159,31.988462238226646,-16.935717806655703,1087.4320556640625,1077.6226424819447,1025.9603271484375
2023-03-17,RELIANCE,1035.9517822265625,1039.2745361328125,1021.1607055664062,1025.9603271484375,34014213,31.73145420519505,-18.94051404128595,1082.656689453125,1072.7024219739917,1015.8765258789062
2023-03-20,RELIANCE,1022.22216796875,1024.5296630859375,1006.0696411132812,1015.8765258789062,19524589,29.724333448980133,-21.099782827340277,1077.1429229736327,1067.2904318696978,1047.4661865234375
2023-03-21,RELIANCE,1024.0450439453125,1049.45068359375,1023.1451416015625,1047.4661865234375,21400360,42.08354728797347,-20.03109133676685,1073.803970336914,1065.4024085033873,1050.6505126953125
2023-03-22,RELIANCE,1054.527099609375,1057.5037841796875,1047.6046142578125,1050.6505126953125,10920094,43.16855258692466,-18.711502567344496,1070.1696563720702,1063.9974660454754,1037.359375
2023-03-23,RELIANCE,1046.681640625,1047.5584716796875,1035.167236328125,1037.359375,16249370,39.815706441455006,-18.524661922353516,1067.1445281982421,1061.4605049935253,1016.8225708007812
2023-03-24,RELIANCE,1036.1824951171875,1038.3746337890625,1014.3766479492188,1016.8225708007812,12375945,35.258809833577985,-19.80543312610348,1063.355615234375,1057.209273165645,1032.62890625
2023-03-27,RELIANCE,1023.3759155273438,1040.2205810546875,1015.3919677734375,1032.62890625,14054323,40.86823792830213,-19.322279154447415,1059.983203125,1054.8682858403456,1037.45166015625
2023-03-28,RELIANCE,1036.067138671875,1041.3743896484375,1032.3751220703125,1037.45166015625,12576424,42.50511368404054,-18.33882169519302,1057.2176696777344,1053.2095595847175,1031.313720703125
2023-03-29,RELIANCE,1033.298095703125,1035.974853515625,1020.4223022460938,1031.313720703125,18804065,40.95138331645011,-17.848953366451724,1055.1905334472656,1051.1242415959944,1075.7791748046875
2023-03-31,RELIANCE,1040.68212890625,1081.5018310546875,1040.543701171875,1075.7791748046875,28171201,54.05421032831066,-13.714644766128686,1054.8940185546876,1053.4723304730128,1075.9637451171875
2023-04-03,RELIANCE,1082.2171630859375,1084.0631103515625,1068.3720703125,1075.9637451171875,10293043,54.09973996913847,-10.304498290620359,1055.018621826172,1055.6143699629342,1073.37939453125
2023-04-05,RELIANCE,1083.6015625,1083.6015625,1065.3955078125,1073.37939453125,16262928,53.303256961685314,-7.721459950104872,1053.6445068359376,1057.3062770646786,1080.5787353515625
2023-04-06,RELIANCE,1069.8258056640625,1086.37060546875,1069.8258056640625,1080.5787353515625,18435046,55.278513710632986,-5.0354117267118,1052.0927124023438,1059.5227016634294,1072.9178466796875
2023-04-10,RELIANCE,1084.524658203125,1084.709228515625,1071.3948974609375,1072.9178466796875,12961408,52.72283183391889,-3.4846994032718612,1049.958270263672,1060.7984297602159,1078.22509765625
2023-04-11,RELIANCE,1077.140625,1080.37109375,1072.5487060546875,1078.22509765625,10542367,54.299171018760234,-1.8066717283350044,1049.4298522949218,1062.458112416981,1082.9786376953125
2023-04-12,RELIANCE,1078.22509765625,1092.7392578125,1075.3177490234375,1082.9786376953125,18179087,55.72316133353756,-0.092189054219034,1049.9825012207032,1064.4124481577746,1087.0628662109375
2023-04-13,RELIANCE,1085.9090576171875,1091.8162841796875,1080.8326416015625,1087.0628662109375,12378208,56.9639364020547,1.577924592608042,1051.6208251953126,1066.5696308295044,1092.5777587890625
2023-04-17,RELIANCE,1119.114013671875,1119.114013671875,1084.086181640625,1092.5777587890625,17929479,58.64899210001789,3.308370594586677,1053.7321838378907,1069.0465953970813,1080.0711669921875
2023-04-18,RELIANCE,1096.985107421875,1096.985107421875,1073.4486083984375,1080.0711669921875,10405576,53.53020326991332,3.6287540642540534,1056.1158325195313,1070.0965545966153,1085.4476318359375
2023-04-19,RELIANCE,1079.47119140625,1088.17041015625,1076.3099365234375,1085.4476318359375,12273475,55.33495295574675,4.267305213902318,1059.0255920410157,1071.5585619527412,1082.70166015625
2023-04-20,RELIANCE,1086.416748046875,1088.6781005859375,1076.2637939453125,1082.70166015625,7007330,54.177641572898025,4.499912445430482,1061.8626586914063,1072.6198094006945,1084.0631103515625
2023-04-21,RELIANCE,1084.8245849609375,1089.60107421875,1078.2481689453125,1084.0631103515625,7647317,54.683694064862436,4.739479238471176,1065.271987915039,1073.7096475864914,1088.2166748046875
2023-04-24,RELIANCE,1096.0621337890625,1098.784912109375,1083.6015625,1088.2166748046875,12936186,56.270403762281845,5.2045013348240445,1067.3095123291016,1075.0912692263196,1096.546630859375
2023-04-25,RELIANCE,1091.9085693359375,1098.646484375,1084.75537109375,1096.546630859375,9236126,59.34483736518566,6.174022248467963,1069.6043182373046,1077.1346370008964,1090.1087646484375
2023-04-26,RELIANCE,1097.9080810546875,1101.184814453125,1086.3936767578125,1090.1087646484375,8617834,56.064193053461935,6.349697201037543,1072.2417877197265,1078.370268205424,1097.0081787109375
2023-04-27,RELIANCE,1096.0621337890625,1100.215576171875,1090.985595703125,1097.0081787109375,9167125,58.69924476116672,6.9653536594491925,1076.2510681152344,1080.1453073011874,1117.060302734375
2023-04-28,RELIANCE,1099.2926025390625,1118.6295166015625,1099.17724609375,1117.060302734375,15565210,65.22676827692118,8.967927973072165,1080.472637939453,1083.6610211519671,1126.544189453125
2023-05-02,RELIANCE,1124.305908203125,1128.736328125,1120.5677490234375,1126.544189453125,12981805,67.81749141914689,11.191247210904066,1084.927264404297,1087.745132418744,1116.875732421875
2023-05-03,RELIANCE,1128.3670654296875,1128.3670654296875,1113.6221923828125,1116.875732421875,7061872,62.689729608748245,12.034355486360482,1089.2053649902343,1090.5194752761852,1129.7515869140625
2023-05-04,RELIANCE,1117.3603515625,1131.9898681640625,1114.3375244140625,1129.7515869140625,8635233,66.33983902488151,13.584900442446951,1091.903985595703,1094.2558668607448,1126.8671875
2023-05-05,RELIANCE,1126.5211181640625,1135.91259765625,1124.213623046875,1126.8671875,8746585,64.81021405527069,14.414806646322177,1094.4491577148438,1097.3617069216261,1140.781494140625
2023-05-08,RELIANCE,1130.674560546875,1146.2041015625,1127.974853515625,1140.781494140625,9153782,68.57450770929448,16.01071993811115,1097.8192626953125,1101.4969247520069,1144.3118896484375
2023-05-09,RELIANCE,1142.2120361328125,1147.6578369140625,1136.7894287109375,1144.3118896484375,6464721,69.4669567729545,17.36024799995812,1101.0059204101562,1105.5745404564288,1152.1805419921875
2023-05-10,RELIANCE,1149.1346435546875,1153.680419921875,1145.0733642578125,1152.1805419921875,10872255,71.41543104271355,18.84743173395509,1104.9690551757812,1110.0132072693582,1144.6580810546875
2023-05-11,RELIANCE,1153.2650146484375,1158.1337890625,1142.9273681640625,1144.6580810546875,10557860,67.01266375398222,19.197736274306862,1108.290704345703,1113.312719058437,1146.527099609375
2023-05-12,RELIANCE,1139.812255859375,1147.9346923828125,1133.67431640625,1146.527099609375,6955341,67.54798404472393,19.40250927439456,1111.4681274414063,1116.4759933966216,1148.7884521484375
2023-05-15,RELIANCE,1149.0885009765625,1155.849365234375,1141.3582763671875,1148.7884521484375,6833343,68.21996986051774,19.52222553940942,1114.5544067382812,1119.553370420604,1132.4283447265625
2023-05-16,RELIANCE,1150.9805908203125,1153.56494140625,1130.7437744140625,1132.4283447265625,8717229,58.74285701975473,18.088465034876663,1116.5469360351562,1120.779558449743,1125.736572265625
2023-05-17,RELIANCE,1136.674072265625,1137.5970458984375,1120.983154296875,1125.736572265625,8798967,55.35547036973277,16.22519544002671,1118.8302062988282,1121.2516550036364,1123.313720703125
2023-05-18,RELIANCE,1130.4669189453125,1133.9051513671875,1120.1292724609375,1123.313720703125,10525531,54.13820878933791,14.38719041411855,1120.7235107421875,1121.4480422131114,1126.95947265625
2023-05-19,RELIANCE,1123.313720703125,1128.8055419921875,1116.298828125,1126.95947265625,8050447,55.71623039436587,13.074030616130585,1122.9364013671875,1121.9729403505532,1132.9820556640625
2023-05-22,RELIANCE,1123.7520751953125,1138.05859375,1122.5291748046875,1132.9820556640625,7434906,58.27060385326888,12.37664388481312,1125.3823486328124,1123.0214275232684,1132.7744140625
2023-05-23,RELIANCE,1135.589599609375,1138.9815673828125,1131.34375,1132.7744140625,6092034,58.146073144594574,11.672649891948822,1127.6102355957032,1123.9502833841475,1126.1749267578125
2023-05-24,RELIANCE,1128.782470703125,1137.1356201171875,1123.0367431640625,1126.1749267578125,8112254,54.18267336155884,10.461611167912906,1129.091650390625,1124.1621541816394,1126.0364990234375
2023-05-25,RELIANCE,1123.2445068359375,1130.213134765625,1115.0067138671875,1126.0364990234375,11487863,54.09937483219484,9.382528346420031,1130.888037109375,1124.3406632141916,1156.7493896484375
2023-05-26,RELIANCE,1134.3665771484375,1157.903076171875,1131.020751953125,1156.7493896484375,12626260,66.43052776300694,10.880200848425147,1133.87509765625,1127.4272085888817,1163.2564697265625
2023-05-29,RELIANCE,1163.4410400390625,1167.5946044921875,1157.0723876953125,1163.2564697265625,10010304,68.36937250158229,12.448683403539235,1136.1849060058594,1130.8395191734228,1162.95654296875
2023-05-30,RELIANCE,1163.2564697265625,1171.148193359375,1160.3720703125,1162.95654296875,11342504,68.17392480294654,13.511760383093588,1138.0055236816406,1133.8982833444063,1139.8583984375
2023-05-31,RELIANCE,1153.7496337890625,1158.29541015625,1135.7510986328125,1139.8583984375,27107927,55.1082425235683,12.348088249105103,1139.1546569824218,1134.4659133532723,1136.7894287109375
2023-06-01,RELIANCE,1144.5888671875,1146.781005859375,1134.3665771484375,1136.7894287109375,14592692,53.637348807621684,11.050842259968476,1139.5065490722657,1134.6872005301927,1133.0743408203125
2023-06-02,RELIANCE,1140.3660888671875,1145.8348388671875,1131.1361083984375,1133.0743408203125,15800644,51.83375564520873,9.612185630367321,1139.8169067382812,1134.5335948435375,1143.25048828125
2023-06-05,RELIANCE,1138.6124267578125,1146.250244140625,1134.57421875,1143.25048828125,10908682,56.180259421832176,9.187264870379977,1139.9403564453125,1135.3637751709387,1144.2196044921875
2023-06-06,RELIANCE,1146.11181640625,1148.0731201171875,1136.212646484375,1144.2196044921875,7493309,56.58209032874404,8.82695998556028,1139.9357421875,1136.2071874872481,1152.8958740234375
2023-06-07,RELIANCE,1147.7501220703125,1153.7496337890625,1141.1044921875,1152.8958740234375,10312545,60.108970020949805,9.136201762219116,1139.9715087890625,1137.7965862049805,1153.5880126953125
2023-06-08,RELIANCE,1156.5185546875,1161.52587890625,1149.5960693359375,1153.5880126953125,12071109,60.38542315607388,9.329582287418134,1140.4180053710938,1139.300531585012,1145.4195556640625
2023-06-09,RELIANCE,1156.9801025390625,1157.6954345703125,1143.5965576171875,1145.4195556640625,5877018,55.49722157056557,8.723156413928109,1140.3626281738282,1139.883295783017,1146.434814453125
2023-06-12,RELIANCE,1142.44287109375,1148.765380859375,1137.5970458984375,1146.434814453125,6391969,55.97425098514281,8.229616542783788,1140.2449462890625,1140.507249942075,1163.371826171875
2023-06-13,RELIANCE,1151.442138671875,1164.57177734375,1147.4039306640625,1163.371826171875,11248016,63.083493683747164,9.100255851584734,1141.7921203613282,1142.6848286306274,1177.6783447265625
2023-06-14,RELIANCE,1163.4410400390625,1179.132080078125,1161.5950927734375,1177.6783447265625,13277380,67.81170063202748,10.819934786186423,1144.389208984375,1146.017544449288,1178.00146484375
2023-06-15,RELIANCE,1177.6552734375,1182.616455078125,1170.1328125,1178.00146484375,11813494,67.91166329286295,12.06973345043707,1147.1235961914062,1149.0636321059035,1189.4697265625
2023-06-16,RELIANCE,1181.5318603515625,1191.7772216796875,1181.5318603515625,1189.4697265625,24171579,71.31645733655907,13.826220706825097,1150.2491088867187,1152.9118315779601,1177.6552734375
2023-06-19,RELIANCE,1192.515625,1192.515625,1173.4326171875,1177.6552734375,6798554,63.80538901009347,14.102358670299282,1152.4827697753906,1155.2683498502972,1180.1011962890625
2023-06-20,RELIANCE,1175.6939697265625,1183.2855224609375,1169.902099609375,1180.1011962890625,6921096,64.63579349043356,14.35311179029327,1154.8491088867188,1157.6333828444654,1183.424072265625
2023-06-21,RELIANCE,1180.0550537109375,1185.9853515625,1175.901611328125,1183.424072265625,6961603,65.7842841351506,14.65107528938438,1157.7115661621094,1160.0896389798138,1170.1328125
2023-06-22,RELIANCE,1179.5936279296875,1187.5775146484375,1168.517578125,1170.1328125,7619166,57.71085969182468,13.65728722002541,1159.9163818359375,1161.046131696022,1160.5567626953125
2023-06-23,RELIANCE,1167.0869140625,1169.1636962890625,1159.28759765625,1160.5567626953125,6628570,52.693263968370864,11.95913832405654,1160.1067504882812,1160.999525124526,1151.6959228515625
2023-06-26,RELIANCE,1156.9801025390625,1160.856689453125,1148.53466796875,1151.6959228515625,12641159,48.4919873239022,9.785545687838294,1159.5287231445313,1160.113467765196,1152.111328125
2023-06-27,RELIANCE,1152.157470703125,1158.1337890625,1147.588623046875,1152.111328125,9689466,48.69849589383534,8.004210046655317,1158.9864624023437,1159.3513592280344,1167.3638916015625
2023-06-28,RELIANCE,1159.7491455078125,1171.2174072265625,1152.75732421875,1167.3638916015625,11354006,55.71855248826181,7.73408935101952,1160.3617370605468,1160.1144575493229,1176.93994140625
2023-06-30,RELIANCE,1175.1632080078125,1179.8935546875,1169.186767578125,1176.93994140625,11151555,59.46854932550531,8.19821996591213,1162.3692626953125,1161.716884583316,1207.1451416015625
2023-07-03,RELIANCE,1180.5396728515625,1210.0526123046875,1179.2935791015625,1207.1451416015625,12154387,68.52332909025814,10.877959694403899,1166.072802734375,1166.0433852517206,1194.707763671875
2023-07-04,RELIANCE,1211.4371337890625,1211.4371337890625,1187.554443359375,1194.707763671875,8061643,62.346965418039744,11.861350020689542,1168.6456665039063,1168.7733260536402,1192.746337890625
2023-07-05,RELIANCE,1204.0531005859375,1204.0531005859375,1188.7313232421875,1192.746337890625,10248062,61.40694000731006,12.340173433142127,1171.072003173828,1171.056470038115,1217.78271484375
2023-07-06,RELIANCE,1188.8466796875,1220.4132080078125,1188.8466796875,1217.78271484375,19117987,68.0324322954289,14.571895083795653,1174.3163452148438,1175.5065885910326,1215.406005859375
2023-07-07,RELIANCE,1216.0521240234375,1229.8740234375,1212.821533203125,1215.406005859375,13375267,66.85900003297738,15.964738451408266,1177.407244873047,1179.3065330927795,1262.22509765625
2023-07-10,RELIANCE,1240.9268798828125,1271.8935546875,1234.5120849609375,1262.22509765625,33240016,75.73704558698546,20.60891948445783,1183.2475219726562,1187.2035392416815,1275.9085693359375
2023-07-11,RELIANCE,1270.462890625,1278.3544921875,1263.4019775390625,1275.9085693359375,20069348,77.62372274495961,25.10422237101625,1189.721209716797,1195.6516373458965,1277.316162109375
2023-07-12,RELIANCE,1276.64697265625,1293.12255859375,1274.5009765625,1277.316162109375,18733835,77.81483214208573,28.452381920804555,1195.4184265136719,1203.4292111328944,1265.89404296875
2023-07-13,RELIANCE,1284.7694091796875,1291.738037109375,1263.240478515625,1265.89404296875,14682934,72.41040663573858,29.840173979411702,1199.8292114257813,1209.3782427363092,1264.8326416015625
2023-07-14,RELIANCE,1269.12451171875,1274.1549072265625,1257.6331787109375,1264.8326416015625,15124144,71.91060493176319,30.502746292568872,1204.1707702636718,1214.6596140568095,1290.6766357421875
2023-07-17,RELIANCE,1267.7401123046875,1299.1451416015625,1258.9715576171875,1290.6766357421875,22220040,76.21544021291338,32.7358751725842,1209.2311157226563,1221.8993304077978,1301.63720703125
2023-07-18,RELIANCE,1300.0450439453125,1309.482666015625,1288.968994140625,1301.63720703125,25867313,77.7713535750434,34.986766732150045,1215.4302124023438,1229.4934138957456,1311.5133056640625
2023-07-19,RELIANCE,1306.0445556640625,1318.0435791015625,1290.8150634765625,1311.5133056640625,39122156,79.09817194107487,37.13941309588449,1222.0008178710937,1237.304832159395,1309.925048828125
2023-07-20,RELIANCE,1290.0,1315.4749755859375,1290.0,1309.925048828125,38717624,78.28885543414876,38.27601966636098,1228.3258666992188,1244.2210432707025,1269.375
2023-07-21,RELIANCE,1304.5,1307.449951171875,1261.800048828125,1269.375,30249238,61.09995259216915,35.495567703477946,1233.2879760742187,1246.6166581973023,1243.699951171875
2023-07-24,RELIANCE,1240.5,1257.4749755859375,1234.6500244140625,1243.699951171875,23727866,53.1437634445495,30.86449098611547,1237.445135498047,1246.338876575833,1242.9000244140625
2023-07-25,RELIANCE,1247.0,1252.5999755859375,1240.0,1242.9000244140625,12026020,52.912585266380816,26.820610614497582,1242.0053405761719,1246.0113668461404,1263.0999755859375
2023-07-26,RELIANCE,1242.5,1273.5,1242.5,1263.0999755859375,12911012,57.893698404614916,24.958072404125915,1247.5547729492187,1247.6388533927877,1251.3499755859375
2023-07-27,RELIANCE,1267.0250244140625,1268.824951171875,1245.175048828125,1251.3499755859375,17226898,54.2957135206283,22.277074405639496,1251.7540771484375,1247.9922936016592,1263.925048828125
2023-07-28,RELIANCE,1256.0250244140625,1271.425048828125,1250.2750244140625,1263.925048828125,20827852,57.35062119874736,20.925847350297545,1256.1033325195312,1249.5096988613225,1274.625
2023-07-31,RELIANCE,1263.925048828125,1276.949951171875,1258.9749755859375,1274.625,8551174,59.81208037726866,20.482279838024624,1259.4773254394531,1251.9016323031012,1256.5999755859375
2023-08-01,RELIANCE,1277.5,1279.5,1252.6500244140625,1256.5999755859375,9536632,54.14313732474972,18.463445453919803,1262.5719360351563,1252.3490935681334,1243.175048828125
2023-08-02,RELIANCE,1254.5999755859375,1256.0,1231.800048828125,1243.175048828125,12748214,50.31791591511546,15.600393640064112,1265.0933715820313,1251.475375021466,1237.949951171875
2023-08-03,RELIANCE,1237.6500244140625,1250.449951171875,1229.0250244140625,1237.949951171875,10168350,48.870714368488755,12.76266270631595,1266.1017333984375,1250.187239416743,1254.7750244140625
2023-08-04,RELIANCE,1249.4000244140625,1258.0,1235.800048828125,1254.7750244140625,22885610,53.507689216948584,11.73609687490648,1268.0701843261718,1250.6241713212498,1261.925048828125
2023-08-07,RELIANCE,1260.5,1264.199951171875,1252.5,1261.925048828125,5982870,55.36045294260368,11.368435030053206,1268.0551818847657,1251.7004453695238,1254.324951171875
2023-08-08,RELIANCE,1264.0,1267.2249755859375,1249.7750244140625,1254.324951171875,9844072,52.94520419264987,10.344550466435294,1266.9760009765625,1251.950398303081,1262.5999755859375
2023-08-09,RELIANCE,1252.425048828125,1264.5,1240.550048828125,1262.5999755859375,11486586,55.235194918390086,10.08459099843867,1266.2401916503907,1252.9646437585911,1268.2249755859375
2023-08-10,RELIANCE,1262.4749755859375,1275.0,1254.2249755859375,1268.2249755859375,15470598,56.77512671197887,10.214712885353492,1266.35673828125,1254.418008694529,1273.574951171875
2023-08-11,RELIANCE,1266.2249755859375,1279.425048828125,1256.175048828125,1273.574951171875,22179330,58.2463323302687,10.627031927423104,1266.7938537597656,1256.242479406657,1288.625
2023-08-14,RELIANCE,1269.5,1291.1500244140625,1262.5,1288.625,9575812,62.14921364313469,12.029541830690732,1266.6912719726563,1259.3265289869753,1287.574951171875
2023-08-16,RELIANCE,1275.5,1291.4000244140625,1275.5,1287.574951171875,10203112,61.71575959631058,12.907521001312716,1265.9881591796875,1262.0168549093466,1269.0
2023-08-17,RELIANCE,1283.550048828125,1289.050048828125,1266.425048828125,1269.0,13673744,54.47759844993665,11.966539676820958,1263.8624938964845,1262.6819163465518,1278.4000244140625
2023-08-18,RELIANCE,1265.625,1288.800048828125,1254.2750244140625,1278.4000244140625,18639978,57.21246074549236,11.842792271268536,1262.2862426757813,1264.178879019648,1260.0
2023-08-21,RELIANCE,1269.9749755859375,1277.7249755859375,1257.824951171875,1260.0,9221746,50.781315123927065,10.143070364699724,1261.8174926757813,1263.7808905415864,1259.699951171875
2023-08-22,RELIANCE,1258.449951171875,1268.9749755859375,1249.5,1259.699951171875,7713044,50.681268276199525,8.671853347740125,1262.6174926757812,1263.3922296492328,1261.0999755859375
2023-08-23,RELIANCE,1262.0999755859375,1271.425048828125,1258.4749755859375,1261.0999755859375,9517952,51.16472925048191,7.532048762381237,1263.527490234375,1263.1739197384427,1239.9000244140625
2023-08-24,RELIANCE,1269.949951171875,1269.949951171875,1235.5,1239.9000244140625,14140020,44.112938085636564,4.862039962279141,1262.3674926757812,1260.9573582789778,1234.175048828125
2023-08-25,RELIANCE,1228.0,1252.5,1221.300048828125,1234.175048828125,22222400,42.4129318345723,2.258051653779603,1261.5087463378907,1258.4066621408015,1221.875
2023-08-28,RELIANCE,1236.0,1242.0,1215.550048828125,1221.875,12580826,38.94071869299094,-0.7890433850809586,1259.4062438964843,1254.92745622263,1210.175048828125
2023-08-29,RELIANCE,1226.0250244140625,1226.7249755859375,1204.074951171875,1210.175048828125,16876644,35.92771556253314,-4.100706048781149,1256.1837463378906,1250.6653221850584,1209.0250244140625
2023-08-30,RELIANCE,1216.0,1221.5,1207.5,1209.0250244140625,12168946,35.63584494623656,-6.740321695266175,1253.804998779297,1246.6995795402017,1203.5
2023-08-31,RELIANCE,1211.5,1212.5,1199.949951171875,1203.5,21638600,34.1984407727587,-9.172326537420076,1251.8212463378907,1242.5853338697063,1206.324951171875
2023-09-01,RELIANCE,1203.2750244140625,1212.824951171875,1200.824951171875,1206.324951171875,18112842,35.62815495619134,-10.747863268560195,1250.2399963378907,1239.1319640889606,1205.3499755859375
2023-09-04,RELIANCE,1206.324951171875,1211.824951171875,1202.6500244140625,1205.3499755859375,9347626,35.3427373869622,-11.93755120131118,1247.7687438964845,1235.9146318505773,1211.800048828125
2023-09-05,RELIANCE,1210.0,1216.9749755859375,1206.2249755859375,1211.800048828125,8675876,38.83377583131328,-12.21906665977258,1245.2624938964843,1233.618004896058,1214.3499755859375
2023-09-06,RELIANCE,1210.550048828125,1218.074951171875,1208.625,1214.3499755859375,8200370,40.20821826870646,-12.096965620510673,1243.2637451171875,1231.7829544855704,1216.0
2023-09-07,RELIANCE,1210.8499755859375,1219.125,1205.5,1216.0,13652572,41.13005887124371,-11.731819375858777,1240.9337463378906,1230.2798159631352,1224.0999755859375
2023-09-08,RELIANCE,1220.0,1228.0,1211.4749755859375,1224.0999755859375,23109288,45.56672572931967,-10.665888289850272,1238.7274963378907,1229.6912597367354,1237.300048828125
2023-09-11,RELIANCE,1226.0,1238.425048828125,1226.0,1237.300048828125,13271074,51.925265950974435,-8.656211216935844,1236.913751220703,1230.415906316868,1219.425048828125
2023-09-12,RELIANCE,1241.5,1241.5,1217.9749755859375,1219.425048828125,16255666,44.36721931451191,-8.408957541952077,1233.4537536621094,1229.3691579846068,1225.5250244140625
2023-09-13,RELIANCE,1220.0,1231.324951171875,1213.125,1225.5250244140625,12803338,47.19207749876643,-7.632803960201272,1230.3512573242188,1229.0030500255073,1226.6500244140625
2023-09-14,RELIANCE,1230.0,1232.9000244140625,1222.5,1226.6500244140625,9209636,47.719326979688404,-6.8479793139840694,1228.2337585449218,1228.7789523482268,1228.925048828125
2023-09-15,RELIANCE,1234.0,1234.0,1224.75,1228.925048828125,25468592,48.83191521329709,-5.973565130054112,1225.760009765625,1228.7928662986933,1218.2249755859375
2023-09-18,RELIANCE,1220.0250244140625,1225.5,1216.0250244140625,1218.2249755859375,7516300,44.080478338692124,-6.0739750721631935,1223.6712585449218,1227.786400516526,1191.074951171875
2023-09-20,RELIANCE,1211.5250244140625,1213.800048828125,1177.5,1191.074951171875,57081884,34.82194173635577,-8.249238654456576,1220.240008544922,1224.2900720075118,1182.4000244140625
2023-09-21,RELIANCE,1187.4749755859375,1195.050048828125,1180.0,1182.4000244140625,12226182,32.47488319263094,-10.55151352548728,1216.3050109863282,1220.3005436652786,1177.4749755859375
2023-09-22,RELIANCE,1188.0,1191.2249755859375,1175.0,1177.4749755859375,19176786,31.189567819020056,-12.627926353461362,1213.1837585449218,1216.2219181339128,1170.2249755859375
2023-09-25,RELIANCE,1175.199951171875,1180.3499755859375,1167.550048828125,1170.2249755859375,14254884,29.348139456879366,-14.689185106393097,1209.9862548828125,1211.8412569388674,1171.25
2023-09-26,RELIANCE,1169.2750244140625,1175.0999755859375,1167.800048828125,1171.25,10087782,29.977592583896865,-16.054964972595144,1207.4550048828125,1207.9754229446896,1184.449951171875
2023-09-27,RELIANCE,1171.75,1185.9000244140625,1169.25,1184.449951171875,11722778,37.67784644123948,-15.889070301662741,1206.16875,1205.734901823469,1167.050048828125
2023-09-28,RELIANCE,1191.5,1191.5,1162.5,1167.050048828125,14518346,32.59022759082083,-16.96605021594155,1204.070001220703,1202.0506301096268,1172.5
2023-09-29,RELIANCE,1170.9000244140625,1184.550048828125,1167.050048828125,1172.5,12342014,35.526783779763264,-17.181738656826155,1202.520001220703,1199.2362843849005,1159.074951171875
2023-10-03,RELIANCE,1164.9749755859375,1167.800048828125,1158.0,1159.074951171875,8859056,31.846471117771372,-18.22586610355961,1200.1575012207031,1195.4113955074697,1157.074951171875
2023-10-04,RELIANCE,1154.5,1159.5,1147.550048828125,1157.074951171875,10286386,31.32583972704775,-18.99575665466341,1197.74375,1191.7603055707464,1157.050048828125
2023-10-05,RELIANCE,1159.625,1164.699951171875,1154.5,1157.050048828125,10953682,31.318974238053542,-19.384457909819957,1195.00625,1188.454566833354,1159.0
2023-10-06,RELIANCE,1158.5250244140625,1162.4000244140625,1156.0250244140625,1159.0,5431026,32.56526846298844,-19.312538766561374,1192.238751220703,1185.649369992082,1149.125
2023-10-09,RELIANCE,1154.050048828125,1155.9749755859375,1147.5,1149.125,7576878,29.63266973590649,-19.823855235329574,1188.895001220703,1182.1708585642646,1154.199951171875
2023-10-10,RELIANCE,1153.2750244140625,1158.949951171875,1151.875,1154.199951171875,10236032,32.973276939948306,-19.593707016404778,1185.4,1179.5069626221323,1172.5250244140625
2023-10-11,RELIANCE,1157.2249755859375,1174.8499755859375,1156.5,1172.5250244140625,9814118,43.41869513890609,-17.72827214731319,1182.1612487792968,1178.8420161261256,1174.699951171875
2023-10-12,RELIANCE,1171.925048828125,1179.675048828125,1169.074951171875,1174.699951171875,12554450,44.52371183780004,-15.891219079483562,1179.9249938964845,1178.4475337495303,1174.6500244140625
2023-10-13,RELIANCE,1170.0,1178.75,1164.574951171875,1174.6500244140625,10150316,44.50222606251696,-14.274818735459803,1177.3812438964844,1178.0858661937714,1172.0250244140625
2023-10-16,RELIANCE,1172.5,1177.2750244140625,1168.0,1172.0250244140625,5929036,43.31859950767834,-13.055133921931656,1174.6499938964844,1177.5086431671323,1177.625
2023-10-17,RELIANCE,1178.0,1179.8499755859375,1170.6500244140625,1177.625,7928180,46.58264960765725,-11.50404225294551,1172.0849914550781,1177.5197247702627,1162.0
2023-10-18,RELIANCE,1177.625,1183.5,1160.5,1162.0,8918320,39.71120722279644,-11.404138042167688,1169.2737426757812,1176.0416557445235,1153.074951171875
2023-10-19,RELIANCE,1156.0,1160.9000244140625,1150.5,1153.074951171875,12032556,36.4075816987933,-11.907873532352596,1167.3737426757812,1173.8543505471284,1149.550048828125
2023-10-20,RELIANCE,1150.0,1157.3499755859375,1148.1500244140625,1149.550048828125,8913312,35.16338354420522,-12.448024618667205,1165.7312438964843,1171.5396551453186,1131.5999755859375
2023-10-23,RELIANCE,1145.0,1153.125,1127.625,1131.5999755859375,7853962,29.613420272087154,-14.161276758391296,1163.4374938964843,1167.7358761396633,1128.9749755859375
2023-10-25,RELIANCE,1125.0250244140625,1140.5999755859375,1121.5,1128.9749755859375,11620688,28.89517537009064,-15.551587958934078,1161.3749938964843,1164.0443618012134,1113.25
2023-10-26,RELIANCE,1125.5,1129.0,1110.1500244140625,1113.25,15222534,24.985681496005895,-17.718051049303995,1158.4749938964844,1159.2068035344314,1132.9000244140625
2023-10-27,RELIANCE,1120.0,1136.75,1117.9749755859375,1132.9000244140625,11771084,36.540196551460824,-17.64598398964813,1155.8974975585938,1156.7013959991582,1156.25
2023-10-30,RELIANCE,1137.0,1162.5,1134.9749755859375,1156.25,16813304,46.9893017050892,-15.525751243863851,1155.3574951171875,1156.6584059040003,1143.949951171875
2023-10-31,RELIANCE,1164.0,1164.0,1141.449951171875,1143.949951171875,12808438,42.97507320308422,-14.668869070420442,1153.9299926757812,1155.448076881893,1148.699951171875
2023-11-01,RELIANCE,1144.574951171875,1158.75,1137.5999755859375,1148.699951171875,10309190,44.93156177890099,-13.451438660224767,1153.4112426757813,1154.8053982428437,1160.0999755859375
2023-11-02,RELIANCE,1156.9749755859375,1162.1500244140625,1153.9749755859375,1160.0999755859375,10562104,49.41708669877572,-11.434915010542682,1153.5624938964843,1155.3096437040906,1159.8499755859375
2023-11-03,RELIANCE,1163.5999755859375,1167.4749755859375,1157.875,1159.8499755859375,8850156,49.322207298947944,-9.744648162381054,1153.702490234375,1155.7420562642665,1169.5
2023-11-06,RELIANCE,1166.1500244140625,1170.0,1162.800048828125,1169.5,10647304,53.06794568414766,-7.53951238036484,1154.227490234375,1157.0523366200505,1161.9000244140625
2023-11-07,RELIANCE,1167.0250244140625,1169.550048828125,1159.7750244140625,1161.9000244140625,6960204,49.937440017264144,-6.332187385579118,1154.8662414550781,1157.5140211718613,1167.949951171875
2023-11-08,RELIANCE,1166.0,1170.5,1160.875,1167.949951171875,7884494,52.34730276924464,-4.8315005698327695,1155.5537414550781,1158.5079192671008,1155.2750244140625
2023-11-09,RELIANCE,1167.925048828125,1167.949951171875,1152.0999755859375,1155.2750244140625,14513610,47.21897435140789,-4.611794223989591,1154.6912414550782,1158.2000245191923,1157.449951171875
2023-11-10,RELIANCE,1152.7750244140625,1158.175048828125,1149.0250244140625,1157.449951171875,7734954,48.157510978588974,-4.213605132190196,1153.8287414550782,1158.128588962305,1157.300048828125
2023-11-13,RELIANCE,1161.449951171875,1162.300048828125,1155.8499755859375,1157.300048828125,3854810,48.09403446268754,-3.8655733511400285,1152.9612426757812,1158.0496803780973,1178.2249755859375
2023-11-15,RELIANCE,1170.0,1180.9749755859375,1163.5,1178.2249755859375,12220648,56.678161474312006,-1.8796218342968132,1153.271240234375,1159.9711370645582,1180.3499755859375
2023-11-16,RELIANCE,1175.550048828125,1187.074951171875,1173.4749755859375,1180.3499755859375,13134910,57.447789123639105,-0.13274105233358569,1153.407489013672,1161.911978828499,1177.7750244140625
2023-11-17,RELIANCE,1176.449951171875,1186.625,1176.0250244140625,1177.7750244140625,7758634,56.14615610114856,1.0320012452068568,1154.196240234375,1163.422745074743,1174.675048828125
2023-11-20,RELIANCE,1174.2750244140625,1179.199951171875,1168.199951171875,1174.675048828125,4490186,54.543887630923265,1.685496431636011,1155.2762451171875,1164.4943930512557,1189.449951171875
2023-11-21,RELIANCE,1183.0,1194.0,1180.0999755859375,1189.449951171875,8214450,60.351446657645965,3.3569108366687033,1157.271240234375,1166.871112872267,1194.0999755859375
2023-11-22,RELIANCE,1187.5,1197.2249755859375,1186.0999755859375,1194.0999755859375,8534814,61.99708192263238,4.999110271514837,1160.396240234375,1169.4643378926166,1197.75
2023-11-23,RELIANCE,1194.0999755859375,1200.0,1194.0999755859375,1197.75,8531542,63.285248573192064,6.51993388145911,1163.8349914550781,1172.1582104742722,1196.949951171875
2023-11-24,RELIANCE,1195.800048828125,1201.300048828125,1195.5250244140625,1196.949951171875,6749486,62.78290377226552,7.573339551035588,1168.0199890136719,1174.5193286359486,1197.199951171875
2023-11-28,RELIANCE,1196.949951171875,1199.8499755859375,1187.625,1197.199951171875,13792174,62.8820535081255,8.332294539438408,1171.2349853515625,1176.6793879250845,1200.3499755859375
2023-11-29,RELIANCE,1204.0,1205.9749755859375,1199.0250244140625,1200.3499755859375,12531306,64.1770512249305,9.083246468916286,1173.4399841308593,1178.9337296070705,1188.7249755859375
2023-11-30,RELIANCE,1197.3499755859375,1200.3499755859375,1184.949951171875,1188.7249755859375,28439984,56.361947008890546,8.640735912593755,1175.6787353515624,1179.8662292241054,1197.1500244140625
2023-12-01,RELIANCE,1189.0,1198.199951171875,1188.800048828125,1197.1500244140625,14342842,60.149453973400384,8.867653350053843,1178.1012390136718,1181.5123049564822,1210.0999755859375
2023-12-04,RELIANCE,1225.0,1225.0,1199.300048828125,1210.0999755859375,15590990,65.15557923248095,9.977426326445993,1180.6012390136718,1184.2349402545256,1218.875
2023-12-05,RELIANCE,1219.5,1220.425048828125,1210.824951171875,1218.875,12693624,68.08157550006283,11.43320566204693,1183.552490234375,1187.5339935636182,1230.550048828125
2023-12-06,RELIANCE,1223.550048828125,1236.4749755859375,1217.5,1230.550048828125,16422442,71.5095309778095,13.374823502017307,1186.6049926757812,1191.6307607316664,1228.5250244140625
2023-12-07,RELIANCE,1230.0,1230.4749755859375,1221.0,1228.5250244140625,8142096,70.10319915223148,14.582074010250835,1189.9362426757812,1195.1445001299899,1227.875
2023-12-08,RELIANCE,1231.925048828125,1238.3499755859375,1222.5,1227.875,10204894,69.6298263780321,15.309894267030131,1192.9324951171875,1198.2616905938003,1229.675048828125
2023-12-11,RELIANCE,1228.0,1233.800048828125,1226.199951171875,1229.675048828125,7066138,70.22933207972602,15.849245722111846,1196.6524963378906,1201.2534389970692,1212.0250244140625
2023-12-12,RELIANCE,1230.0,1232.4749755859375,1210.074951171875,1212.0250244140625,9197124,58.11544967131838,14.683217185545573,1199.38125,1202.279304274878,1216.9749755859375
2023-12-13,RELIANCE,1211.0,1219.175048828125,1203.1500244140625,1216.9749755859375,10031182,60.18942485389519,13.997199853678467,1202.3649963378907,1203.6788920187885,1232.074951171875
2023-12-14,RELIANCE,1227.0,1237.4749755859375,1221.324951171875,1232.074951171875,16972354,65.75937595860393,14.504766095068817,1205.0574951171875,1206.3832786047967,1247.800048828125
2023-12-15,RELIANCE,1239.0,1250.0,1235.0250244140625,1247.800048828125,15932152,70.4034192621412,15.991559218650082,1208.429998779297,1210.3277329117805,1260.5
2023-12-18,RELIANCE,1247.800048828125,1267.449951171875,1245.4749755859375,1260.5,14165188,73.52634642042108,17.987287152903036,1212.5662475585937,1215.1060440630395,1279.050048828125
2023-12-19,RELIANCE,1277.5,1286.949951171875,1262.5999755859375,1279.050048828125,16820604,77.2948756505553,20.825684305311825,1217.7849975585937,1221.1959492787619,1263.574951171875
2023-12-20,RELIANCE,1285.5250244140625,1299.425048828125,1260.0,1263.574951171875,17736722,68.53060828479647,21.577689277722357,1221.4912475585938,1225.2320446971537,1281.2750244140625
2023-12-21,RELIANCE,1263.5,1286.75,1259.125,1281.2750244140625,13765454,72.38718478123218,23.332939024398684,1225.85,1230.5694713368594,1282.5250244140625
2023-12-22,RELIANCE,1279.800048828125,1290.449951171875,1273.824951171875,1282.5250244140625,16541784,72.64216992770764,24.541947355562115,1230.0887512207032,1235.517619248974,1289.0250244140625
2023-12-26,RELIANCE,1284.0,1295.9749755859375,1281.3499755859375,1289.0250244140625,7465664,73.9873393839599,25.728014311823244,1234.6925048828125,1240.61356259803,1293.425048828125
2023-12-27,RELIANCE,1291.0,1299.949951171875,1286.550048828125,1293.425048828125,9204156,74.88748340184682,26.715071403898037,1239.503759765625,1245.6432279532771,1302.7750244140625
2023-12-28,RELIANCE,1294.9000244140625,1306.0,1293.425048828125,1302.7750244140625,12302636,76.73020551111807,27.929828472590998,1244.6250122070312,1251.0843514257328,1292.4749755859375
2023-12-29,RELIANCE,1305.550048828125,1307.0,1289.6500244140625,1292.4749755859375,10864584,70.5855322609603,27.741616258382237,1249.8125122070312,1255.0263156314666,1295.125
2024-01-01,RELIANCE,1290.2750244140625,1303.425048828125,1286.574951171875,1295.125,4030540,71.22402757724151,27.489410730327336,1254.7112609863282,1258.8452379522791,1305.8499755859375
2024-01-02,RELIANCE,1292.5,1307.5,1286.5,1305.8499755859375,7448800,73.7111618645809,27.834097776680437,1259.498760986328,1263.3218796316753,1291.6500244140625
2024-01-03,RELIANCE,1305.0,1317.0,1288.5999755859375,1291.6500244140625,9037536,65.62381745143429,26.654194397272704,1263.1375122070312,1266.019798182379,1298.324951171875
2024-01-04,RELIANCE,1294.0,1304.925048828125,1289.550048828125,1298.324951171875,9612778,67.4326542466485,25.958489959359667,1266.5262573242187,1269.0964794194738,1303.8499755859375
2024-01-05,RELIANCE,1301.449951171875,1309.925048828125,1299.0,1303.8499755859375,8086406,68.89176894719495,25.558341820699297,1270.2925048828124,1272.4063361972323,1293.675048828125
2024-01-08,RELIANCE,1305.0,1315.9749755859375,1284.4749755859375,1293.675048828125,7734652,63.26983731936572,24.14189722060496,1273.5825073242188,1274.4319278763649,1290.25
2024-01-09,RELIANCE,1300.0,1303.4000244140625,1288.5999755859375,1290.25,5403074,61.45192117336948,22.483802573608045,1276.6112548828125,1275.9384109357586,1325.050048828125
2024-01-10,RELIANCE,1288.5,1329.5,1287.5250244140625,1325.050048828125,11102740,70.67236685379066,23.70457217181024,1282.2625061035155,1280.6157097826508,1359.9000244140625
2024-01-11,RELIANCE,1329.5,1362.5,1328.5,1359.9000244140625,23725852,76.68640007698528,27.170933047093968,1289.408758544922,1288.1665968904044,1370.7249755859375
2024-01-12,RELIANCE,1359.9000244140625,1373.324951171875,1345.75,1370.7249755859375,15012164,78.18295573047992,30.440631455433504,1296.341259765625,1296.0292996233122,1394.125
2024-01-15,RELIANCE,1375.0,1396.449951171875,1366.0,1394.125,8610594,81.01936739805244,34.52212780889613,1303.6575073242188,1305.371747278235,1374.625
2024-01-16,RELIANCE,1389.9749755859375,1396.300048828125,1370.5,1374.625,9069024,72.55414167014112,35.77091124469848,1309.3637573242188,1311.9672951564985,1361.574951171875
2024-01-17,RELIANCE,1359.5,1386.2750244140625,1355.0250244140625,1361.574951171875,12197382,67.47321085407239,35.30062757711812,1313.4900024414062,1316.6918338246296,1367.949951171875
2024-01-18,RELIANCE,1351.4000244140625,1371.0,1351.25,1367.949951171875,10279438,68.62895780268948,35.03843236659645,1318.7087524414062,1321.573559286272,1367.449951171875
2024-01-19,RELIANCE,1376.0,1376.0,1359.0,1367.449951171875,10422704,68.42360435081602,34.39382435417542,1323.0174987792968,1325.9427394658533,1328.574951171875
2024-01-23,RELIANCE,1371.75,1371.75,1322.550048828125,1328.574951171875,20055420,54.71518057216178,30.395697571176697,1325.3199951171875,1326.1934262949983,1343.875
2024-01-24,RELIANCE,1335.2249755859375,1349.5,1323.925048828125,1343.875,21919128,58.25960128065403,28.13738905715445,1328.0624938964843,1327.8773856954747,1353.074951171875
2024-01-25,RELIANCE,1342.949951171875,1364.1500244140625,1335.199951171875,1353.074951171875,11808872,60.273114708677994,26.781304257233842,1331.044989013672,1330.2771538360842,1448.050048828125
2024-01-29,RELIANCE,1364.5,1452.5,1360.175048828125,1448.050048828125,23893438,74.14117318618241,32.99000567423627,1338.308740234375,1341.4936200258023,1407.625
2024-01-30,RELIANCE,1459.949951171875,1459.9749755859375,1404.425048828125,1407.625,14093978,63.91406042152719,34.25362818076405,1344.0662414550782,1347.7918466900117,1426.625
2024-01-31,RELIANCE,1404.0,1434.25,1402.5,1426.625,15130226,66.26915596347335,36.36896059265041,1350.6412414550782,1355.2997660528679,1426.6500244140625
2024-02-01,RELIANCE,1435.0,1443.3499755859375,1418.050048828125,1426.6500244140625,13349362,66.27227810453311,37.61380747154453,1356.6812438964844,1362.095028753934,1457.699951171875
2024-02-02,RELIANCE,1433.175048828125,1474.9000244140625,1433.175048828125,1457.699951171875,19652588,69.98463930424862,40.63738471094189,1364.983740234375,1371.2002594604046,1439.0250244140625
2024-02-05,RELIANCE,1460.75,1470.5,1431.5250244140625,1439.0250244140625,8814432,65.32726939633562,41.05344241114631,1372.0187438964845,1377.6597608845625,1427.800048828125
2024-02-06,RELIANCE,1441.8499755859375,1441.8499755859375,1419.824951171875,1427.800048828125,9047984,62.62936120027615,40.016128398340925,1378.2162475585938,1382.435026402997,1442.1500244140625
2024-02-07,RELIANCE,1435.925048828125,1449.5,1429.25,1442.1500244140625,9296568,64.63983047730068,39.892121131365,1385.6399963378906,1388.1221690707175,1450.125
2024-02-08,RELIANCE,1450.0,1459.4749755859375,1427.5250244140625,1450.125,14694634,65.7428446672333,39.976533762311874,1393.6337463378907,1394.027200587792,1460.75
2024-02-09,RELIANCE,1454.0,1471.9749755859375,1450.949951171875,1460.75,12556798,67.21037624298046,40.43467432772832,1400.4187438964843,1400.3817529127643,1452.3499755859375
2024-02-12,RELIANCE,1460.75,1461.0,1442.3499755859375,1452.3499755859375,6674430,64.8452694804723,39.66273493908125,1405.041241455078,1405.3311074530666,1465.0999755859375
2024-02-13,RELIANCE,1455.5,1479.0,1454.0,1465.0999755859375,7715594,66.75742578660316,39.62303615949622,1409.759991455078,1411.023380608578,1481.375
2024-02-14,RELIANCE,1457.5,1483.6500244140625,1457.5,1481.375,7117888,69.070099118766,40.43868110129097,1414.122491455078,1417.7235348363324,1470.5999755859375
2024-02-15,RELIANCE,1483.3499755859375,1484.7249755859375,1466.5250244140625,1470.5999755859375,10006782,65.8059778166415,39.757333383326795,1418.921240234375,1422.7593863362947,1460.574951171875
2024-02-16,RELIANCE,1476.4749755859375,1477.0,1458.550048828125,1460.574951171875,9767498,62.83088024106191,37.970721874588435,1423.871240234375,1426.360868701588,1474.0
2024-02-19,RELIANCE,1462.050048828125,1479.5,1453.5250244140625,1474.0,6729828,65.1059876077289,37.20918430987649,1429.1737426757813,1430.8979288252463,1471.0250244140625
2024-02-20,RELIANCE,1475.0250244140625,1475.5,1461.800048828125,1471.0250244140625,7117496,64.16865277305145,35.951181791524505,1434.3524963378907,1434.7195569765622,1467.699951171875
2024-02-21,RELIANCE,1474.0,1488.5250244140625,1457.550048828125,1467.699951171875,12720292,63.0756084623765,34.29061919752394,1441.3087463378906,1437.8605468999253,1481.75
2024-02-22,RELIANCE,1468.1500244140625,1484.949951171875,1458.0,1481.75,18493728,65.73184570336254,33.71963394694649,1448.2024963378906,1442.0404948142182,1493.625
2024-02-23,RELIANCE,1489.5,1497.550048828125,1483.3499755859375,1493.625,14438584,67.8377580767128,33.83530494496176,1455.229998779297,1446.9533048319117,1487.324951171875
2024-02-26,RELIANCE,1493.550048828125,1494.5250244140625,1482.5,1487.324951171875,7513106,65.53669205345798,33.037774852331495,1457.1937438964844,1450.7982235309557,1485.6500244140625
2024-02-27,RELIANCE,1483.0250244140625,1499.949951171875,1478.050048828125,1485.6500244140625,10826044,64.90634268787394,31.902818088510003,1461.0949951171874,1454.11744266268,1455.625
2024-02-28,RELIANCE,1483.0,1491.2750244140625,1450.175048828125,1455.625,8647950,54.74179477366799,28.25488342754511,1462.5449951171875,1454.2610195519485,1460.800048828125
2024-02-29,RELIANCE,1465.0,1478.9749755859375,1454.5250244140625,1460.800048828125,23628976,56.02020402651877,25.487646395385582,1464.2524963378905,1454.8837842449177,1492.125
2024-03-01,RELIANCE,1463.5,1500.0,1462.5,1492.125,12132926,62.859095182647145,25.527982188511032,1465.9737487792968,1458.4305666977828,1507.4000244140625
2024-03-04,RELIANCE,1490.4749755859375,1512.449951171875,1487.2249755859375,1507.4000244140625,10024420,65.66304630000921,26.487187595773776,1469.3924987792968,1463.0943245755238,1500.199951171875
2024-03-05,RELIANCE,1505.7750244140625,1507.4000244140625,1486.050048828125,1500.199951171875,7107668,63.239528218225445,26.36248869501287,1473.0124938964843,1466.6281937751764,1503.0
2024-03-06,RELIANCE,1493.449951171875,1509.0,1478.5,1503.0,7805676,63.7991027575389,26.18772862292826,1476.0549926757812,1470.0921753203977,1478.925048828125
2024-03-07,RELIANCE,1502.9749755859375,1503.0999755859375,1475.550048828125,1478.925048828125,8315726,55.917586413175556,23.83186375931723,1477.4949951171875,1470.9334013687528,1466.5999755859375
2024-03-11,RELIANCE,1489.0,1489.0,1463.5,1466.5999755859375,11277130,52.35195158892119,20.73131577267418,1477.7874938964844,1470.520694151342,1475.425048828125
2024-03-12,RELIANCE,1466.5999755859375,1488.0,1465.0250244140625,1475.425048828125,9432678,54.58501528216454,18.76985164550524,1478.9412475585937,1470.987775549131,1432.175048828125
2024-03-13,RELIANCE,1479.7750244140625,1483.0999755859375,1427.7750244140625,1432.175048828125,13522134,43.760853920275196,13.56904810831611,1477.2950012207032,1467.2913253852257,1431.4749755859375
2024-03-14,RELIANCE,1439.699951171875,1448.5250244140625,1425.5,1431.4749755859375,18571102,43.61010645493484,9.283865156915681,1474.8,1463.8802444519602,1418.2249755859375
2024-03-15,RELIANCE,1425.949951171875,1433.2249755859375,1412.9000244140625,1418.2249755859375,19223818,40.74897382565268,4.76374899662278,1472.18125,1459.5321236075772,1439.4749755859375
2024-03-18,RELIANCE,1420.0,1441.7249755859375,1416.5250244140625,1439.4749755859375,9169392,46.779529017246745,2.863216403839033,1471.1262512207031,1457.6219190340876,1425.25
2024-03-19,RELIANCE,1428.75,1437.5999755859375,1417.25,1425.25,8275764,43.58178487907352,0.20681000772196967,1468.6887512207031,1454.538879126079,1443.75
2024-03-20,RELIANCE,1427.949951171875,1445.0,1424.0250244140625,1443.75,8488806,48.511304892344185,-0.40099340812685114,1467.325,1453.5113668283573,1450.9749755859375
2024-03-21,RELIANCE,1452.5250244140625,1457.9000244140625,1444.675048828125,1450.9749755859375,13006936,50.33634863097556,-0.29627161131679713,1466.488751220703,1453.2698057576506,1455.0250244140625
2024-03-22,RELIANCE,1449.9749755859375,1460.0,1447.3499755859375,1455.0250244140625,19527608,51.37678053598825,0.11223251334263296,1465.1525024414063,1453.4369694392135,1441.574951171875
2024-03-26,RELIANCE,1445.0,1452.4000244140625,1439.0,1441.574951171875,11415906,47.795708999842155,-0.6419337161539715,1462.55,1452.3072534137527,1492.8499755859375
2024-03-27,RELIANCE,1448.0,1500.0,1447.0,1492.8499755859375,16326644,59.41079782104075,2.8648261281389296,1462.8262512207032,1456.168465049199,1485.8499755859375
2024-03-28,RELIANCE,1492.875,1505.949951171875,1478.6500244140625,1485.8499755859375,21854364,57.52897044262158,5.021235394999167,1462.836248779297,1458.9952755765075,1484.7750244140625
2024-04-01,RELIANCE,1492.4749755859375,1493.9749755859375,1482.5,1484.7750244140625,5013880,57.22918719720352,6.567756688429654,1464.29375,1461.4504897515128,1486.949951171875
2024-04-02,RELIANCE,1484.0,1494.0,1475.0,1486.949951171875,8910166,57.709368786438546,7.878070871217005,1465.6012451171875,1463.8790098867853,1471.5999755859375
2024-04-03,RELIANCE,1482.074951171875,1484.449951171875,1468.9000244140625,1471.5999755859375,7008292,53.172147720461126,7.590392239808125,1464.5749938964843,1464.6143399533712,1462.925048828125
2024-04-04,RELIANCE,1479.75,1479.75,1450.0,1462.925048828125,14490272,50.74402123123986,6.586485852869373,1462.3512451171875,1464.4534550843002,1460.0999755859375
2024-04-05,RELIANCE,1460.875,1470.800048828125,1456.0,1460.0999755859375,7442298,49.944149579577804,5.4995278739497735,1460.3462463378905,1464.038837989218,1485.9749755859375
2024-04-08,RELIANCE,1462.9749755859375,1490.9749755859375,1461.0,1485.9749755859375,8357118,56.679553956985195,6.649352501588737,1459.4949951171875,1466.1279939508106,1463.6500244140625
2024-04-09,RELIANCE,1489.0,1489.800048828125,1462.5,1463.6500244140625,7071414,50.38061837408808,5.6935283699131105,1458.7312438964843,1465.8919968520727,1479.574951171875
2024-04-10,RELIANCE,1466.3499755859375,1487.0,1466.3499755859375,1479.574951171875,9138330,54.283499560777166,6.150144322984943,1459.3799926757813,1467.1951353587206,1467.1500244140625
2024-04-12,RELIANCE,1475.875,1486.4749755859375,1463.074951171875,1467.1500244140625,15551012,50.918313577736264,5.446642501287442,1458.966241455078,1467.190839078277,1464.824951171875
2024-04-15,RELIANCE,1461.0,1482.125,1446.324951171875,1464.824951171875,12902062,50.29003728133611,4.6479199321897795,1460.5987365722656,1466.9655164205242,1465.75
2024-04-16,RELIANCE,1453.3499755859375,1471.175048828125,1450.925048828125,1465.75,9366184,50.55145970819954,4.0429654619815665,1462.3124877929688,1466.849752951903,1464.324951171875
2024-04-18,RELIANCE,1463.5,1486.0,1459.3499755859375,1464.324951171875,19005692,50.11422942630316,3.4092454951930904,1464.6174865722655,1466.6092956395194,1470.125
2024-04-19,RELIANCE,1456.7750244140625,1474.0,1443.0250244140625,1470.125,15741778,51.93636114328351,3.3365714049937196,1466.1499877929687,1466.9441246262318,1479.8499755859375
2024-04-22,RELIANCE,1472.449951171875,1482.824951171875,1467.800048828125,1479.8499755859375,10350362,54.91023541679889,4.0173909377044765,1468.8799865722656,1468.1732532890608,1459.324951171875
2024-04-23,RELIANCE,1479.0,1493.5,1455.550048828125,1459.324951171875,14605554,48.1401623931112,2.8676904367096085,1469.6587341308593,1467.330557849329,1450.175048828125
2024-04-24,RELIANCE,1463.5,1468.550048828125,1449.5,1450.175048828125,10462776,45.449924571034714,1.2043409633608917,1469.6187377929687,1465.6966998473094,1459.9749755859375
2024-04-25,RELIANCE,1442.5,1467.9749755859375,1441.5,1459.9749755859375,15943926,48.75317243704591,0.6691827872764406,1469.8662353515624,1465.1517737271788,1452.550048828125
2024-04-26,RELIANCE,1463.949951171875,1465.0,1450.0,1452.550048828125,9413848,46.45777324212927,-0.3500285483105472,1470.414990234375,1463.9516094510784,1465.0250244140625
2024-04-29,RELIANCE,1450.0,1467.9000244140625,1450.0,1465.0250244140625,7247974,50.66095612511465,-0.14941227106533006,1469.0237426757812,1464.053839447553,1467.0
2024-04-30,RELIANCE,1468.0,1483.074951171875,1462.875,1467.0,11474262,51.31259235062007,0.167016337860332,1468.0812438964845,1464.3344261668337,1466.550048828125
2024-05-02,RELIANCE,1472.0,1477.324951171875,1464.125,1466.550048828125,14512646,51.14685447826035,0.3771336292866181,1467.1699951171875,1464.5454378488614,1434.0
2024-05-03,RELIANCE,1471.0,1474.949951171875,1416.1500244140625,1434.0,17226958,40.86407699986835,-2.059127472030468,1464.5224975585938,1461.636348529922,1419.5250244140625
2024-05-06,RELIANCE,1435.5,1440.0,1418.0,1419.5250244140625,7394208,37.27517139441183,-5.099112114140098,1461.91875,1457.6257462331737,1401.4749755859375
2024-05-07,RELIANCE,1415.9749755859375,1420.75,1392.0,1401.4749755859375,14517472,33.34269385142889,-8.862646858616017,1458.8462463378905,1452.2780537905799,1418.550048828125
2024-05-08,RELIANCE,1397.5,1432.949951171875,1397.5,1418.550048828125,9439002,39.81156540494121,-10.348172261793025,1456.76875,1449.0658628417748,1394.125
2024-05-09,RELIANCE,1413.0,1423.75,1390.0,1394.125,11009612,34.633840517187735,-13.342554495451168,1452.176251220703,1443.8333997139866,1407.425048828125
2024-05-10,RELIANCE,1396.75,1410.0,1388.074951171875,1407.425048828125,10505096,39.26580751221667,-14.475556002820667,1449.3650024414062,1440.365937724857,1402.699951171875
2024-05-13,RELIANCE,1399.9000244140625,1406.9749755859375,1384.0,1402.699951171875,8456620,38.22934968870471,-15.575202512480018,1445.5212524414062,1436.7787009102872,1420.074951171875
2024-05-14,RELIANCE,1400.9749755859375,1427.074951171875,1400.0250244140625,1420.074951171875,7188300,44.07510930373796,-14.873213851814398,1443.167498779297,1435.1878676018669,1416.2750244140625
2024-05-15,RELIANCE,1420.5,1429.9749755859375,1413.0250244140625,1416.2750244140625,5046534,43.114131152758475,-14.456855481809725,1440.7400024414062,1433.3866444411235,1425.3499755859375
2024-05-16,RELIANCE,1418.550048828125,1427.5,1398.0250244140625,1425.3499755859375,14711774,46.134661895266156,-13.241970563032055,1438.7200012207031,1432.6212474072963,1435.699951171875
2024-05-17,RELIANCE,1423.050048828125,1437.199951171875,1413.25,1435.699951171875,10916476,49.432505187849316,-11.313592923937449,1437.288751220703,1432.9144572896373,1436.125
2024-05-21,RELIANCE,1425.5999755859375,1441.824951171875,1425.5999755859375,1436.125,11176128,49.569058388192055,-9.639918879395054,1435.5887512207032,1433.220223262053,1460.6500244140625
2024-05-22,RELIANCE,1436.2750244140625,1468.7750244140625,1436.2750244140625,1460.6500244140625,10281604,56.81534070999286,-6.262366966687296,1434.6287536621094,1435.8325852765302,1486.050048828125
2024-05-23,RELIANCE,1458.550048828125,1492.2249755859375,1455.0,1486.050048828125,14608260,62.78021626989363,-1.5185580565585042,1435.9650085449218,1440.6152008528725,1480.25
2024-05-24,RELIANCE,1483.625,1488.5,1476.0999755859375,1480.25,7094776,60.71782851924088,1.752724893083041,1437.4687561035157,1444.3899436287893,1466.25
2024-05-27,RELIANCE,1480.2249755859375,1484.9000244140625,1461.550048828125,1466.25,6629010,55.94080586529092,3.17891267535947,1437.7825073242188,1446.4718537593808,1456.199951171875
2024-05-28,RELIANCE,1468.0,1478.5,1452.75,1456.199951171875,7820162,52.73341570974936,3.4583560435562504,1437.9650024414063,1447.3983392272376,1440.7750244140625
2024-05-29,RELIANCE,1446.5,1458.0,1438.449951171875,1440.7750244140625,7383556,48.16856667842705,2.407403202704927,1436.7525024414062,1446.7675473402687,1424.8499755859375
2024-05-30,RELIANCE,1435.5,1440.4000244140625,1420.0999755859375,1424.8499755859375,13206858,43.93955827328663,0.28619804249842673,1434.645001220703,1444.680159554142,1430.4000244140625
2024-05-31,RELIANCE,1431.300048828125,1442.25,1422.25,1430.4000244140625,31069832,45.727906602034246,-0.9362374106049174,1432.8375,1443.320146683658,1510.324951171875
2024-06-03,RELIANCE,1483.0,1514.5,1459.0,1510.324951171875,21527942,63.69096912183488,4.492461020328619,1436.6537475585938,1449.7015566349169,1397.2750244140625
2024-06-04,RELIANCE,1498.050048828125,1498.050048828125,1359.300048828125,1397.2750244140625,36709098,42.3429481015317,-0.3237091357773352,1435.5412475585938,1444.708553566264,1420.75
2024-06-05,RELIANCE,1422.0,1431.1500244140625,1384.0999755859375,1420.75,17464890,46.363276694337,-2.220725204095743,1436.5049987792968,1442.4267865599534,1431.5999755859375
2024-06-06,RELIANCE,1435.0,1443.699951171875,1421.3499755859375,1431.5999755859375,17855722,48.16240548529677,-2.816158826788069,1437.1574951171874,1441.3956617052852,1469.949951171875
2024-06-07,RELIANCE,1428.5,1472.0,1426.5,1469.949951171875,18558696,54.03162293489336,-0.19131636105294092,1440.9487426757812,1444.1151178449604,1471.4000244140625
2024-06-10,RELIANCE,1469.949951171875,1493.3499755859375,1468.074951171875,1471.4000244140625,9251760,54.242585968812215,1.983039748071178,1444.1474914550781,1446.713680375351,1456.675048828125
2024-06-11,RELIANCE,1469.0,1473.675048828125,1454.675048828125,1456.675048828125,11774902,51.65037696323768,2.489354433571634,1446.8462463378905,1447.662382132758,1463.324951171875
2024-06-12,RELIANCE,1457.5,1476.0,1455.175048828125,1463.324951171875,10081742,52.74859784472382,3.3881475572277395,1449.0087463378907,1449.1540553745788,1465.25
2024-06-13,RELIANCE,1472.0,1472.25,1460.0999755859375,1465.25,9181160,53.080842478743506,4.207283984475907,1451.4574951171876,1450.6870024817617,1477.550048828125
2024-06-14,RELIANCE,1470.0,1479.675048828125,1457.2249755859375,1477.550048828125,8157998,55.246168365304946,5.7823117586719945,1454.0674987792968,1453.245387848082,1481.0250244140625
2024-06-18,RELIANCE,1487.3499755859375,1487.4000244140625,1471.3499755859375,1481.0250244140625,7196766,55.86586239627635,7.227618617006556,1456.3337524414062,1455.8910675210325,1458.6500244140625
2024-06-19,RELIANCE,1487.5,1487.5,1456.0,1458.6500244140625,8725874,50.971763733754926,6.492715231177499,1457.4600036621093,1456.1538253203687,1473.699951171875
2024-06-20,RELIANCE,1459.0,1482.8499755859375,1450.0999755859375,1473.699951171875,16113776,53.89731971933042,7.043509126308663,1458.1125,1457.824884925274,1454.199951171875
2024-06-21,RELIANCE,1473.625,1474.699951171875,1440.574951171875,1454.199951171875,31170360,49.754646326251226,5.8392193390031935,1456.5199951171876,1457.4796531392362,1441.4749755859375
2024-06-24,RELIANCE,1445.5250244140625,1449.5,1437.5,1441.4749755859375,8878386,47.204840602055235,3.814045876692262,1454.5812438964845,1455.95539813416,1454.1500244140625
2024-06-25,RELIANCE,1443.0,1455.925048828125,1441.0,1454.1500244140625,7045386,49.955922401911096,3.1950216075902063,1453.9762451171875,1455.783457779865,1514.0250244140625
2024-06-26,RELIANCE,1446.050048828125,1518.9749755859375,1445.125,1514.0250244140625,22014882,60.44221425882815,7.449973857067334,1456.867498779297,1461.3302736497888,1530.550048828125
2024-06-27,RELIANCE,1513.75,1537.5,1506.0,1530.550048828125,28383030,62.76144188440732,12.016961483197747,1461.35625,1467.9226331905827,1565.4000244140625
2024-06-28,RELIANCE,1531.0250244140625,1581.0,1531.0250244140625,1565.4000244140625,28957336,67.13726855698087,18.23819529419302,1468.3837524414062,1477.2061942594855,1560.1500244140625
2024-07-01,RELIANCE,1562.5250244140625,1579.4000244140625,1555.675048828125,1560.1500244140625,7724306,65.88132225911018,22.48573522822994,1474.8712524414063,1485.1056066551596,1565.175048828125
2024-07-02,RELIANCE,1569.5,1573.5,1557.0,1565.175048828125,7749246,66.52678092769355,25.958188859400934,1477.6137573242188,1492.7312678144895,1552.425048828125
2024-07-03,RELIANCE,1566.324951171875,1575.0,1542.7750244140625,1552.425048828125,9049620,63.256836250167,27.365858355510227,1485.3712585449218,1498.416389815788,1554.0250244140625
2024-07-04,RELIANCE,1557.0,1567.5,1550.800048828125,1554.0250244140625,6837176,63.499292305403124,28.28450506324316,1492.035009765625,1503.712450253719,1588.625
2024-07-05,RELIANCE,1553.824951171875,1598.5,1548.0,1588.625,12269710,68.36136400029478,31.44202398284392,1499.8862609863281,1511.7993597533648,1600.9000244140625
2024-07-08,RELIANCE,1589.0,1608.800048828125,1582.5250244140625,1600.9000244140625,9500806,69.89354794656992,34.53675415535827,1506.4337646484375,1520.2851373400981,1590.2750244140625
2024-07-09,RELIANCE,1597.5999755859375,1600.5,1580.5,1590.2750244140625,6960002,66.87466660598685,35.72024071040096,1512.3775146484375,1526.9508408709519,1584.2249755859375
2024-07-10,RELIANCE,1595.0,1597.5,1563.1500244140625,1584.2249755859375,7134578,65.14909894036282,35.75778051840007,1518.7550109863282,1532.4055203676173,1580.6500244140625
2024-07-11,RELIANCE,1587.5,1604.25,1570.5,1580.6500244140625,11940946,64.09664861974431,35.094514684535625,1524.6212646484375,1537.0002350387074,1596.7249755859375
2024-07-12,RELIANCE,1584.5,1605.1500244140625,1574.5,1596.7249755859375,12924784,66.70149523399456,35.45725676362895,1531.1950134277345,1542.688305567015,1597.2249755859375
2024-07-15,RELIANCE,1604.449951171875,1605.8499755859375,1585.5,1597.2249755859375,5329688,66.78222296695273,35.37727113598248,1537.178759765625,1547.8822741402457,1576.25
2024-07-16,RELIANCE,1593.5,1600.0,1569.125,1576.25,9386838,60.189909397917724,33.23822712301103,1541.940008544922,1550.5839623173654,1586.675048828125
2024-07-18,RELIANCE,1576.0,1593.9000244140625,1557.824951171875,1586.675048828125,12298374,62.1877936425211,32.015182550727104,1548.341259765625,1554.0212086517233,1555.1500244140625
2024-07-19,RELIANCE,1586.0,1589.9749755859375,1552.800048828125,1555.1500244140625,13140390,53.45198674907679,28.17729459866223,1552.4137634277345,1554.1287149148034,1500.675048828125
2024-07-22,RELIANCE,1537.25,1537.5,1499.2750244140625,1500.675048828125,19674376,42.37475234960238,20.503711460147315,1554.7375183105469,1549.037889573215,1487.9000244140625
2024-07-23,RELIANCE,1501.0,1505.75,1463.0,1487.9000244140625,18052044,40.26724642602929,13.238894102523545,1557.058770751953,1543.2152357485338,1495.699951171875
2024-07-24,RELIANCE,1485.0,1509.5,1476.4000244140625,1495.699951171875,11913362,42.15877363367165,8.018431422928415,1559.1362670898438,1538.6899705507567,1492.4000244140625
2024-07-25,RELIANCE,1481.0,1500.4749755859375,1477.074951171875,1492.4000244140625,12519876,41.55916846746572,3.5737051784867617,1558.0550170898437,1534.281404252024,1509.0250244140625
2024-07-26,RELIANCE,1492.4000244140625,1512.425048828125,1490.3499755859375,1509.0250244140625,9859940,45.74569312187523,1.376854643057868,1556.9787658691407,1531.8760347436469,1520.0999755859375
2024-07-29,RELIANCE,1511.949951171875,1527.5,1511.7750244140625,1520.0999755859375,7538550,48.39767984124531,0.5234566857855043,1554.7137634277344,1530.7545053000556,1513.1500244140625
2024-07-30,RELIANCE,1517.0250244140625,1525.0,1510.0,1513.1500244140625,8228208,46.85003376785108,-0.7055373250564116,1552.3637634277343,1529.0778880728183,1505.425048828125
2024-07-31,RELIANCE,1504.0,1510.449951171875,1501.1500244140625,1505.425048828125,10057346,45.12283035827152,-2.276621427869941,1549.3762634277343,1526.8252367161808,1515.300048828125
2024-08-01,RELIANCE,1512.0,1518.0,1504.300048828125,1515.300048828125,10764222,47.77346264305448,-2.693834084742548,1547.5200134277343,1525.7275997744612,1499.324951171875
2024-08-02,RELIANCE,1505.0,1509.324951171875,1493.2750244140625,1499.324951171875,10268248,44.06540366594299,-4.264377898634393,1544.785009765625,1523.2130618123101,1447.324951171875
2024-08-05,RELIANCE,1480.0,1483.9000244140625,1433.25,1447.324951171875,17046704,34.64030124679556,-9.594412192724576,1537.7200073242188,1515.9856227036971,1456.050048828125
2024-08-06,RELIANCE,1455.1500244140625,1477.5,1451.324951171875,1456.050048828125,10236186,37.072399595552824,-12.965007770299962,1530.4775085449219,1510.2774728107854,1464.824951171875
2024-08-07,RELIANCE,1469.0,1472.5,1461.5,1464.824951171875,8174568,39.51026352855708,-14.75804619516316,1524.2050048828125,1505.9486612261273,1449.125
2024-08-08,RELIANCE,1457.5250244140625,1465.0,1445.925048828125,1449.125,12387192,36.76582622190887,-17.247083274562783,1517.4500061035155,1500.5368839664961,1474.300048828125
2024-08-09,RELIANCE,1460.0,1476.5,1456.0,1474.300048828125,6249776,43.53839341798388,-16.992369589517693,1512.1325073242188,1498.0381377628416,1460.625
2024-08-12,RELIANCE,1470.0,1473.0,1457.75,1460.625,8184584,40.97139571242462,-17.69004943408163,1505.3275085449218,1494.474981785428,1463.625
2024-08-13,RELIANCE,1460.75,1470.074951171875,1458.0,1463.625,6265064,41.782328692587015,-17.795752452653915,1498.647509765625,1491.536888282054,1461.8499755859375
2024-08-14,RELIANCE,1463.550048828125,1472.0,1453.699951171875,1461.8499755859375,6267466,41.41975380473876,-17.817364999350275,1492.927508544922,1488.7095632633764,1478.199951171875
2024-08-16,RELIANCE,1468.6500244140625,1480.4000244140625,1458.050048828125,1478.199951171875,9416902,46.06268122795609,-16.326979455013543,1487.5037536621094,1487.7086478260906,1488.4000244140625
2024-08-19,RELIANCE,1482.5,1498.300048828125,1480.5,1488.4000244140625,13797742,48.78958529893451,-14.15955497269465,1484.1662536621093,1487.7744932154212,1495.949951171875
2024-08-20,RELIANCE,1497.2249755859375,1503.925048828125,1490.0250244140625,1495.949951171875,8411808,50.773414817867625,-11.69779456885658,1483.929998779297,1488.553108258893,1498.675048828125
2024-08-21,RELIANCE,1493.25,1507.875,1490.0,1498.675048828125,7769996,51.50367711841407,-9.41836999989414,1484.46875,1489.5171025988197,1498.125
2024-08-22,RELIANCE,1503.0,1506.5,1490.6500244140625,1498.125,10445782,51.33812944998765,-7.569042736997062,1484.5900024414063,1490.336902351313,1499.9749755859375
2024-08-23,RELIANCE,1503.75,1511.324951171875,1498.425048828125,1499.9749755859375,9249654,51.89813991043828,-5.886306313490422,1484.96875,1491.254814087944,1512.5999755859375
2024-08-26,RELIANCE,1506.9749755859375,1523.0,1503.0,1512.5999755859375,8816114,55.64923862367672,-3.4937201547490986,1485.1474975585938,1493.2876866115623,1500.449951171875
2024-08-27,RELIANCE,1510.5,1513.4749755859375,1499.449951171875,1500.449951171875,6251156,51.487907171596135,-2.548605081588903,1484.1649963378907,1493.9698070458778,1498.300048828125
2024-08-28,RELIANCE,1505.0,1507.4749755859375,1493.0,1498.300048828125,9610286,50.764538344880116,-1.9505885578842026,1483.4224975585937,1494.3822110251394,1520.925048828125
2024-08-29,RELIANCE,1503.0999755859375,1537.0,1494.0,1520.925048828125,38335358,57.5272311737082,0.34501514083467555,1484.1974975585938,1496.9101003397095,1509.625
2024-08-30,RELIANCE,1534.0,1539.7249755859375,1503.324951171875,1509.625,41620730,53.569590257725366,1.238204854216292,1483.9137451171875,1498.121043164499,1516.25
2024-09-02,RELIANCE,1510.875,1526.800048828125,1506.625,1516.25,11240852,55.502402743832675,2.4523767965611114,1484.7599975585938,1499.847610482166,1509.125
2024-09-03,RELIANCE,1521.25,1523.0,1507.5,1509.125,10923800,52.949508585531184,2.8073277280670936,1487.85,1500.7311713886265,1514.550048828125
2024-09-04,RELIANCE,1500.699951171875,1517.5,1499.5,1514.550048828125,11983304,54.65956399710613,3.4861982763272863,1490.775,1502.047254954293,1492.9749755859375
2024-09-05,RELIANCE,1519.050048828125,1525.7750244140625,1487.050048828125,1492.9749755859375,16264168,47.297237022849274,2.2572596919540047,1492.1825012207032,1501.183228347783,1464.824951171875
2024-09-06,RELIANCE,1492.5,1497.0,1461.625,1464.824951171875,19394228,39.77028974946817,-0.9768936785992537,1492.9674987792969,1497.7205352834108,1462.449951171875
2024-09-09,RELIANCE,1466.5,1469.925048828125,1455.5999755859375,1462.449951171875,9010298,39.20342862363495,-3.6891005224390483,1492.3749938964843,1494.361432034693,1461.5250244140625
2024-09-10,RELIANCE,1460.5,1472.050048828125,1457.574951171875,1461.5250244140625,10768260,38.970468301801944,-5.845791203877525,1492.4199951171875,1491.2341551184425,1451.5
2024-09-11,RELIANCE,1463.050048828125,1468.75,1447.550048828125,1451.5,9760202,36.44273283214432,-8.26860446932983,1491.8137451171874,1487.449949869067,1479.800048828125
2024-09-12,RELIANCE,1457.0,1486.0,1445.875,1479.800048828125,22349376,46.91124511502655,-7.815037127263395,1492.711248779297,1486.7213878651678,1472.625
2024-09-13,RELIANCE,1476.4000244140625,1483.1500244140625,1469.5,1472.625,8711328,44.89234691170673,-7.942986413901963,1492.4325012207032,1485.3788747351518,1471.3499755859375
2024-09-16,RELIANCE,1477.550048828125,1480.9000244140625,1464.75,1471.3499755859375,5481774,44.52563425523684,-8.054424567075102,1491.5799987792968,1484.0427891018935,1472.300048828125
2024-09-17,RELIANCE,1474.0,1477.4749755859375,1466.625,1472.300048828125,5935328,44.88690406153427,-7.974156028821426,1490.3975036621093,1482.924432885344,1463.449951171875
2024-09-18,RELIANCE,1470.0,1482.0,1460.550048828125,1463.449951171875,8574714,42.13425825250866,-8.526384696172045,1488.636248779297,1481.0697203412042,1469.675048828125
2024-09-19,RELIANCE,1466.25,1476.5,1455.550048828125,1469.675048828125,16955902,44.70296945815341,-8.365286719994401,1487.2137512207032,1479.9845135304347,1485.925048828125
2024-09-20,RELIANCE,1474.0,1495.0,1471.375,1485.925048828125,30897320,50.83798052125497,-6.847443157804037,1486.5112548828124,1480.5502787968812,1493.375
2024-09-23,RELIANCE,1491.0,1501.5,1488.949951171875,1493.375,8832314,53.39107769914639,-4.985917844282767,1485.5500061035157,1481.7716808162259,1489.375
2024-09-24,RELIANCE,1488.5,1500.5,1487.875,1489.375,17137444,51.83458006859,-3.789726583326683,1484.9962585449218,1482.4958064527757,1493.949951171875
2024-09-25,RELIANCE,1483.9000244140625,1496.5,1480.199951171875,1493.949951171875,7069002,53.50415188877483,-2.444398560794525,1484.7787536621095,1483.5866773784044,1497.949951171875
2024-09-26,RELIANCE,1490.6500244140625,1504.0,1488.050048828125,1497.949951171875,18818998,54.97373413830156,-1.0434219213659617,1483.6299987792968,1484.9546082158777,1526.175048828125
2024-09-27,RELIANCE,1499.0,1533.4749755859375,1492.0,1526.175048828125,20597478,63.693814565031516,2.317674938757591,1484.457501220703,1488.8803644646632,1476.574951171875
2024-09-30,RELIANCE,1519.4000244140625,1524.9749755859375,1474.4000244140625,1476.574951171875,27008814,46.61055916218823,0.9678977376290732,1482.4737487792968,1487.7084203415407,1464.824951171875
2024-10-01,RELIANCE,1480.6500244140625,1487.949951171875,1462.824951171875,1464.824951171875,16431642,43.625494418591764,-1.0379721235128727,1480.2587463378907,1485.529042325382,1406.9749755859375
2024-10-03,RELIANCE,1436.574951171875,1449.4000244140625,1402.074951171875,1406.9749755859375,37757294,32.566977380914096,-7.2125067096276325,1474.8799926757813,1478.047702635911,1386.5250244140625
2024-10-04,RELIANCE,1403.925048828125,1417.3499755859375,1381.7750244140625,1386.5250244140625,37072876,29.70082773956682,-13.599246359643303,1469.5574951171875,1469.3312570909732,1370.7249755859375
2024-10-07,RELIANCE,1393.5,1396.5,1361.375,1370.7249755859375,22181340,27.674315924533218,-19.708527799823514,1464.8524963378907,1459.940182661922,1397.3499755859375
2024-10-08,RELIANCE,1372.9749755859375,1401.0,1365.0999755859375,1397.3499755859375,17020808,35.64309208368681,-22.14647163130553,1461.5974975585937,1453.9792105594474,1374.5999755859375
2024-10-09,RELIANCE,1397.5250244140625,1400.9749755859375,1372.5,1374.5999755859375,14310610,32.36205158173688,-25.618974956468946,1457.2512451171874,1446.4192834191133,1371.050048828125
2024-10-10,RELIANCE,1380.0250244140625,1386.0,1369.425048828125,1371.050048828125,22358646,31.86907269376144,-28.330828129724978,1453.2287475585938,1439.2412610771144,1372.0999755859375
2024-10-11,RELIANCE,1370.0,1383.2750244140625,1368.824951171875,1372.0999755859375,7980122,32.19804458294877,-30.04888613800904,1447.8437438964843,1432.8468529350976,1372.5250244140625
2024-10-14,RELIANCE,1379.449951171875,1380.074951171875,1368.25,1372.5250244140625,12221432,32.34047669850557,-31.018598504216015,1442.8387451171875,1427.101916885475,1344.0250244140625
2024-10-15,RELIANCE,1358.5250244140625,1371.699951171875,1340.699951171875,1344.0250244140625,33762794,28.08089142978629,-33.69836063153798,1436.4724975585937,1419.1898318881977,1354.074951171875
2024-10-16,RELIANCE,1340.0,1364.0,1337.625,1354.074951171875,20034438,31.506764749370276,-34.61215890295853,1430.5612426757812,1412.9884146771192,1356.425048828125
2024-10-17,RELIANCE,1365.699951171875,1368.449951171875,1352.050048828125,1356.425048828125,15543660,32.3186667385216,-34.746184984593356,1425.2099975585938,1407.6014274534054,1359.300048828125
2024-10-18,RELIANCE,1352.175048828125,1368.425048828125,1341.324951171875,1359.300048828125,12082452,33.359381152106764,-34.225878524511245,1419.6912475585937,1403.0012961557595,1369.199951171875
2024-10-21,RELIANCE,1367.125,1374.0,1357.7249755859375,1369.199951171875,14067408,36.95435316645359,-32.63845671184595,1413.8549926757812,1399.7821204430086,1343.3499755859375
2024-10-22,RELIANCE,1369.199951171875,1376.0,1340.2249755859375,1343.3499755859375,15831960,32.08693521058821,-33.08490825337253,1406.353741455078,1394.4076304566208,1338.5250244140625
2024-10-23,RELIANCE,1337.5,1357.4749755859375,1335.0,1338.5250244140625,17214742,31.259317092403947,-33.44255262294223,1398.8112426757812,1389.0854775001867,1339.800048828125
2024-10-24,RELIANCE,1335.2750244140625,1343.699951171875,1323.125,1339.800048828125,22155934,31.76021551066499,-33.23993526552363,1391.1037475585938,1384.3916271504665,1327.8499755859375
2024-10-25,RELIANCE,1343.5,1344.3499755859375,1322.0,1327.8499755859375,18597496,29.58433809376467,-33.65566898754378,1382.5987487792968,1379.0067079538449,1334.3499755859375
2024-10-28,RELIANCE,1337.0,1353.0,1322.0999755859375,1334.3499755859375,10824350,32.30115106162603,-33.07932738527984,1373.0074951171875,1374.753685823568,1340.0
2024-10-29,RELIANCE,1328.0999755859375,1343.199951171875,1320.300048828125,1340.0,12008361,34.661002133643976,-31.800091106768605,1366.1787475585938,1371.4438109832283,1343.9000244140625
2024-10-30,RELIANCE,1335.0,1350.0,1325.3499755859375,1343.9000244140625,11984423,36.311318675758976,-30.12433320189257,1360.132501220703,1368.8205932147364,1332.050048828125
2024-10-31,RELIANCE,1340.0,1343.0,1326.1500244140625,1332.050048828125,9331650,33.53937405179066,-29.413417417726805,1356.3862548828124,1365.3186366064876,1338.6500244140625
2024-11-01,RELIANCE,1333.050048828125,1341.949951171875,1333.0,1338.6500244140625,2127335,36.44923905252007,-27.994742697718948,1353.9925048828125,1362.7787687786376,1302.1500244140625
2024-11-04,RELIANCE,1337.8499755859375,1340.0,1285.0999755859375,1302.1500244140625,19796890,28.910492780144565,-29.475897914832785,1350.5637573242188,1357.004602648678,1305.300048828125
2024-11-05,RELIANCE,1293.0,1309.550048828125,1286.1500244140625,1305.300048828125,16267479,30.251258129653237,-30.04915549162274,1345.9612609863282,1352.0803594276729,1325.3499755859375
2024-11-06,RELIANCE,1310.0,1328.300048828125,1300.199951171875,1325.3499755859375,21625209,38.23608728684949,-28.55642404555988,1343.498760986328,1349.5346085856029,1305.6500244140625
2024-11-07,RELIANCE,1324.0,1324.0,1302.5999755859375,1305.6500244140625,9611974,34.10483051695651,-28.632981848873214,1340.228759765625,1345.3551243787895,1283.75
2024-11-08,RELIANCE,1297.6500244140625,1301.6500244140625,1275.0,1283.75,19814406,30.198585522184217,-30.113671740922882,1335.811260986328,1339.4879696760477,1272.699951171875
2024-11-11,RELIANCE,1278.949951171875,1286.0,1267.0,1272.699951171875,9056552,28.42923822589721,-31.812066044448557,1330.8200073242188,1333.1272060089836,1274.25
2024-11-12,RELIANCE,1275.550048828125,1289.300048828125,1267.5,1274.25,10671091,29.057153375784253,-32.656535566113234,1327.3312561035157,1327.5198530557473,1252.050048828125
2024-11-13,RELIANCE,1270.25,1275.449951171875,1249.5,1252.050048828125,14633633,25.59383785243196,-34.71693901057415,1322.2300109863281,1320.3322526531167,1267.5999755859375
2024-11-14,RELIANCE,1253.5999755859375,1272.5999755859375,1251.0999755859375,1267.5999755859375,12612633,31.731725463517023,-34.695130583126,1317.7887573242188,1315.310131027671,1260.75
2024-11-18,RELIANCE,1267.5999755859375,1272.9000244140625,1243.9000244140625,1260.75,13620611,30.536699126063155,-34.82909490371139,1312.8612548828125,1310.113928072655,1241.6500244140625
2024-11-19,RELIANCE,1260.75,1281.5,1235.1500244140625,1241.6500244140625,14183746,27.434245611366478,-36.06078471839055,1306.4837585449218,1303.5935562956463,1223.0
2024-11-21,RELIANCE,1241.6500244140625,1243.949951171875,1217.25,1223.0,19433843,24.78620574454007,-38.102585982655455,1300.466259765625,1295.9179795055848,1265.4000244140625
2024-11-22,RELIANCE,1229.4000244140625,1268.8499755859375,1222.449951171875,1265.4000244140625,20471957,39.16323066277394,-35.885732193904914,1296.810009765625,1293.0115075921062,1287.0
2024-11-25,RELIANCE,1290.0,1304.449951171875,1282.449951171875,1287.0,28923341,44.93752711240509,-32.01685174635986,1294.1700073242187,1292.4389830595248,1295.699951171875
2024-11-26,RELIANCE,1294.949951171875,1297.8499755859375,1284.199951171875,1295.699951171875,9247557,47.1148118358967,-27.926800000283038,1292.5625061035157,1292.7495514511772,1293.199951171875
2024-11-27,RELIANCE,1293.5,1303.8499755859375,1286.0,1293.199951171875,9572746,46.54524756883148,-24.603519572441883,1290.5050048828125,1292.7924466626723,1270.800048828125
2024-11-28,RELIANCE,1289.949951171875,1296.5999755859375,1269.050048828125,1270.800048828125,15027412,41.683020311133966,-23.506314642752386,1287.0450073242187,1290.6979325831917,1292.199951171875
2024-11-29,RELIANCE,1280.0,1299.5,1275.25,1292.199951171875,13202307,47.34242927914788,-20.671688204403154,1284.4600036621093,1290.84098197259,1309.1500244140625
2024-12-02,RELIANCE,1288.0,1311.3499755859375,1277.050048828125,1309.1500244140625,11024152,51.36813009013637,-16.86310964558561,1283.3150024414062,1292.5847003003494,1323.300048828125
2024-12-03,RELIANCE,1317.0,1326.800048828125,1307.0,1323.300048828125,16869482,54.49567561109691,-12.558231509258349,1282.5475036621094,1295.509971588709,1308.949951171875
2024-12-04,RELIANCE,1326.0,1328.4000244140625,1304.050048828125,1308.949951171875,19608540,50.919266746449146,-10.187087124209711,1282.8875,1296.7899696442487,1322.050048828125
2024-12-05,RELIANCE,1314.3499755859375,1329.949951171875,1306.1500244140625,1322.050048828125,16858723,53.89399291659906,-7.168238723183549,1283.725,1299.1956914712844,1311.550048828125
2024-12-06,RELIANCE,1323.9000244140625,1323.9000244140625,1310.0,1311.550048828125,9037514,51.21464232154365,-5.558961614422969,1283.0350036621094,1300.3722969338405,1295.1500244140625
2024-12-09,RELIANCE,1303.0,1315.0,1293.0999755859375,1295.1500244140625,14650002,47.26238933354864,-5.543046036721989,1282.5100036621093,1299.8749376462426,1284.8499755859375
2024-12-10,RELIANCE,1289.25,1294.9000244140625,1280.199951171875,1284.8499755859375,16043729,44.917893599468634,-6.289064267983576,1282.5650024414062,1298.4439888785946,1278.199951171875
2024-12-11,RELIANCE,1285.0,1290.0,1276.050048828125,1278.199951171875,11724373,43.42029580841609,-7.332367516185059,1282.8400024414063,1296.5159852874785,1262.9000244140625
2024-12-12,RELIANCE,1270.0,1278.199951171875,1260.5999755859375,1262.9000244140625,20906813,40.107094631673405,-9.28671758002929,1282.2725036621093,1293.314465204296,1272.8499755859375
2024-12-13,RELIANCE,1260.0,1275.199951171875,1239.5999755859375,1272.8499755859375,28630222,43.145436510000756,-9.918343689500944,1283.3125,1291.3654661930238,1268.300048828125
2024-12-16,RELIANCE,1275.0,1281.0,1266.550048828125,1268.300048828125,9486781,42.093842815676226,-10.663135013049441,1283.3475036621094,1289.1687597773193,1245.300048828125
2024-12-17,RELIANCE,1261.050048828125,1263.9000244140625,1242.800048828125,1245.300048828125,17462791,37.1628914745954,-12.95990160542442,1282.5750061035155,1284.9907873059676,1253.25
2024-12-18,RELIANCE,1240.6500244140625,1259.949951171875,1240.6500244140625,1253.25,12670179,39.78840107463885,-13.977487285392726,1283.1550048828126,1281.9678551815898,1230.449951171875
2024-12-19,RELIANCE,1239.0,1244.9000244140625,1229.0,1230.449951171875,14244653,35.240644043297124,-16.43426073279238,1283.5275024414063,1277.0613881330457,1205.300048828125
2024-12-20,RELIANCE,1224.0,1239.5,1201.5,1205.300048828125,20312896,31.027786526561627,-20.17805822774585,1280.5225036621093,1270.2269748659105,1222.300048828125
2024-12-23,RELIANCE,1215.0,1227.199951171875,1213.199951171875,1222.300048828125,10052824,36.54939962011993,-21.525158165641415,1277.2875061035156,1265.6625057194547,1222.75
2024-12-24,RELIANCE,1222.300048828125,1233.550048828125,1221.0,1222.75,6734917,36.693856694109414,-22.299383856371378,1273.6400085449218,1261.57560041284,1216.550048828125
2024-12-26,RELIANCE,1224.25,1227.699951171875,1214.25,1216.550048828125,10016178,35.49470476201245,-23.146429902917816,1269.8075134277344,1257.287452642867,1221.050048828125
2024-12-27,RELIANCE,1218.300048828125,1227.9000244140625,1217.0,1221.050048828125,7000397,37.10139008498088,-23.18731862995037,1267.3200134277345,1253.8362713271774,1210.699951171875
2024-12-30,RELIANCE,1216.4000244140625,1223.199951171875,1208.0999755859375,1210.699951171875,8818766,34.94542182263585,-23.780759825931,1263.2450134277344,1249.7280503600057,1215.449951171875
2024-12-31,RELIANCE,1208.0,1219.0999755859375,1206.1500244140625,1215.449951171875,6405475,36.76163434034985,-23.59578344299939,1258.560009765625,1246.4634694849456,1221.25
2025-01-01,RELIANCE,1214.8499755859375,1226.300048828125,1211.5999755859375,1221.25,5892590,39.00104587900975,-22.71927915164406,1253.4575073242188,1244.0621866768556,1241.800048828125
2025-01-02,RELIANCE,1221.25,1244.449951171875,1220.0,1241.800048828125,15486276,46.262102694361495,-20.134329966695987,1250.1000122070313,1243.8467449769764,1251.1500244140625
2025-01-03,RELIANCE,1243.9000244140625,1262.050048828125,1235.5,1251.1500244140625,15521102,49.223666450880266,-17.13376682671378,1246.5550109863282,1244.5422953995562,1218.0
2025-01-06,RELIANCE,1253.949951171875,1262.0,1215.0,1218.0,14816766,40.66641384117086,-17.23208805973877,1241.877508544922,1242.0144577424555,1240.8499755859375
2025-01-07,RELIANCE,1222.0,1244.5,1221.25,1240.8499755859375,10070505,47.448068178447635,-15.289953217677976,1239.1625061035156,1241.90355467993,1265.5
2025-01-08,RELIANCE,1249.0,1271.050048828125,1245.3499755859375,1265.5,19346579,53.60823213213215,-11.627709405623364,1238.1950073242188,1244.1508351866032,1254.75
2025-01-09,RELIANCE,1267.0,1269.75,1248.050048828125,1254.75,12794704,50.81094741634834,-9.483470414348403,1237.022509765625,1245.1602794545458,1241.9000244140625
2025-01-10,RELIANCE,1253.8499755859375,1256.75,1236.0,1241.9000244140625,8120332,47.61273822434368,-8.720506631295166,1235.972509765625,1244.8497789744997,1239.8499755859375
2025-01-13,RELIANCE,1230.0,1245.25,1226.4000244140625,1239.8499755859375,13764861,47.103351096894464,-8.186900649308427,1234.322509765625,1244.3736072232082,1238.75
2025-01-14,RELIANCE,1244.0999755859375,1253.3499755859375,1227.25,1238.75,13095266,46.81394771808814,-7.763282611595287,1232.8450073242188,1243.8380255829024,1252.199951171875
2025-01-15,RELIANCE,1244.949951171875,1257.0,1241.8499755859375,1252.199951171875,9578856,50.79487696443315,-6.26998710267776,1233.1900024414062,1244.634399448519,1266.449951171875
2025-01-16,RELIANCE,1258.9000244140625,1275.0,1251.300048828125,1266.449951171875,14117603,54.66643205917403,-3.8918212526407387,1233.85,1246.7120710412196,1302.3499755859375
2025-01-17,RELIANCE,1322.25,1326.0,1285.0,1302.3499755859375,29366277,62.641420153088944,0.8795849506768718,1237.445001220703,1252.0109190930975,1305.449951171875
2025-01-20,RELIANCE,1316.0,1316.0,1300.25,1305.449951171875,14040244,63.242734478866936,4.8551339037137495,1242.4524963378906,1257.1003507196478,1273.699951171875
2025-01-21,RELIANCE,1310.5,1313.0,1270.199951171875,1273.699951171875,14562976,53.70778169993594,5.381787540381083,1245.0224914550781,1258.6812650484314,1277.0999755859375
2025-01-22,RELIANCE,1278.300048828125,1282.9000244140625,1268.699951171875,1277.0999755859375,10273590,54.49892034288126,6.00430401763424,1247.739990234375,1260.4354279567654,1263.6500244140625
2025-01-23,RELIANCE,1270.0,1277.3499755859375,1261.5999755859375,1263.6500244140625,8720682,50.800343787231974,5.350674907552957,1250.094989013672,1260.7415800003175,1246.300048828125
2025-01-24,RELIANCE,1266.0,1273.0,1243.5,1246.300048828125,14235970,46.42362533512073,3.3935523397215093,1251.357489013672,1259.3661960791565,1229.3499755859375
2025-01-27,RELIANCE,1239.0999755859375,1240.449951171875,1220.0,1229.3499755859375,9536019,42.5653308958493,0.4693786465768426,1252.289990234375,1256.5075084131356,1234.4000244140625
2025-01-28,RELIANCE,1238.0,1244.75,1218.5,1234.4000244140625,10568025,44.05712798201384,-1.4241367751142207,1253.2374938964845,1254.4020337465574,1235.5
2025-01-29,RELIANCE,1236.0,1242.75,1228.050048828125,1235.5,5928156,44.395905480028595,-2.8036834345396073,1253.9499938964843,1252.6018400564092,1253.050048828125
2025-01-30,RELIANCE,1235.550048828125,1257.0,1232.4000244140625,1253.050048828125,9269259,49.63633725371256,-2.45257013088235,1254.5124938964843,1252.6445266060964,1265.0999755859375
2025-01-31,RELIANCE,1255.8499755859375,1267.0,1249.0,1265.0999755859375,6584612,52.917378539125274,-1.188284124477832,1255.2099914550781,1253.8307598422716,1264.5999755859375
2025-02-01,RELIANCE,1265.0999755859375,1270.550048828125,1241.0,1264.5999755859375,7118453,52.76377524471311,-0.2240909955346524,1257.539990234375,1254.8563994369065,1245.9000244140625
2025-02-03,RELIANCE,1251.0,1256.0,1237.550048828125,1245.9000244140625,9252345,47.240782838763764,-0.9578492814919173,1257.7924926757812,1254.003411339493,1285.199951171875
2025-02-04,RELIANCE,1248.050048828125,1288.800048828125,1246.5999755859375,1285.199951171875,16691069,57.34578648854904,1.6132214242245482,1258.777490234375,1256.9745103711482,1278.199951171875
2025-02-05,RELIANCE,1282.6500244140625,1290.5,1276.699951171875,1278.199951171875,10112028,55.313611376312714,3.0508042116182423,1259.9499877929688,1258.9959809235984,1281.550048828125
2025-02-06,RELIANCE,1273.699951171875,1288.0,1270.3499755859375,1281.550048828125,9956001,56.11513892393653,4.409592770198742,1261.9324890136718,1261.1439873906963,1266.699951171875
2025-02-07,RELIANCE,1276.1500244140625,1283.699951171875,1262.0,1266.699951171875,8764283,51.68925524326216,4.239295756392039,1263.2749877929687,1261.6731267984278,1253.6500244140625
2025-02-10,RELIANCE,1264.5,1266.5,1245.550048828125,1253.6500244140625,6970972,48.09904520595197,3.0165413089814592,1264.0199890136719,1260.9090218094407,1234.8499755859375
2025-02-11,RELIANCE,1264.550048828125,1264.550048828125,1230.0999755859375,1234.8499755859375,8859714,43.42011917474157,0.5244472763281465,1263.152490234375,1258.4272078833928,1216.550048828125
2025-02-12,RELIANCE,1219.449951171875,1226.9000244140625,1193.3499755859375,1216.550048828125,21131654,39.40216594191072,-2.8938478726854555,1260.6574951171874,1254.4389070209863,1216.0999755859375
2025-02-13,RELIANCE,1217.050048828125,1228.0,1212.0,1216.0999755859375,8511216,39.30582977526733,-5.574924297953885,1256.3449951171874,1250.7875802176484,1217.25
2025-02-14,RELIANCE,1219.0,1224.0,1205.449951171875,1217.25,10298145,39.71144355453957,-7.520211010669982,1251.9349975585938,1247.5935249588247,1224.9000244140625
2025-02-17,RELIANCE,1211.0999755859375,1227.5,1204.5,1224.9000244140625,8166683,42.465873250559184,-8.3483372738051,1249.4950012207032,1245.4322391926569,1225.4000244140625
2025-02-18,RELIANCE,1224.8499755859375,1229.9000244140625,1216.0999755859375,1225.4000244140625,6673250,42.65029826953226,-8.862130360035735,1246.9100036621094,1243.5244092137432,1227.449951171875
2025-02-19,RELIANCE,1219.5,1232.75,1217.550048828125,1227.449951171875,6217338,43.45063921246885,-9.000154941387564,1245.1,1241.993508447851,1233.0
2025-02-20,RELIANCE,1223.949951171875,1239.3499755859375,1222.0,1233.0,7795582,45.66166271609949,-8.562989052267085,1244.4349975585938,1241.1369838337698,1228.1500244140625
2025-02-21,RELIANCE,1228.699951171875,1240.0,1222.1500244140625,1228.1500244140625,6904025,44.04115252524563,-8.509788883289957,1244.375,1239.9001305557024,1214.550048828125
2025-02-24,RELIANCE,1216.550048828125,1223.25,1210.5,1214.550048828125,7172498,39.77804098831609,-9.456028525467673,1243.382501220703,1237.485837057838,1204.0
2025-02-25,RELIANCE,1211.0,1221.0,1201.5,1204.0,11552182,36.801990130906866,-10.93122269835817,1241.8075012207032,1234.2967097189962,1207.0999755859375
2025-02-27,RELIANCE,1212.800048828125,1215.0,1200.6500244140625,1207.0999755859375,11509215,38.26358447968772,-11.715137770566571,1239.5099975585938,1231.7065445634669,1200.0999755859375
2025-02-28,RELIANCE,1202.0,1217.3499755859375,1193.300048828125,1200.0999755859375,23007298,36.22621026147339,-12.754214960808895,1236.2599975585938,1228.6963951370356,1171.25
2025-03-03,RELIANCE,1204.0,1206.449951171875,1156.0,1171.25,17944938,29.30142913997132,-15.724382151349346,1231.5924987792969,1223.2253098858894,1161.9000244140625
2025-03-04,RELIANCE,1162.199951171875,1174.0,1159.550048828125,1161.9000244140625,11377373,27.4688080818633,-18.618107978128364,1227.3924987792968,1217.3848065076202,1175.5999755859375
2025-03-05,RELIANCE,1161.0,1183.0,1157.0,1175.5999755859375,8664095,33.98398755275632,-19.58022631898075,1221.9125,1213.4052988007932,1209.5999755859375
2025-03-06,RELIANCE,1197.0,1213.949951171875,1185.1500244140625,1209.5999755859375,14468014,46.76448149187958,-17.398635545358275,1218.4825012207032,1213.042887066045,1249.800048828125
2025-03-07,RELIANCE,1216.0,1254.800048828125,1212.0,1249.800048828125,16474965,57.29227579116108,-12.284293506301537,1216.895001220703,1216.5435691386242,1238.4000244140625
2025-03-10,RELIANCE,1245.0,1258.0,1235.4000244140625,1238.4000244140625,11931051,54.02919363264999,-9.046742078460966,1215.4800048828124,1218.6251363077135,1247.300048828125
2025-03-11,RELIANCE,1240.0,1249.5,1229.75,1247.300048828125,10089838,56.12992449881868,-5.697128703635599,1215.1625061035156,1221.3560803572766,1257.050048828125
2025-03-12,RELIANCE,1258.0,1263.0,1244.0,1257.050048828125,11977555,58.374066735440856,-2.2300854190443715,1216.272509765625,1224.7555059259287,1247.9000244140625
2025-03-13,RELIANCE,1260.050048828125,1264.1500244140625,1243.8499755859375,1247.9000244140625,9505270,55.50452397575463,-0.21824336393046906,1217.8400085449218,1226.9597457819414,1238.8499755859375
2025-03-17,RELIANCE,1242.1500244140625,1257.4000244140625,1233.0999755859375,1238.8499755859375,16640917,52.742866379328056,0.6385320532335754,1218.9775085449219,1228.092148620417,1238.8499755859375
2025-03-18,RELIANCE,1238.8499755859375,1238.8499755859375,1238.8499755859375,1238.8499755859375,0,52.742866379328056,1.302518125903589,1220.0575073242187,1229.1167035695141,1247.1500244140625
2025-03-19,RELIANCE,1241.050048828125,1253.25,1238.800048828125,1247.1500244140625,16162399,55.11812827154815,2.4700037802285806,1221.1700073242187,1230.8341626975664,1269.1500244140625
2025-03-20,RELIANCE,1251.8499755859375,1273.0,1250.050048828125,1269.1500244140625,15971477,60.74952085782205,5.111538081705703,1223.3575073242187,1234.4832923848517,1276.3499755859375
2025-03-21,RELIANCE,1275.0,1281.0,1270.0999755859375,1276.3499755859375,21780769,62.411741250434744,7.697220171141453,1225.802508544922,1238.4705955468598,1302.0999755859375
2025-03-24,RELIANCE,1291.0,1306.0,1284.25,1302.0999755859375,20299319,67.6829239505665,11.689452917324616,1229.2575073242188,1244.5305365029624,1285.449951171875
2025-03-25,RELIANCE,1307.699951171875,1307.699951171875,1282.5999755859375,1285.449951171875,13713899,61.661587588780584,13.355850381533173,1232.1225036621095,1248.4276236142873,1273.050048828125
2025-03-26,RELIANCE,1291.0,1293.800048828125,1268.75,1273.050048828125,12074747,57.55496630568555,13.52006301830329,1235.0475036621094,1250.7726164917958,1278.199951171875
2025-03-27,RELIANCE,1278.1500244140625,1285.0,1271.300048828125,1278.199951171875,15028056,58.78272945061127,13.905463270906012,1238.757501220703,1253.3847436041845,1275.0999755859375
2025-03-28,RELIANCE,1280.0,1295.75,1269.0,1275.0999755859375,18147129,57.700764382528234,13.801656718130516,1242.1575012207031,1255.4528609357799,1252.5999755859375
2025-04-01,RELIANCE,1264.5999755859375,1277.9000244140625,1249.300048828125,1252.5999755859375,12099648,50.44343152464697,11.768171165749436,1244.7825012207031,1255.1811575691281,1251.1500244140625
2025-04-02,RELIANCE,1247.550048828125,1255.550048828125,1243.9000244140625,1251.1500244140625,10142590,50.00693453652252,9.92520864614744,1248.7775024414063,1254.7972401257887,1248.699951171875
2025-04-03,RELIANCE,1233.050048828125,1251.800048828125,1233.050048828125,1248.699951171875,7434366,49.2317022454095,8.172736913223389,1253.117498779297,1254.2165459397017,1204.699951171875
2025-04-04,RELIANCE,1241.0999755859375,1245.449951171875,1193.1500244140625,1204.699951171875,17908652,37.87579832334816,3.1966096362803,1254.5724975585938,1249.5006797713374,1165.699951171875
2025-04-07,RELIANCE,1132.199951171875,1171.25,1114.8499755859375,1165.699951171875,22156106,31.041213189109143,-3.8496052916525514,1252.3774963378905,1241.5196579999601,1182.199951171875
2025-04-08,RELIANCE,1172.0,1196.5999755859375,1163.300048828125,1182.199951171875,19555040,36.279993584536044,-8.010034590840405,1248.997491455078,1235.8701621115713,1185.3499755859375
2025-04-09,RELIANCE,1169.5,1189.800048828125,1168.0,1185.3499755859375,10223104,37.259935203881916,-10.927063751294781,1246.344989013672,1231.0587157757966,1218.949951171875
2025-04-11,RELIANCE,1195.1500244140625,1222.6500244140625,1195.1500244140625,1218.949951171875,11224242,46.6794537882381,-10.407620582387608,1244.9274841308593,1229.9055000992328,1240.0999755859375
2025-04-15,RELIANCE,1251.0,1251.0,1237.0999755859375,1240.0999755859375,13378535,51.60486036817382,-8.194862641154714,1244.07998046875,1230.876402526538,1239.300048828125
2025-04-16,RELIANCE,1234.0999755859375,1240.9000244140625,1229.0,1239.300048828125,8248464,51.411427090652445,-6.431643452593562,1243.6499816894532,1231.6786545552604,1274.5
2025-04-17,RELIANCE,1240.199951171875,1280.199951171875,1227.5999755859375,1274.5,15398401,58.74038567364669,-2.168935522459151,1245.4324829101563,1235.75687793095,1295.5
2025-04-21,RELIANCE,1270.0,1300.9000244140625,1267.0,1295.5,10429964,62.38560850161906,2.8707238019760553,1248.2649841308594,1241.4466990803833,1291.199951171875
2025-04-22,RELIANCE,1300.0,1303.9000244140625,1286.300048828125,1291.199951171875,13051707,61.19342675838398,6.443436200335782,1250.46748046875,1246.1851040414776,1300.0
2025-04-23,RELIANCE,1297.0,1306.0,1285.4000244140625,1300.0,10480888,62.76177811826369,9.871138570521452,1252.0099792480469,1251.3103322280037,1301.5999755859375
2025-04-24,RELIANCE,1292.4000244140625,1304.5,1290.300048828125,1301.5999755859375,10468940,63.054137367910755,12.57180214295795,1253.272479248047,1256.0998220716165,1300.4000244140625
2025-04-25,RELIANCE,1303.5,1325.199951171875,1288.0999755859375,1300.4000244140625,14431012,62.65682581380651,14.448715650182066,1253.187481689453,1260.3188889613732,1368.800048828125
2025-04-28,RELIANCE,1340.0,1374.5999755859375,1320.199951171875,1368.800048828125,31104496,73.07256261215066,21.210986406534403,1257.3549865722657,1270.650427996302,1399.699951171875
2025-04-29,RELIANCE,1371.0,1410.9000244140625,1370.0,1399.699951171875,32538970,76.28990704406309,28.732290617348553,1263.687481689453,1282.9408587749278,1405.0
2025-04-30,RELIANCE,1402.0,1412.4000244140625,1369.0,1405.0,25480745,76.80189816529226,34.72041273328,1270.0274841308594,1294.5655388916014,1419.800048828125
2025-05-02,RELIANCE,1414.0,1426.699951171875,1409.0999755859375,1419.800048828125,13007841,78.21647117871325,40.196917856173286,1277.2624877929688,1306.4926350760322,1431.300048828125
2025-05-05,RELIANCE,1431.0,1439.5,1426.9000244140625,1431.300048828125,12685649,79.2740360855185,44.9469213814466,1286.197491455078,1318.3790554333743,1420.9000244140625
2025-05-06,RELIANCE,1431.0,1432.0,1410.5999755859375,1420.9000244140625,14084117,75.69499122983999,47.32658690945436,1294.684991455078,1328.1429572410589,1406.0
2025-05-07,RELIANCE,1420.9000244140625,1424.4000244140625,1402.699951171875,1406.0,13440169,70.76557473330641,47.46305696350146,1302.5499938964845,1335.5579136942913,1407.0
2025-05-08,RELIANCE,1404.0999755859375,1420.800048828125,1398.0,1407.0,16106175,70.90253080528869,47.108860487743414,1312.6649963378907,1342.3619219138827,1377.199951171875
2025-05-09,RELIANCE,1385.5,1394.800048828125,1374.5,1377.199951171875,13668904,61.63589495960529,43.91729114309396,1323.2399963378907,1345.679829462263,1436.5
2025-05-12,RELIANCE,1400.0,1439.0,1400.0,1436.5,10674081,70.02993147449735,45.64678012553418,1335.9549987792968,1354.329369513476,1415.699951171875
2025-05-13,RELIANCE,1433.5,1447.699951171875,1412.4000244140625,1415.699951171875,11407896,64.68384934329794,44.822338480182225,1347.4724975585937,1360.174186814276,1424.4000244140625
2025-05-14,RELIANCE,1420.0,1429.9000244140625,1415.5,1424.4000244140625,5570160,65.85789622876972,44.35963547274264,1357.7450012207032,1366.2909332523511,1454.199951171875
2025-05-15,RELIANCE,1425.0,1461.4000244140625,1412.699951171875,1454.199951171875,20177211,69.58733536667359,45.86879809462812,1368.45,1374.6632206732584,1456.4000244140625
2025-05-16,RELIANCE,1453.199951171875,1461.0,1447.300048828125,1456.4000244140625,9036695,69.84918915897158,46.70397353457474,1379.304998779297,1382.4476781723827,1440.800048828125
2025-05-19,RELIANCE,1452.0999755859375,1454.5999755859375,1438.199951171875,1440.800048828125,6195791,65.54012348357409,45.581631755203716,1387.6200012207032,1388.005046806263,1424.5999755859375
2025-05-20,RELIANCE,1438.199951171875,1445.0,1421.800048828125,1424.5999755859375,11270560,61.3102026555842,42.890541820363296,1394.075,1391.490278118613,1429.199951171875
2025-05-21,RELIANCE,1423.9000244140625,1436.199951171875,1418.0999755859375,1429.199951171875,6136364,62.05898764574895,40.66030654128531,1400.975,1395.0816755522571,1409.4000244140625
2025-05-22,RELIANCE,1421.199951171875,1423.800048828125,1396.9000244140625,1409.4000244140625,12134466,56.94986730578246,36.87012455515878,1406.445001220703,1396.44532782481,1426.800048828125
2025-05-23,RELIANCE,1406.5999755859375,1433.800048828125,1406.5999755859375,1426.800048828125,6474883,60.06160519836285,34.86847253005476,1412.7050048828125,1399.3362536346494,1434.800048828125
2025-05-26,RELIANCE,1432.0,1441.0,1425.0999755859375,1434.800048828125,4842944,61.44158429506605,33.54104176930309,1419.4250061035157,1402.71375793879,1422.0999755859375
2025-05-27,RELIANCE,1426.0999755859375,1437.0,1413.9000244140625,1422.0999755859375,12640414,58.0145403026131,31.10568656398891,1422.0900024414063,1404.5600643813755,1412.9000244140625
2025-05-28,RELIANCE,1420.0999755859375,1422.5999755859375,1410.699951171875,1412.9000244140625,5944611,55.59540503682338,28.109264739117634,1422.7500061035157,1405.3543462892503,1417.800048828125
2025-05-29,RELIANCE,1412.0999755859375,1420.0,1408.5999755859375,1417.800048828125,13771917,56.63265525428951,25.83219243939584,1423.3900085449218,1406.5396512929526,1420.9000244140625
2019-02-05,HDFCBANK,527.0,529.75,524.25,528.5125122070312,8690288,51.707077410112696,-2.808118180545762,526.2118682861328,525.7672681085477,530.6624755859375
2019-02-06,HDFCBANK,529.0625,531.75,528.4000244140625,530.6624755859375,10875684,54.0677972648282,-2.0767638641465282,526.2849914550782,526.2334783444895,529.3125
2019-02-07,HDFCBANK,531.2625122070312,532.5,526.4625244140625,529.3125,7217308,52.33775933432837,-1.5877890035762903,526.3943664550782,526.5267185021572,530.6624755859375
2019-02-08,HDFCBANK,528.0,536.2374877929688,526.6624755859375,530.6624755859375,12235644,53.925438841219616,-1.0789042198800871,526.5287414550781,526.9206001291839,534.9124755859375
2019-02-11,HDFCBANK,528.3250122070312,535.7249755859375,528.3250122070312,534.9124755859375,7036364,58.60092446583805,-0.3288787714584487,527.0037414550782,527.6817311250652,532.4249877929688
2019-02-12,HDFCBANK,534.5,537.0,531.2000122070312,532.4249877929688,9772388,55.078022413972576,0.06406383594514864,527.1012420654297,528.1334698553417,527.5499877929688
2019-02-14,HDFCBANK,535.0,535.0,526.4000244140625,527.5499877929688,7441388,48.87654780168918,-0.017694107951797378,526.9762420654297,528.0779001351157,525.1624755859375
2019-02-15,HDFCBANK,526.8375244140625,527.0250244140625,519.5499877929688,525.1624755859375,8416524,46.13674534769649,-0.2720046490819641,526.580615234375,527.8002406542415,522.4749755859375
2019-02-18,HDFCBANK,526.7000122070312,529.5,521.5,522.4749755859375,7138744,43.201115826461184,-0.6825384958468703,526.0762390136719,527.2930725524983,521.0125122070312
2019-02-19,HDFCBANK,522.4249877929688,527.0374755859375,519.5499877929688,521.0125122070312,5268636,41.64811787772932,-1.1130673519332959,525.2749908447265,526.694923948168,527.0875244140625
2019-02-20,HDFCBANK,522.125,527.75,520.4749755859375,527.0875244140625,4892500,49.731910054083194,-0.9530753981417774,524.9312408447265,526.7323144687294,528.9749755859375
2019-02-21,HDFCBANK,525.4249877929688,529.9874877929688,523.4000244140625,528.9749755859375,5261544,51.958744220610015,-0.6662984132478869,525.0624908447265,526.9459012417968,522.8624877929688
2019-02-22,HDFCBANK,529.8499755859375,532.0250244140625,522.2750244140625,522.8624877929688,8890708,45.005492192825685,-0.9216283098413669,524.927490234375,526.5570047228608,531.3499755859375
2019-02-25,HDFCBANK,523.7874755859375,532.4874877929688,523.7874755859375,531.3499755859375,8140596,54.175556226107666,-0.43410566061265854,525.2949890136719,527.013478138392,527.6624755859375
2019-02-26,HDFCBANK,527.8125,531.25,525.2750244140625,527.6624755859375,9607428,50.254814181112806,-0.3413559421502441,525.6262390136719,527.0752874191106,523.0625
2019-02-27,HDFCBANK,529.0250244140625,531.1124877929688,522.0374755859375,523.0625,7030092,45.801785609698435,-0.6317483069948366,526.0593627929687,526.6931171887192,519.3875122070312
2019-02-28,HDFCBANK,523.2750244140625,526.4625244140625,518.2999877929688,519.3875122070312,11645376,42.55736190213749,-1.1452257010330413,526.5949890136719,525.9973452857013,520.8375244140625
2019-03-01,HDFCBANK,521.5625,525.2249755859375,519.25,520.8375244140625,9352928,44.235821554138845,-1.418801310034496,526.6374908447266,525.5059337741166,526.7750244140625
2019-03-05,HDFCBANK,522.2249755859375,527.7750244140625,517.5,526.7750244140625,11837276,50.60100974296685,-1.143325775092194,526.8456176757812,525.6267995493495,526.0625
2019-03-06,HDFCBANK,527.5,527.5750122070312,522.6375122070312,526.0625,8458044,49.865419053826194,-0.9713075653606893,526.8374938964844,525.6682948303638,531.625
2019-03-07,HDFCBANK,527.4000244140625,532.5,523.75,531.625,10204852,55.32541729056827,-0.3817342379031743,526.9931182861328,526.2356000846149,532.0499877929688
2019-03-08,HDFCBANK,528.7625122070312,532.5,527.3624877929688,532.0499877929688,7053460,55.72218145925429,0.1184345945913492,527.0624938964844,526.7893512949344,532.1124877929688
2019-03-11,HDFCBANK,533.0,535.9249877929688,530.5499877929688,532.1124877929688,9224108,55.784373665887564,0.5139408354962143,527.2024932861328,527.2963166756996,542.75
2019-03-12,HDFCBANK,536.75,543.75,534.25,542.75,15097292,64.83709637681679,1.666529994196253,527.8068695068359,528.7680960399186,556.6375122070312
2019-03-13,HDFCBANK,543.75,558.5,543.0250244140625,556.6375122070312,57166348,72.6965173075967,3.658399625143943,528.8931213378906,531.4223261510722,556.1875
2019-03-14,HDFCBANK,561.2125244140625,561.875,552.6500244140625,556.1875,15379864,72.13387857317952,5.141391671335327,530.0812469482422,533.7809141366844,563.25
2019-03-15,HDFCBANK,557.75,564.9749755859375,557.0125122070312,563.25,12763088,75.35733986216688,6.80807898192586,531.8662475585937,536.5874937427144,565.3624877929688
2019-03-18,HDFCBANK,565.4749755859375,572.9124755859375,561.75,565.3624877929688,14358720,76.24258892724502,8.20482072747518,533.8762481689453,539.3279693665481,566.9375
2019-03-19,HDFCBANK,567.375,568.9749755859375,562.75,566.9375,11957992,76.90863145674489,9.331273829791598,536.0993743896485,541.9574484744959,574.75
2019-03-20,HDFCBANK,567.25,575.0,565.2625122070312,574.75,11711992,79.91634451703376,10.730702626993434,538.7862487792969,545.080548619782,569.0374755859375
2019-03-22,HDFCBANK,575.0,576.75,567.7000122070312,569.0374755859375,30403880,72.48204756441851,11.249134037616727,540.8837463378907,547.3621607117968,570.3250122070312
2019-03-25,HDFCBANK,565.0,571.9625244140625,563.25,570.3250122070312,9199260,73.08967782746521,11.629826707592656,542.9512481689453,549.5490989494382,577.8375244140625
2019-03-26,HDFCBANK,568.9749755859375,578.75,568.1500244140625,577.8375244140625,11786848,76.36854634104624,12.394845280840173,545.7,552.2432347079738,574.8624877929688
2019-03-27,HDFCBANK,579.6375122070312,582.0125122070312,569.7625122070312,574.8624877929688,13885300,72.59620625428892,12.615642150153803,547.8756256103516,554.3974492874971,575.7000122070312
2019-03-28,HDFCBANK,574.7000122070312,581.25,571.9625244140625,575.7000122070312,19554328,73.00054114368314,12.711674212986736,550.2775024414062,556.4262648036432,577.9500122070312
2019-04-01,HDFCBANK,581.3125,583.0,576.1500244140625,577.9500122070312,9647076,74.10589457805604,12.821537803947194,553.0218780517578,558.4761455087278,573.7125244140625
2019-04-02,HDFCBANK,580.0,580.0,571.3624877929688,573.7125244140625,10910496,68.42433801127333,12.423465661768319,555.7381286621094,559.9272292139977,573.1875
2019-04-03,HDFCBANK,573.0250244140625,579.0,572.0625,573.1875,7659452,67.73145374451585,11.928125532594436,558.3556274414062,561.190112145998,570.9874877929688
2019-04-04,HDFCBANK,573.1875,578.25,570.0,570.9874877929688,9211552,64.77163425558486,11.22860593302164,560.5662506103515,562.1231955409476,576.4000244140625
2019-04-05,HDFCBANK,571.9500122070312,578.4375,570.5,576.4000244140625,8351180,68.42715299102406,10.984357248622928,563.0831268310546,563.4828935288633,572.3499755859375
2019-04-08,HDFCBANK,579.75,580.7374877929688,570.0250244140625,572.3499755859375,6398132,63.14692338109737,10.344735640669455,565.1193756103515,564.3273775342989,571.8125
2019-04-09,HDFCBANK,574.1500244140625,575.75,566.75,571.8125,10777600,62.45811821045937,9.682843329683237,567.1075012207032,565.0402463405561,559.3375244140625
2019-04-10,HDFCBANK,562.5,571.0,557.75,559.3375244140625,108128700,49.07711019490012,8.058766192229768,568.4687530517579,564.4971299666043,564.375
2019-04-11,HDFCBANK,561.2249755859375,565.75,559.2374877929688,564.375,8793300,53.41706052205495,7.096353197465078,569.5500030517578,564.4854985412135,566.3125
2019-04-12,HDFCBANK,563.0250244140625,568.0499877929688,563.0250244140625,566.3125,9170444,55.005407851799795,6.416014205014676,570.0337524414062,564.6594986801456,572.2000122070312
2019-04-15,HDFCBANK,567.5,573.2249755859375,566.0875244140625,572.2000122070312,10219780,59.52201451073568,6.279527202316444,570.8343780517578,565.3776428255633,576.2625122070312
2019-04-16,HDFCBANK,572.7374877929688,577.4749755859375,570.0750122070312,576.2625122070312,8273776,62.331799338044405,6.42510545145808,571.4850036621094,566.4142970523698,573.4124755859375
2019-04-18,HDFCBANK,578.25,578.7625122070312,572.0,573.4124755859375,10614856,59.22576262927421,6.238588560624862,571.8875030517578,567.0807902460429,567.1749877929688
2019-04-22,HDFCBANK,581.25,581.25,565.25,567.1749877929688,20980420,53.000972542873306,5.52378469331768,571.8993774414063,567.0897614409882,561.3250122070312
2019-04-23,HDFCBANK,569.3875122070312,572.5,560.4000244140625,561.3250122070312,15282400,47.914570586853785,4.4341393409275724,571.2281280517578,566.5407377044208,569.9375
2019-04-24,HDFCBANK,562.5,570.9749755859375,561.7625122070312,569.9375,12354128,54.79303423786361,4.2169331555488725,571.2731292724609,566.8642388754284,565.8624877929688
2019-04-25,HDFCBANK,571.7249755859375,574.7000122070312,564.4874877929688,565.8624877929688,18086636,51.33839677872501,3.673628952135232,571.0500030517578,566.7688340104323,570.2374877929688
2019-04-26,HDFCBANK,566.4749755859375,571.25,564.2249755859375,570.2374877929688,11707568,54.64467386950323,3.555101397299609,570.6700012207032,567.0991819897215,579.3624877929688
2019-04-30,HDFCBANK,571.25,580.0,569.5999755859375,579.3624877929688,12536836,60.650005673707206,4.149644180293876,570.8950012207031,568.267115875745,588.9500122070312
2019-05-02,HDFCBANK,580.875,589.9124755859375,579.375,588.9500122070312,17169300,65.77722842178287,5.3329814230176,571.5575012207031,570.2369155263438,591.9874877929688
2019-05-03,HDFCBANK,591.0499877929688,594.5,589.125,591.9874877929688,12351520,67.23387306846934,6.441628524052248,572.259375,572.3083985993557,582.1124877929688
2019-05-06,HDFCBANK,587.0,587.9749755859375,579.2625122070312,582.1124877929688,13748092,58.51405146987549,6.44906852031545,572.6793731689453,573.2421213796998,580.5875244140625
2019-05-07,HDFCBANK,587.9749755859375,589.5,579.5,580.5875244140625,9924204,57.278619026610706,6.259754418554053,573.0493743896484,573.9416835734487,576.8125
2019-05-08,HDFCBANK,580.6375122070312,580.9500122070312,572.0,576.8125,12064208,54.22640702469018,5.7389536229632085,573.340625,574.2150946616918,572.7249755859375
2019-05-09,HDFCBANK,575.0,575.0,567.9000244140625,572.7249755859375,9027724,51.05408041927542,4.939447307085516,573.1568725585937,574.0731785592391,574.125
2019-05-10,HDFCBANK,572.8375244140625,581.2249755859375,572.8375244140625,574.125,10594200,52.08796396485963,4.368446331299197,573.2456237792969,574.0781139345496,571.7999877929688
2019-05-13,HDFCBANK,574.0125122070312,578.3375244140625,570.0,571.7999877929688,11071632,50.19185753257302,3.6858269710049854,573.2449981689454,573.8611495401134,571.9749755859375
2019-05-14,HDFCBANK,574.1749877929688,577.75,568.8875122070312,571.9749755859375,10494744,50.338383090820074,3.122966646897339,573.8768707275391,573.68151392543,571.6749877929688
2019-05-15,HDFCBANK,574.0,576.7999877929688,570.5499877929688,571.6749877929688,8956348,50.066463519144094,2.622459199830814,574.2418701171875,573.4904161985288,577.6624755859375
2019-05-16,HDFCBANK,570.1375122070312,579.75,570.0,577.6624755859375,8050136,55.261068794197556,2.6780725145331417,574.8093688964843,573.8877551878059,590.5250244140625
2019-05-17,HDFCBANK,578.25,592.3250122070312,577.9000244140625,590.5250244140625,14758780,63.93978709527509,3.7171971261357157,575.725619506836,575.4722570188779,608.0875244140625
2019-05-20,HDFCBANK,602.0,609.6749877929688,595.0,608.0875244140625,17699632,71.94286856685734,5.889962025526415,577.3168701171875,578.5784729612765,600.9249877929688
2019-05-21,HDFCBANK,609.5,612.3499755859375,599.8624877929688,600.9249877929688,10325176,65.5530697182754,6.953778190311937,578.692495727539,580.7067124690567,601.4375
2019-05-22,HDFCBANK,602.9625244140625,606.5,598.5625,601.4375,11386660,65.78722811716236,7.748891222652787,580.4056213378906,582.6810731862894,583.0250244140625
2019-05-23,HDFCBANK,602.25,609.9749755859375,579.7750244140625,583.0250244140625,33081996,52.0881635347808,6.8147351046952735,581.4906219482422,582.7138304460774,593.3375244140625
2019-05-24,HDFCBANK,589.9249877929688,596.5374755859375,585.0374755859375,593.3375244140625,13692800,57.43436042725518,6.82783518202541,582.6606231689453,583.7256108239807,602.0875244140625
2019-05-27,HDFCBANK,594.7249755859375,605.4749755859375,593.0625,602.0875244140625,12049024,61.37279957195232,7.458294385836439,584.471875,585.4743644992266,604.0499877929688
2019-05-28,HDFCBANK,604.125,605.0,596.7625122070312,604.0499877929688,7364840,62.21717881831792,8.023798881887956,586.1625,587.2434714795829,604.2249755859375
2019-05-29,HDFCBANK,602.5499877929688,607.7000122070312,602.5499877929688,604.2249755859375,7475216,62.29632298297817,8.389377796673557,587.4056243896484,588.8607575849501,609.8875122070312
2019-05-30,HDFCBANK,604.0,611.9749755859375,603.2625122070312,609.8875122070312,9359200,64.8613808170598,9.031906901431284,588.4524993896484,590.8633056441959,606.3375244140625
2019-05-31,HDFCBANK,614.2000122070312,616.25,589.2000122070312,606.3375244140625,19785080,62.013008378401814,9.149195271800295,589.1700012207032,592.3370407651356,614.2750244140625
2019-06-03,HDFCBANK,606.75,614.9500122070312,606.2374877929688,614.2750244140625,8480860,65.64573569285099,9.77001441927689,590.7781280517578,594.4263725412238,613.0750122070312
2019-06-04,HDFCBANK,613.75,616.4375,610.2625122070312,613.0750122070312,6442988,64.63931113186712,10.049344522074762,592.4025024414062,596.2024334617769,605.8375244140625
2019-06-06,HDFCBANK,613.2999877929688,617.5,603.3375244140625,605.8375244140625,15634924,58.78558481457432,9.576320994946627,593.8537536621094,597.1200611715184,611.9124755859375
2019-06-07,HDFCBANK,606.4124755859375,613.5625,602.25,611.9124755859375,7970932,61.90413783226341,9.58119814273141,595.8131286621094,598.5288625443202,610.0499877929688
2019-06-10,HDFCBANK,617.4874877929688,617.4874877929688,608.0250244140625,610.0499877929688,7077140,60.395300356878685,9.327257301895997,597.6093780517579,599.626112568001,612.0999755859375
2019-06-11,HDFCBANK,612.875,614.9749755859375,610.0875244140625,612.0999755859375,7103292,61.5073971416876,9.185539061912664,599.6243774414063,600.8140995220903,606.7625122070312
2019-06-12,HDFCBANK,611.25,612.0999755859375,605.9124755859375,606.7625122070312,7308620,57.01811372854998,8.544047190538095,601.3637542724609,601.3806150158941,611.1749877929688
2019-06-13,HDFCBANK,608.9874877929688,613.0,603.9874877929688,611.1749877929688,11107948,59.64067509025709,8.296078139301926,603.338754272461,602.3134124232346,608.7750244140625
2019-06-14,HDFCBANK,610.7374877929688,614.7374877929688,606.25,608.7750244140625,11956920,57.58270420257493,7.815808121476948,604.8943817138672,602.9288040414086,605.5
2019-06-17,HDFCBANK,608.75,609.9749755859375,604.3250122070312,605.5,12810020,54.80362714179857,7.0892036457461245,605.6431304931641,603.1736798469888,604.3125
2019-06-18,HDFCBANK,604.5,608.0,601.0,604.3125,12419652,53.789918430545285,6.344408644580994,605.454379272461,603.2821389091803,607.0875244140625
2019-06-19,HDFCBANK,606.75,611.2249755859375,604.1749877929688,607.0875244140625,10744276,55.84532817128125,5.909948313227801,605.7625061035156,603.644556576312,606.5875244140625
2019-06-20,HDFCBANK,607.0875244140625,609.25,603.6500244140625,606.5875244140625,11171492,55.36746430891202,5.462323286518199,606.0200073242188,603.9248392275264,603.5499877929688
2019-06-21,HDFCBANK,606.5,607.4249877929688,601.4124755859375,603.5499877929688,13250260,52.43217177409656,4.807060605943207,607.046255493164,603.8891390909018,604.4874877929688
2019-06-24,HDFCBANK,602.9874877929688,607.6500244140625,602.5,604.4874877929688,6915000,53.255851629567786,4.313683171237017,607.6037536621094,603.9461246815748,607.1749877929688
2019-06-25,HDFCBANK,604.9625244140625,610.375,600.75,607.1749877929688,8899800,55.62786600553376,4.092362580840472,607.8581268310547,604.2536354540886,616.9749755859375
2019-06-26,HDFCBANK,606.1749877929688,617.5,605.5,616.9749755859375,10533636,63.000853765267316,4.654092055258502,608.5043762207031,605.4651916571217,615.5750122070312
2019-06-27,HDFCBANK,617.1875,623.625,614.0374755859375,615.5750122070312,19879236,61.430515615289586,4.929477418889746,609.0718780517578,606.4280317094941,610.9375
2019-06-28,HDFCBANK,616.0,618.75,609.2625122070312,610.9375,12756844,56.41416392502731,4.719114807853089,609.1243774414063,606.8575048800185,621.3875122070312
2019-07-01,HDFCBANK,614.0,622.25,612.5125122070312,621.3875122070312,8524160,63.62275010646083,5.334140917626314,609.8768768310547,608.2413151016389,623.75
2019-07-02,HDFCBANK,622.0,624.375,616.7999877929688,623.75,7246828,65.0308306230057,5.943671614834898,610.3506256103516,609.7183327110066,622.4124755859375
2019-07-03,HDFCBANK,624.75,625.8250122070312,620.75,622.4124755859375,7463256,63.531479250850076,6.24679290167046,610.8174987792969,610.9272986990952,620.9500122070312
2019-07-04,HDFCBANK,623.7000122070312,624.4749755859375,618.0,620.9500122070312,7993964,61.85225904442296,6.296428820940378,611.5731231689454,611.8818428427081,618.0999755859375
2019-07-05,HDFCBANK,621.2750244140625,623.7374877929688,615.0,618.0999755859375,7583060,58.60155133568419,6.03620983839005,611.8824981689453,612.474045961111,602.4000244140625
2019-07-08,HDFCBANK,618.6375122070312,618.6500244140625,599.2625122070312,602.4000244140625,14607140,44.67314500866347,4.511128093753655,611.5,611.5146153375825,594.7874755859375
2019-07-09,HDFCBANK,600.9625244140625,602.7000122070312,593.25,594.7874755859375,16482688,39.74088137136923,2.657585759458698,610.634375,609.9215544088545,597.1875
2019-07-10,HDFCBANK,594.6875,599.5,591.5625,597.1875,11569148,41.91814242162763,1.3665492883042134,610.1556243896484,608.7087873222969,601.7874755859375
2019-07-11,HDFCBANK,600.75,603.5,598.9124755859375,601.7874755859375,9097596,45.949160296585305,0.7064298856988671,609.6862487792969,608.0496147759769,598.4749755859375
2019-07-12,HDFCBANK,604.5,604.5,596.2625122070312,598.4749755859375,8976272,43.602395217324194,-0.0830531777177157,609.1712463378906,607.1377443769255,598.6875
2019-07-15,HDFCBANK,599.0,600.75,594.3375244140625,598.6875,8233184,43.80071245825011,-0.6836940498969852,608.8306213378906,606.3329591981707,597.7999877929688
2019-07-16,HDFCBANK,604.5,604.5,595.5,597.7999877929688,12770568,43.11881848042837,-1.2172889372092186,608.504995727539,605.5202952548182,599.3624877929688
2019-07-17,HDFCBANK,598.2374877929688,602.9000244140625,597.8250122070312,599.3624877929688,7759736,44.74962078912331,-1.4968314963604143,608.1187438964844,604.9338374013087,602.9749755859375
2019-07-18,HDFCBANK,600.75,607.25,600.4749755859375,602.9749755859375,10802584,48.4308568665718,-1.410612748719359,607.9381164550781,604.747279133178,593.9124755859375
2019-07-19,HDFCBANK,603.75,605.1749877929688,591.75,593.9124755859375,8939228,41.042922930026776,-2.0499215618356175,607.4562408447266,603.7153930810599,574.3125
2019-07-22,HDFCBANK,586.25,587.4625244140625,570.3125,574.3125,22171296,30.283314776205884,-4.090974421567466,605.9474914550781,600.9151175495304,565.875
2019-07-23,HDFCBANK,573.625,573.625,560.5125122070312,565.875,27802864,27.00166886432737,-6.316546041909305,603.8824920654297,597.5779634971941,570.2249755859375
2019-07-24,HDFCBANK,564.1875,573.25,562.75,570.2249755859375,17363740,31.144386899007472,-7.641237480713016,601.5449920654297,594.9729170294554,571.5125122070312
2019-07-25,HDFCBANK,571.25,578.8624877929688,570.0625,571.5125122070312,19462008,32.367828460299336,-8.489312040136383,599.3418670654297,592.7385927606532,569.3250122070312
2019-07-26,HDFCBANK,569.5499877929688,573.4124755859375,568.2125244140625,569.3250122070312,12829828,31.348682634783515,-9.23151504777411,597.2612426757812,590.5087279460225,561.0750122070312
2019-07-29,HDFCBANK,568.3875122070312,568.3875122070312,555.7625122070312,561.0750122070312,9976492,27.794264453447454,-10.365930338113913,594.2456176757812,587.7055169232614,563.0625
2019-07-30,HDFCBANK,563.75,567.7999877929688,559.9749755859375,563.0625,10394136,29.8575778136601,-10.97804095146978,591.2112426757812,585.3585629305699,562.9124755859375
2019-07-31,HDFCBANK,560.0,566.75,558.5625,562.9124755859375,13891840,29.788381564352065,-11.344476673580061,588.2362426757812,583.2208403263191,555.4500122070312
2019-08-01,HDFCBANK,557.2750244140625,560.0,549.25,555.4500122070312,18241676,26.4986754300933,-12.097584626558387,584.9612426757812,580.5759995530536,553.5875244140625
2019-08-02,HDFCBANK,552.75,556.0,545.5,553.5875244140625,27825536,25.734792555436186,-12.69833678258658,581.7356201171875,578.0056685874355,544.8125
2019-08-05,HDFCBANK,549.2625122070312,550.0,540.625,544.8125,19822440,22.45098571356658,-13.724303105581498,578.8562438964843,574.8444144362511,547.2750244140625
2019-08-06,HDFCBANK,541.75,552.5625,541.75,547.2750244140625,24890940,25.330486159480174,-14.175279865716789,576.4806213378906,572.2187582436618,546.0
2019-08-07,HDFCBANK,547.5,550.5,541.25,546.0,18750136,24.816670864255116,-14.468778934571674,573.9212463378906,569.7217336490273,558.2874755859375
2019-08-08,HDFCBANK,549.5,560.75,545.75,558.2874755859375,19711600,37.89168334817893,-13.553644495228582,571.7462463378906,568.6327566906378,570.5
2019-08-09,HDFCBANK,561.75,572.25,559.9500122070312,570.5,30436112,47.63844896663244,-11.707982864476435,570.3474975585938,568.8105893867677,555.0875244140625
2019-08-13,HDFCBANK,568.3250122070312,568.3250122070312,550.6500244140625,555.0875244140625,15440068,39.263988796464716,-11.358012598070445,568.1674987792969,567.5036308179386,557.3624877929688
2019-08-14,HDFCBANK,558.8499755859375,558.8499755859375,550.7625122070312,557.3624877929688,14254052,40.91504852002293,-10.772904768260446,566.1456237792969,566.5378076727035,556.9249877929688
2019-08-16,HDFCBANK,553.5,558.25,551.0250244140625,556.9249877929688,15247560,40.68598827705981,-10.226619092275314,564.0237487792969,565.6223010174907,551.7125244140625
2019-08-19,HDFCBANK,559.625,560.5,550.4249877929688,551.7125244140625,8498200,37.95930589621041,-10.097883871034128,561.4606262207031,564.2975603885927,555.1500244140625
2019-08-20,HDFCBANK,552.3125,556.9500122070312,551.7125244140625,555.1500244140625,10270592,40.778056865722164,-9.607730818824848,559.5225036621093,563.4263664862565,556.4625244140625
2019-08-21,HDFCBANK,556.2249755859375,560.2999877929688,553.5499877929688,556.4625244140625,10472712,41.86414584504998,-9.009517107620127,558.6300048828125,562.7631434317618,543.5250244140625
2019-08-22,HDFCBANK,555.2125244140625,555.2125244140625,541.7625122070312,543.5250244140625,13992044,35.04217916618549,-9.470209873968429,557.5125061035156,560.9309416205524,540.6749877929688
2019-08-23,HDFCBANK,540.25,544.25,534.9000244140625,540.6749877929688,20099616,33.73790112886137,-9.950582229069596,556.0350067138672,559.0018031607825,564.0374755859375
2019-08-26,HDFCBANK,548.7249755859375,566.5374755859375,541.75,564.0374755859375,25280244,50.12537604959475,-8.349871147968202,555.6612548828125,559.4813910107973,564.9874877929688
2019-08-27,HDFCBANK,564.0,568.2249755859375,560.0250244140625,564.9874877929688,20660832,50.65974720047958,-6.9248131032628635,555.4443786621093,560.005781180528,561.875
2019-08-28,HDFCBANK,562.5,564.3375244140625,556.5875244140625,561.875,13662588,48.81441478285252,-5.977689010658992,555.4843780517579,560.1838020204777,556.7374877929688
2019-08-29,HDFCBANK,561.5,563.4249877929688,555.0750122070312,556.7374877929688,14783716,45.84588219799191,-5.577348441679533,555.1681274414062,559.8555816178579,556.9874877929688
2019-08-30,HDFCBANK,558.375,565.0,555.5,556.9874877929688,19233320,46.017916559815966,-5.18018875439725,554.8718780517578,559.5824298250113,552.7374877929688
2019-09-03,HDFCBANK,555.0,555.25,549.0374755859375,552.7374877929688,11428676,43.48865746157814,-5.149021606191468,554.7362518310547,558.9305305838644,561.9375
2019-09-04,HDFCBANK,551.75,568.5,549.75,561.9375,15060704,49.90706125957124,-4.332020483746419,555.1537506103516,559.2169086234964,558.7874755859375
2019-09-05,HDFCBANK,562.25,568.0999755859375,556.25,558.7874755859375,17296252,47.90099113411061,-3.8938361332802742,555.8524993896484,559.1760102389669,561.4749755859375
2019-09-06,HDFCBANK,557.0,564.1500244140625,555.3250122070312,561.4749755859375,12870004,49.75658323474546,-3.2917676406553937,556.5624969482421,559.3949593196307,562.4000244140625
2019-09-09,HDFCBANK,561.5,565.2249755859375,554.0250244140625,562.4000244140625,10643404,50.411274977901876,-2.7087554662339244,557.3824981689453,559.681155995291,562.8250122070312
2019-09-11,HDFCBANK,568.5,568.5,560.2874755859375,562.8250122070312,15209116,50.72892305820182,-2.187208377818024,557.609375,559.9805708725995,567.7125244140625
2019-09-12,HDFCBANK,562.6749877929688,572.2000122070312,562.0374755859375,567.7125244140625,18132300,54.350482106658355,-1.3637763988364213,557.4700012207031,560.7169474003579,564.3624877929688
2019-09-13,HDFCBANK,562.75,566.8624877929688,559.5,564.3624877929688,15371340,51.55338780477485,-0.9703351611594826,557.9337493896485,561.0641417234636,561.0374755859375
2019-09-16,HDFCBANK,562.9749755859375,565.6624755859375,560.25,561.0374755859375,11030184,48.86536336437857,-0.9162686676867224,558.1174987792969,561.0616020913184,552.8375244140625
2019-09-17,HDFCBANK,561.9749755859375,562.125,549.5250244140625,552.8375244140625,10656556,42.921682935824016,-1.5175942301846135,557.9131256103516,560.2783565982464,546.9375
2019-09-18,HDFCBANK,554.3250122070312,556.0374755859375,545.0,546.9375,12959884,39.22474878599261,-2.4420809434607236,557.6743743896484,559.0077988269849,550.5250244140625
2019-09-19,HDFCBANK,549.9500122070312,553.5250244140625,542.0,550.5250244140625,10623310,42.46955274416658,-2.8523796294531394,557.4431243896485,558.1999155495637,599.7999877929688
2019-09-20,HDFCBANK,554.0,604.9500122070312,552.7000122070312,599.7999877929688,46150034,67.85521030987573,0.7894333462712666,559.6099975585937,562.1618271917928,628.625
2019-09-23,HDFCBANK,629.7750244140625,641.3499755859375,614.5,628.625,41920410,74.84725163172892,5.933140402499248,563.8649963378906,568.4916531735269,626.9000244140625
2019-09-24,HDFCBANK,625.0,630.9749755859375,613.7750244140625,626.9000244140625,23379048,73.8125344717715,9.757891292660133,568.1762481689453,574.0543551964349,619.8499755859375
2019-09-25,HDFCBANK,624.9500122070312,624.9500122070312,615.0499877929688,619.8499755859375,15608976,69.57886462982708,12.080892895042098,570.9668731689453,578.4158428525781,621.25
2019-09-26,HDFCBANK,619.9000244140625,637.5,618.1749877929688,621.25,30671560,69.9474988593347,13.87491726161943,573.7799987792969,582.4952863904277,622.0999755859375
2019-09-27,HDFCBANK,624.125,626.75,618.7999877929688,622.0999755859375,14873170,70.18372564590406,15.190177512811829,576.7912475585938,586.2671615519048,613.7249755859375
2019-09-30,HDFCBANK,614.4000244140625,620.0,608.25,613.7249755859375,18218458,64.7804683219891,15.379453464454627,579.6406219482421,588.8821914599079,624.4000244140625
2019-10-01,HDFCBANK,615.75,627.5,610.5499877929688,624.4000244140625,18768352,68.14669578871481,16.204053008703795,583.0112487792969,592.2648422174464,611.7750244140625
2019-10-03,HDFCBANK,619.9749755859375,621.9000244140625,608.1749877929688,611.7750244140625,16298876,60.75129640842317,15.658322702817031,585.9631256103515,594.1229548076003,594.8499755859375
2019-10-04,HDFCBANK,618.3250122070312,619.7999877929688,592.6500244140625,594.8499755859375,18403632,52.522350463120816,13.702167454618575,587.6087493896484,594.1921948817277,593.4500122070312
2019-10-07,HDFCBANK,600.5999755859375,609.9249877929688,590.5750122070312,593.4500122070312,22513220,51.89617586671524,11.90173914213301,589.3418762207032,594.1215108174708,614.0750122070312
2019-10-09,HDFCBANK,598.5499877929688,614.9500122070312,595.0,614.0750122070312,17427270,59.54782628495687,12.00081394981953,591.9718780517578,596.0218442831432,600.2750244140625
2019-10-10,HDFCBANK,610.9000244140625,612.9749755859375,598.5999755859375,600.2750244140625,11556858,53.4245251716949,10.840821522786428,593.8656280517578,596.4269090575165,599.4000244140625
2019-10-11,HDFCBANK,606.7000122070312,612.0,594.4749755859375,599.4000244140625,17186318,53.052017141718906,9.738652851774418,595.6943786621093,596.7100629009971,602.2000122070312
2019-10-14,HDFCBANK,604.5,609.9500122070312,598.7000122070312,602.2000122070312,12267802,54.15363915274269,8.987509439431733,597.4187530517578,597.2329152158575,611.5250244140625
2019-10-15,HDFCBANK,603.5,612.5,603.4249877929688,611.5250244140625,8400374,57.71245937631261,9.040460623605213,599.7768798828125,598.5940684728293,610.5499877929688
2019-10-16,HDFCBANK,615.8250122070312,617.5,605.0499877929688,610.5499877929688,10586816,57.212370350018844,8.901140702701014,602.2525054931641,599.7327274556998,610.0
2019-10-17,HDFCBANK,613.75,614.9249877929688,606.5499877929688,610.0,12243614,56.912796106062295,8.64667574753696,605.110629272461,600.7105629361093,614.5
2019-10-18,HDFCBANK,612.7249755859375,616.9249877929688,610.1749877929688,614.5,11233806,58.81307793445367,8.707745361040566,608.4887542724609,602.0238426564799,619.6500244140625
2019-10-22,HDFCBANK,628.5,628.5,616.2999877929688,619.6500244140625,20006228,60.93643502080419,9.067186517345704,611.9450042724609,603.7025266333926,620.7999877929688
2019-10-23,HDFCBANK,623.4249877929688,624.875,616.5,620.7999877929688,10190214,61.41478311657174,9.337205168410946,612.995004272461,605.330856267638,618.0499877929688
2019-10-24,HDFCBANK,624.0,627.0750122070312,613.1749877929688,618.0499877929688,13107494,59.53722189322636,9.222978126727867,612.4662536621094,606.5422021271933,614.5
2019-10-25,HDFCBANK,620.0,623.4249877929688,610.0,614.5,12993542,57.109985452790355,8.74518893250331,611.8462524414062,607.3000876388892,618.8499755859375
2019-10-27,HDFCBANK,619.9749755859375,620.9500122070312,617.5,618.8499755859375,1750082,59.29959602242993,8.618198995934904,611.7962524414063,608.4000769671795,621.25
2019-10-29,HDFCBANK,619.0,628.6749877929688,618.8499755859375,621.25,14232568,60.497839463276904,8.611947300931206,611.7962524414063,609.6238791607815,624.1749877929688
2019-10-30,HDFCBANK,623.4500122070312,631.3499755859375,621.5,624.1749877929688,12011366,61.967425923570325,8.74223975925986,611.9000030517578,611.0096990305136,615.1749877929688
2019-10-31,HDFCBANK,628.8499755859375,631.9500122070312,613.5499877929688,615.1749877929688,13217706,55.166711704732286,8.026745363257874,611.9725036621094,611.4063931983666,620.0250244140625
2019-11-01,HDFCBANK,619.5,621.875,613.7999877929688,620.0250244140625,11512260,57.85121139276578,7.761597457380617,611.7537536621094,612.2272152189091,618.4249877929688
2019-11-04,HDFCBANK,623.2249755859375,625.0,614.5250244140625,618.4249877929688,9935176,56.64616744849959,7.337770992034848,612.0862518310547,612.8174792735814,619.75
2019-11-05,HDFCBANK,620.5,622.4000244140625,614.5250244140625,619.75,12367810,57.43684405453852,7.027790877671919,613.3312530517578,613.4777193427641,628.3250122070312
2019-11-06,HDFCBANK,621.2249755859375,629.5,614.0250244140625,628.3250122070312,12130336,62.23682433644308,7.388886737604594,615.0750030517578,614.891747234599,631.8499755859375
2019-11-07,HDFCBANK,630.5,634.8499755859375,625.0,631.8499755859375,16963034,64.03247059213797,7.868786421765435,615.9637512207031,616.5068166013932,627.7999877929688
2019-11-08,HDFCBANK,629.5,633.5,625.7249755859375,627.7999877929688,13251496,60.47445360860446,7.832027473771291,617.3399993896485,617.5823567148766,632.375
2019-11-11,HDFCBANK,626.2750244140625,634.25,625.25,632.375,14286610,62.97711040462353,8.07893209258441,618.9887481689453,618.9911798848883,628.7750244140625
2019-11-13,HDFCBANK,630.9749755859375,635.0,626.7999877929688,628.7750244140625,9293496,59.77010694298951,7.893130740439119,620.3174987792969,619.9229746019525,636.9500122070312
2019-11-14,HDFCBANK,631.9000244140625,638.5,628.5999755859375,636.9500122070312,11055218,64.22528551321315,8.309745450984565,621.5887481689454,621.5445972310076,638.9500122070312
2019-11-15,HDFCBANK,641.9249877929688,642.5,635.5499877929688,638.9500122070312,9279012,65.23950002080528,8.7009991934234,623.0087493896484,623.2022558001528,631.0250244140625
2019-11-18,HDFCBANK,638.5,639.7249755859375,629.3499755859375,631.0250244140625,9130292,58.19872594112498,8.276187581440013,624.0600006103516,623.94728138243,635.9500122070312
2019-11-19,HDFCBANK,632.6500244140625,637.5,630.5499877929688,635.9500122070312,10570578,61.014538276087386,8.241918962015347,625.1325012207031,625.0903986038206,636.6749877929688
2019-11-20,HDFCBANK,636.5,641.4749755859375,633.5,636.6749877929688,11054258,61.42645239439508,8.178978136421165,625.9837493896484,626.1936928123109,641.6749877929688
2019-11-21,HDFCBANK,635.125,643.5,634.1749877929688,641.6749877929688,12019526,64.23327207244171,8.435318194586102,627.0274993896485,627.6681018580879,632.375
2019-11-22,HDFCBANK,641.8250122070312,641.8250122070312,631.0,632.375,7688010,56.06198516484811,7.798146072118584,627.74375,628.1163778716033,635.5499877929688
2019-11-25,HDFCBANK,632.0750122070312,639.75,632.0750122070312,635.5499877929688,7893556,58.025180942239444,7.463344762249903,628.7962493896484,628.8243407212572,637.5250244140625
2019-11-26,HDFCBANK,639.2249755859375,639.875,633.4749755859375,637.5250244140625,8716002,59.24507210571624,7.273536460619425,629.7300018310547,629.6529772634291,639.2000122070312
2019-11-27,HDFCBANK,638.0,642.875,635.5999755859375,639.2000122070312,9580666,60.298867568684614,7.175554208232597,630.6275024414062,630.5622186866293,632.6500244140625
2019-11-28,HDFCBANK,640.0999755859375,641.5250244140625,631.0,632.6500244140625,12366040,54.37766058626759,6.4945086400206264,631.0512542724609,630.7610573273373,637.4749755859375
2019-11-29,HDFCBANK,633.8499755859375,639.9500122070312,626.0,637.4749755859375,15567626,57.67479936651846,6.27181082518905,632.1662536621094,631.4004781138707,632.875
2019-12-02,HDFCBANK,636.9749755859375,636.9749755859375,629.2999877929688,632.875,8946204,53.6909060800033,5.658909233207055,632.8087524414062,631.5409087696926,627.7000122070312
2019-12-03,HDFCBANK,634.0999755859375,634.5,626.9000244140625,627.7000122070312,6991906,49.54464353240391,4.701407145084545,633.2725036621093,631.1751090970582,625.8250122070312
2019-12-04,HDFCBANK,626.25,628.4500122070312,617.0999755859375,625.8250122070312,11395614,48.09541664534637,3.748077507437756,633.5762542724609,630.6655760599128,622.7999877929688
2019-12-05,HDFCBANK,627.7999877929688,629.375,620.375,622.7999877929688,12772494,45.7693267523557,2.7171411998127724,633.3000030517578,629.9164724154421,623.0250244140625
2019-12-06,HDFCBANK,624.4749755859375,630.0,619.0999755859375,623.0250244140625,13774650,45.97864028703243,1.8964146356946685,632.858755493164,629.2601440343583,621.4749755859375
2019-12-09,HDFCBANK,624.75,624.9249877929688,618.7750244140625,621.4749755859375,8265350,44.69888804423752,1.1081330662849496,632.5425048828125,628.518699420223,624.75
2019-12-10,HDFCBANK,625.5,626.8250122070312,622.5499877929688,624.75,9788900,47.992622452884135,0.73916075785462,632.1612548828125,628.1597756659161,624.375
2019-12-11,HDFCBANK,625.0499877929688,627.0,621.25,624.375,11054642,47.642715454465815,0.4117418750917068,631.9412536621094,627.7993208405907,631.7999877929688
2019-12-12,HDFCBANK,626.5,634.7249755859375,626.5,631.7999877929688,12913148,54.68718575578271,0.7428316128210781,631.6837524414062,628.1803367408171,631.9249877929688
2019-12-13,HDFCBANK,632.5,636.1749877929688,629.625,631.9249877929688,11775186,54.797449597518394,1.0037385969358184,631.3325012207031,628.5369701743554,628.6749877929688
2019-12-16,HDFCBANK,634.625,635.0,624.0999755859375,628.6749877929688,11327576,51.301989695664794,0.9374550249808635,631.2149993896485,628.5501147094614,635.5499877929688
2019-12-17,HDFCBANK,630.0,637.4000244140625,627.6749877929688,635.5499877929688,12427354,57.480777963721124,1.4232732517968998,631.1949981689453,629.216769288843,646.1749877929688
2019-12-18,HDFCBANK,641.5,649.5,636.8250122070312,646.1749877929688,17447172,64.89410367327503,2.6352587770596756,631.6699981689453,630.8318377178074,644.4000244140625
2019-12-19,HDFCBANK,652.5,652.75,643.0499877929688,644.4000244140625,13018376,62.920477379021186,3.413196126716798,631.80625,632.1240459745936,648.3499755859375
2019-12-20,HDFCBANK,644.375,649.7999877929688,640.0250244140625,648.3499755859375,15026044,65.43947106080518,4.298890199256334,632.6049987792969,633.6693726042454,651.2000122070312
2019-12-23,HDFCBANK,649.5,652.0,644.4000244140625,651.2000122070312,10195782,67.17237998592375,5.1711732036494595,633.3875,635.3389573283202,644.5750122070312
2019-12-24,HDFCBANK,649.2999877929688,650.5499877929688,643.4749755859375,644.5750122070312,7179208,59.68115711094272,5.267165036679216,633.7399993896485,636.2185816024831,635.2249755859375
2019-12-26,HDFCBANK,644.8499755859375,645.9249877929688,632.3250122070312,635.2249755859375,14949758,51.0312694584521,4.536475773277061,633.5412475585938,636.1239524580502,637.5
2019-12-27,HDFCBANK,636.0,639.5,635.0,637.5,7092992,52.82295345307523,4.093784129587789,633.7837463378906,636.2550046049025,641.0750122070312
2019-12-30,HDFCBANK,641.0,644.375,637.0250244140625,641.0750122070312,9334190,55.573749433640245,3.9854792955819676,633.9637481689454,636.7140529479625,636.0499877929688
2019-12-31,HDFCBANK,640.9749755859375,640.9749755859375,634.3250122070312,636.0499877929688,8357056,51.06652419575065,3.454349865018685,634.1224975585938,636.6508086474869,639.2999877929688
2020-01-01,HDFCBANK,638.0499877929688,640.0,635.2999877929688,639.2999877929688,3673698,53.6829608240222,3.2581162671128823,634.7024963378906,636.9031114232471,643.375
2020-01-02,HDFCBANK,639.5,644.0,639.5,643.375,6137166,56.80184729685819,3.3923146639913284,635.5799957275391,637.5194817638902,634.2000122070312
2020-01-03,HDFCBANK,641.0999755859375,642.5,631.7999877929688,634.2000122070312,10855550,48.82924577653476,2.7268891434285933,636.1499969482422,637.2033418060942,620.4749755859375
2020-01-06,HDFCBANK,630.0,630.9000244140625,618.0,620.4749755859375,10890186,39.82434486247142,1.0795939863941157,636.022494506836,635.6101640708412,630.2999877929688
2020-01-07,HDFCBANK,629.4500122070312,635.7249755859375,626.125,630.2999877929688,14724494,47.31455262868196,0.5604367147896028,636.4637451171875,635.1044329967581,628.6500244140625
2020-01-08,HDFCBANK,623.4749755859375,631.0750122070312,620.0250244140625,628.6500244140625,11332110,46.272893593163516,0.015681811200579432,636.6587463378906,634.4897274174538,635.7000122070312
2020-01-09,HDFCBANK,632.5,637.9000244140625,631.5499877929688,635.7000122070312,9546316,51.21503934820121,0.15109301482254978,637.2249969482422,634.6049926355088,641.3499755859375
2020-01-10,HDFCBANK,642.0499877929688,643.4500122070312,637.5499877929688,641.3499755859375,9214580,54.8031989082518,0.7061718853243519,637.7024963378906,635.247371964121,643.0
2020-01-13,HDFCBANK,641.3499755859375,648.25,638.0,643.0,7451568,55.82505842195869,1.264641074613337,638.2562469482422,635.9857174913476,644.75
2020-01-14,HDFCBANK,644.5,646.2750244140625,638.75,644.75,7886290,56.93709526940487,1.8273774357417096,639.0599975585938,636.8204110636002,642.125
2020-01-15,HDFCBANK,643.2000122070312,643.9749755859375,637.0499877929688,642.125,11787448,54.71223080610428,2.0380412236828533,639.3887481689453,637.325610009924,643.8250122070312
2020-01-16,HDFCBANK,641.0250244140625,645.5,639.6749877929688,643.8250122070312,7150400,55.913717988393465,2.3154791683720077,639.2712493896485,637.9446006953629,639.0750122070312
2020-01-17,HDFCBANK,640.875,642.4500122070312,635.9500122070312,639.0750122070312,16918814,51.7801263285934,2.127540473546105,639.0049987792969,638.0522589345693,627.4500122070312
2020-01-20,HDFCBANK,652.4249877929688,652.4249877929688,626.25,627.4500122070312,22178450,43.33620606514048,1.0286991545394812,637.9600006103516,637.0425211509942,622.1749877929688
2020-01-21,HDFCBANK,625.0,625.0,619.2000122070312,622.1749877929688,14984804,40.137682825736384,-0.2647391444313598,636.5087493896484,635.626565593087,620.4249877929688
2020-01-22,HDFCBANK,624.0250244140625,627.5,617.2000122070312,620.4249877929688,18368310,39.106476499626666,-1.414700898389242,635.3012481689453,634.1787962787901,622.4249877929688
2020-01-23,HDFCBANK,620.0,623.4249877929688,615.5,622.4249877929688,11508920,40.97294647077684,-2.1400019774345083,634.6612487792969,633.0593859468071,622.2750244140625
2020-01-24,HDFCBANK,623.0,627.0,619.5499877929688,622.2750244140625,11831756,40.87178540016836,-2.695833212297998,633.9,632.0323038960695,606.5999755859375
2020-01-27,HDFCBANK,617.5,617.5,605.875,606.5999755859375,18888552,31.98297812298013,-4.351023024052324,632.1762481689453,629.6101773903426,611.5999755859375
2020-01-28,HDFCBANK,609.4000244140625,613.9000244140625,606.625,611.5999755859375,13412158,36.7111460993424,-5.199379451790946,630.9537475585937,627.8949200756373,617.9249877929688
2020-01-29,HDFCBANK,612.6500244140625,621.0,611.125,617.9249877929688,13788350,42.18613606816275,-5.30023460285679,629.8849975585938,626.9454027153831,613.0250244140625
2020-01-30,HDFCBANK,619.4749755859375,619.4749755859375,608.5999755859375,613.0250244140625,12111984,39.34640444304947,-5.70973090696225,628.3674987792969,625.6196524009716,613.1500244140625
2020-01-31,HDFCBANK,615.7249755859375,618.9000244140625,610.125,613.1500244140625,11178268,39.458364615642914,-5.9555216761963266,627.3149993896484,624.4320687831707,596.4000244140625
2020-02-03,HDFCBANK,598.5,598.9749755859375,588.8499755859375,596.4000244140625,13077010,31.15846945887425,-7.416405934984255,626.1112518310547,621.7623502718271,614.9000244140625
2020-02-04,HDFCBANK,599.0,617.0,599.0,614.9000244140625,20897704,44.93527681423368,-7.000672451869491,625.3412536621094,621.1087954282305,622.3250122070312
2020-02-05,HDFCBANK,617.4500122070312,624.0,613.6500244140625,622.3250122070312,18020682,49.31908194369958,-6.002868873900525,625.0250030517578,621.22462559764,619.9000244140625
2020-02-06,HDFCBANK,622.3250122070312,624.3499755859375,618.5999755859375,619.9000244140625,11827550,47.975705747942555,-5.3461514914675945,624.2350036621094,621.098473103966,621.0999755859375
2020-02-07,HDFCBANK,623.0,623.5,615.7999877929688,621.0999755859375,6815448,48.720041754988344,-4.674981921816766,623.2225036621094,621.098616197487,620.1500244140625
2020-02-10,HDFCBANK,621.4749755859375,621.4749755859375,613.0250244140625,620.1500244140625,9219834,48.1329209893871,-4.1716402507947805,622.0800048828125,621.0082741228752,620.2999877929688
2020-02-11,HDFCBANK,621.6500244140625,627.5,619.0250244140625,620.2999877929688,11613520,48.23896627057789,-3.7177812902716596,620.8575042724609,620.9408182819317,624.5
2020-02-12,HDFCBANK,622.5999755859375,626.4500122070312,622.0250244140625,624.5,6297930,51.24548828060085,-2.984782198813491,619.9762542724609,621.2797879693668,620.7000122070312
2020-02-13,HDFCBANK,629.9500122070312,629.9500122070312,616.7999877929688,620.7000122070312,9112140,48.500598702141424,-2.6796134787475694,618.8200042724609,621.2245712300967,609.6749877929688
2020-02-14,HDFCBANK,621.5999755859375,624.2000122070312,607.5,609.6749877929688,14688858,41.54725605592096,-3.2894733980085675,617.3500030517578,620.1246109027512,608.5750122070312
2020-02-17,HDFCBANK,612.5,616.5,607.2249755859375,608.5750122070312,10152690,40.91696933184686,-3.8175443399202322,616.4062530517579,619.0246491222064,606.625
2020-02-18,HDFCBANK,608.4500122070312,609.25,601.75,606.625,10529116,39.765271028178866,-4.3433268853985965,615.6287536621094,617.8437301581868,613.5999755859375
2020-02-19,HDFCBANK,611.25,615.0,606.9500122070312,613.5999755859375,10012268,45.65732022594183,-4.149359865622955,615.2875030517578,617.4395630560678,608.5499877929688
2020-02-20,HDFCBANK,615.0,615.0,607.0499877929688,608.5499877929688,11123414,42.42182286437628,-4.352953279589656,614.5937530517579,616.5929368405345,604.9749755859375
2020-02-24,HDFCBANK,604.4749755859375,607.375,600.0,604.9749755859375,16568084,40.24741738434302,-4.748043642892753,613.7287506103515,615.4864643400967,600.1500244140625
2020-02-25,HDFCBANK,602.0,604.5,599.0,600.1500244140625,13886680,37.456909664580955,-5.38837500514137,613.4062530517579,614.0258510138077,599.625
2020-02-26,HDFCBANK,598.75,602.3499755859375,592.8250122070312,599.625,13814786,37.155029842884495,-5.870535427339519,612.807504272461,612.6543413934451,599.7249755859375
2020-02-27,HDFCBANK,597.5,601.25,590.5,599.7249755859375,20655098,37.25872408222291,-6.173420492834907,611.8975036621093,611.4229732213015,588.8250122070312
2020-02-28,HDFCBANK,587.75,592.5,585.0499877929688,588.8250122070312,24313056,31.211984647118456,-7.209883984713201,610.6875030517579,609.2707864580377,589.7999877929688
2020-03-02,HDFCBANK,600.0999755859375,600.5750122070312,583.0750122070312,589.7999877929688,14664898,32.27080570652764,-7.861988280785567,609.5200012207031,607.4164246804121,590.9000244140625
2020-03-03,HDFCBANK,587.5,592.6749877929688,584.0,590.9000244140625,22369550,33.514278431284595,-8.195548687925566,609.2450012207031,605.8434341788551,574.4249877929688
2020-03-04,HDFCBANK,589.1749877929688,590.0,566.5499877929688,574.4249877929688,34288870,25.85743557278633,-9.67773655858764,607.2212493896484,602.851201189723,575.6749877929688
2020-03-05,HDFCBANK,576.5,582.5,571.375,575.6749877929688,19549708,27.21613466264249,-10.62899216598862,604.8887481689453,600.2629903900322,567.4500122070312
2020-03-06,HDFCBANK,562.5,570.4500122070312,550.5,567.4500122070312,23053566,24.088125769085167,-11.909273190995918,602.2662475585937,597.1379448487941,553.6500244140625
2020-03-09,HDFCBANK,555.0,559.2000122070312,532.5,553.6500244140625,34420590,19.945977606989075,-13.877477884204382,598.89375,592.9962381407244,556.9000244140625
2020-03-11,HDFCBANK,552.5,560.0,546.0,556.9000244140625,35538240,23.29143733669494,-15.00211144288096,595.73125,589.5585035000898,510.6499938964844
2020-03-12,HDFCBANK,537.5,540.0,501.7250061035156,510.6499938964844,59000770,14.198190335482394,-19.401731492330327,590.2487503051758,582.0434073473656,534.9000244140625
2020-03-13,HDFCBANK,490.0249938964844,540.7249755859375,459.6000061035156,534.9000244140625,66342364,29.69650759184664,-20.693149535455973,585.7687515258789,577.5535613537177,499.75
2020-03-16,HDFCBANK,517.5,518.5,497.5,499.75,31986322,23.164941429667252,-24.273115482212233,579.7212509155273,570.1436983676493,487.54998779296875
2020-03-17,HDFCBANK,504.0,505.0,477.3500061035156,487.54998779296875,42676838,21.40519362953728,-27.774535753511486,573.6150009155274,562.2776306938703,438.45001220703125
2020-03-18,HDFCBANK,492.5,496.5,432.5,438.45001220703125,61181406,16.10321924947756,-34.11810198712817,565.1087509155274,550.4845241713142,447.7749938964844
2020-03-19,HDFCBANK,423.5,459.9750061035156,397.5,447.7749938964844,67220048,20.14853785365429,-37.95544904978169,557.1662506103515,540.7026641451399,441.42498779296875
2020-03-20,HDFCBANK,437.5,457.29998779296875,412.2749938964844,441.42498779296875,88637464,19.4604082826648,-41.035930009693516,548.5575012207031,531.2476473496951,385.7749938964844
2020-03-23,HDFCBANK,397.29998779296875,419.375,382.5,385.7749938964844,50276954,14.716742868894087,-47.421082069632405,537.4187515258789,517.3931089255798,383.8500061035156
2020-03-24,HDFCBANK,397.625,405.0,369.375,383.8500061035156,61057272,14.584310077510494,-52.03684317050926,526.3625030517578,504.67471818062126,428.375
2020-03-25,HDFCBANK,385.2250061035156,433.7250061035156,377.625,428.375,47228042,30.224657038745434,-51.508316392610595,517.7737518310547,497.4080783538954,450.54998779296875
2020-03-26,HDFCBANK,435.04998779296875,468.8500061035156,420.5,450.54998779296875,57043156,36.4644440876258,-48.73829420544325,510.32000122070315,492.9454030623786,452.2250061035156
2020-03-27,HDFCBANK,472.4750061035156,494.32501220703125,436.04998779296875,452.2250061035156,55235936,36.92330133587786,-45.87900705163099,502.945002746582,489.06727001867733,415.82501220703125
2020-03-30,HDFCBANK,440.0,443.5,414.0,415.82501220703125,39268444,31.584947494135932,-46.01969033823127,494.29500274658204,482.0918168937586,430.95001220703125
2020-03-31,HDFCBANK,426.8999938964844,436.79998779296875,419.0,430.95001220703125,35211092,35.74224528377685,-44.39891866433419,486.35250396728514,477.221168828356,414.82501220703125
2020-04-01,HDFCBANK,431.92498779296875,431.92498779296875,410.0,414.82501220703125,29103504,33.4112508914922,-43.909437510547775,477.5487533569336,471.27867772156316,406.92498779296875
2020-04-03,HDFCBANK,421.5,422.0,405.0,406.92498779296875,34996280,32.299843676470886,-43.655749807585664,469.1737533569336,465.1497548712208,448.04998779296875
2020-04-07,HDFCBANK,437.0,453.6499938964844,422.67498779296875,448.04998779296875,60412638,42.94054506763603,-39.67886343281384,462.7925033569336,463.521205625673,444.45001220703125
2020-04-08,HDFCBANK,439.9750061035156,472.5,433.04998779296875,444.45001220703125,56219352,42.313586630356625,-36.39806602430309,456.6425033569336,461.7049014905643,462.5249938964844
2020-04-09,HDFCBANK,456.5,465.45001220703125,445.0,462.5249938964844,44457146,46.534512486189314,-31.970969047829158,452.0862518310547,461.7830055292233,447.67498779296875
2020-04-13,HDFCBANK,467.0,473.3500061035156,443.1000061035156,447.67498779296875,34158056,43.705078658635124,-29.322720119557857,446.625,460.4393847924372,431.6499938964844
2020-04-15,HDFCBANK,465.25,465.25,421.5,431.6499938964844,57978752,40.820647450589306,-28.19206625445446,442.675,457.69753804044166,439.875
2020-04-16,HDFCBANK,432.5,445.3500061035156,428.125,439.875,53854396,42.903510548920586,-26.328823380324366,437.9237487792969,456.0001534651615,455.1499938964844
2020-04-17,HDFCBANK,457.5,460.0,443.625,455.1499938964844,55883462,46.6583103355979,-23.35045610679549,435.6937484741211,455.9191858871922,472.42498779296875
2020-04-20,HDFCBANK,475.5,480.4750061035156,467.5,472.42498779296875,66232986,50.6138360508084,-19.372813218621218,434.93749847412107,457.4911670210757,460.82501220703125
2020-04-21,HDFCBANK,462.5,467.0,454.0,460.82501220703125,33178006,48.03784237435337,-16.961007718005362,436.0562484741211,457.80867608640483,464.29998779296875
2020-04-22,HDFCBANK,459.57501220703125,466.5,453.6499938964844,464.29998779296875,38289354,48.87724277713173,-14.600922646929405,436.8824981689453,458.4268962489347,477.4750061035156
2020-04-23,HDFCBANK,467.5,479.25,456.2749938964844,477.4750061035156,40901222,52.04054297122259,-11.534462254254436,438.6849990844727,460.241001949371,469.0249938964844
2020-04-24,HDFCBANK,466.5,479.20001220703125,463.0,469.0249938964844,33284568,49.907579401659106,-9.67459298016405,442.84749908447264,461.0775726110009,464.8500061035156
2020-04-27,HDFCBANK,472.57501220703125,478.70001220703125,463.1499938964844,464.8500061035156,27421072,48.84240381110845,-8.44022613089794,446.89749908447266,461.4368519912404,465.70001220703125
2020-04-28,HDFCBANK,471.8999938964844,471.8999938964844,461.0,465.70001220703125,29441436,49.08068445995,-7.309137928703535,448.76374969482424,461.84286724988715,488.54998779296875
2020-04-29,HDFCBANK,467.5,496.3500061035156,467.04998779296875,488.54998779296875,55877778,55.13094340395605,-4.5168726189471045,450.6637496948242,464.3864025397044,500.8999938964844
2020-04-30,HDFCBANK,500.70001220703125,509.5,496.04998779296875,500.8999938964844,43793134,58.033372320826594,-1.2925403637982527,453.09749908447264,467.8638874308263,461.5
2020-05-04,HDFCBANK,478.75,480.0,458.75,461.5,26722324,47.48103835399133,-1.8946437754234466,455.3812484741211,467.2578029136048,455.7250061035156
2020-05-05,HDFCBANK,469.0,472.0,454.0249938964844,455.7250061035156,29672858,46.15626543991255,-2.805469109317471,456.6199981689453,466.15944131264393,473.20001220703125
2020-05-06,HDFCBANK,459.5,475.0,452.82501220703125,473.20001220703125,33785846,50.643853337929166,-2.0930899625515167,459.5387481689453,466.8299718740141,462.5
2020-05-07,HDFCBANK,470.25,471.6499938964844,460.67498779296875,462.5,21831730,48.00557224576248,-2.3646675026826074,462.3174987792969,466.41759360029846,464.5249938964844
2020-05-08,HDFCBANK,471.0,471.9750061035156,462.6000061035156,464.5249938964844,20807484,48.55181851012766,-2.3889561762546236,463.14124908447263,466.23734600945903,457.8999938964844
2020-05-11,HDFCBANK,468.5,477.0,457.0,457.8999938964844,28550784,46.81881692540739,-2.9092512204919103,463.8137481689453,465.44331247489,450.7749938964844
2020-05-12,HDFCBANK,450.5,454.70001220703125,435.54998779296875,450.7749938964844,49568418,44.96013640093338,-3.852111996227734,463.2262481689453,464.04632975313706,463.82501220703125
2020-05-13,HDFCBANK,475.5,480.0,461.04998779296875,463.82501220703125,44346966,48.957103385056634,-3.505894767302209,464.03374938964845,464.0252518916032,446.8500061035156
2020-05-14,HDFCBANK,449.0,455.5,445.0,446.8500061035156,39554890,44.436687515937074,-4.548820276916729,464.79375,462.38951419749964,444.07501220703125
2020-05-15,HDFCBANK,445.25,446.20001220703125,437.5,444.07501220703125,24349628,43.72590254622389,-5.535455784432031,465.0037506103516,460.64527591269314,418.32501220703125
2020-05-18,HDFCBANK,444.0,444.0,415.6499938964844,418.32501220703125,46649964,37.699812308872374,-8.299509748617254,463.1625015258789,456.614774607392,415.32501220703125
2020-05-19,HDFCBANK,430.42498779296875,433.6499938964844,413.04998779296875,415.32501220703125,47460692,37.05901681934164,-10.609814025416313,460.30750274658203,452.6824162835481,428.54998779296875
2020-05-20,HDFCBANK,418.2250061035156,432.0,416.1000061035156,428.54998779296875,40014306,41.75871045535629,-11.243988109780446,458.6937515258789,450.3840897606358,429.7749938964844
2020-05-21,HDFCBANK,430.7250061035156,442.0,426.1499938964844,429.7749938964844,48478908,42.189308690169355,-11.514990246141053,456.9675018310547,448.42131872595473,419.42498779296875
2020-05-22,HDFCBANK,425.0,435.1499938964844,416.5249938964844,419.42498779296875,42047432,39.530078249398386,-12.42173040971096,454.0650009155273,445.6597633990037,426.20001220703125
2020-05-26,HDFCBANK,428.5,435.875,424.375,426.20001220703125,38005152,42.10264827794221,-12.450123400449229,451.9237518310547,443.80645376167297,451.82501220703125
2020-05-27,HDFCBANK,429.95001220703125,454.8999938964844,428.57501220703125,451.82501220703125,56025754,50.65370928477096,-10.286327328800269,451.27250213623046,444.57012599456425,472.625
2020-05-28,HDFCBANK,460.0,475.0,456.9750061035156,472.625,75488806,56.29612569092535,-6.814564117342229,451.6187515258789,447.2420187569867,475.82501220703125
2020-05-29,HDFCBANK,472.0,477.5,461.7250061035156,475.82501220703125,53025166,57.10868160340692,-3.76159123581175,450.98250274658204,449.96420860937184,493.82501220703125
2020-06-01,HDFCBANK,487.5,497.5,483.04998779296875,493.82501220703125,39190230,61.450373889505286,0.10910365696355484,450.6287536621094,454.14142799962514,500.5
2020-06-02,HDFCBANK,493.3500061035156,502.5,487.6000061035156,500.5,41623594,62.94820070367885,3.6729336828566375,452.57875366210936,458.55653009489896,511.125
2020-06-03,HDFCBANK,510.0,523.125,507.7250061035156,511.125,50546088,65.26191859912814,7.270829758039497,455.34875335693357,463.56305103824195,500.8500061035156
2020-06-04,HDFCBANK,514.0250244140625,519.4749755859375,495.54998779296875,500.8500061035156,54275882,61.276858184311706,9.18717811285876,456.7312530517578,467.1141896158871,516.6749877929688
2020-06-05,HDFCBANK,501.54998779296875,521.2000122070312,501.3999938964844,516.6749877929688,35195984,64.8380424425462,11.846285156814758,459.44000244140625,471.834265632752,507.95001220703125
2020-06-08,HDFCBANK,530.0,533.3250122070312,503.20001220703125,507.95001220703125,49812664,61.480900046874474,13.098621282325894,461.6112533569336,475.27386054458816,493.6499938964844
2020-06-09,HDFCBANK,510.0,513.375,489.7749938964844,493.6499938964844,61844146,56.33267743219128,12.789782070619083,463.3987533569336,477.023968482864,495.92498779296875
2020-06-10,HDFCBANK,495.0,499.92498779296875,489.1000061035156,495.92498779296875,36497730,56.950289344253655,12.583542519621176,465.6562530517578,478.82406556001683,484.29998779296875
2020-06-11,HDFCBANK,492.5,494.20001220703125,482.5,484.29998779296875,30897714,52.83783119221269,11.351206204513119,466.6800018310547,479.3455819631551,491.375
2020-06-12,HDFCBANK,464.0,493.32501220703125,464.0,491.375,42644876,54.96908533470018,10.820730507430824,468.90625152587893,480.491240823807,474.92498779296875
2020-06-15,HDFCBANK,484.0,487.0,471.5,474.92498779296875,32009936,49.381438794405646,8.969550790837616,470.4487503051758,479.96112148753673,495.20001220703125
2020-06-16,HDFCBANK,487.5,496.9750061035156,476.0,495.20001220703125,45399970,55.39917507574228,9.034360073935147,474.2925003051758,481.4124444132029,489.625
2020-06-17,HDFCBANK,494.5,499.45001220703125,486.625,489.625,36957838,53.5152231520764,8.537450588918716,478.0074996948242,482.1945925643264,509.9750061035156
2020-06-18,HDFCBANK,490.0,512.4500122070312,486.0,509.9750061035156,40870126,58.996601462051274,9.674203466876634,482.07875061035156,484.84034623472536,516.6749877929688
2020-06-19,HDFCBANK,508.9750061035156,521.5,506.07501220703125,516.6749877929688,47877752,60.64212618202512,10.989045959399789,486.42375030517576,487.87221685931996,514.375
2020-06-22,HDFCBANK,519.7249755859375,522.9749755859375,511.8999938964844,514.375,29694474,59.755583505314526,11.710487108696498,491.17125091552737,490.39629144414664,521.1500244140625
2020-06-23,HDFCBANK,519.5,522.5,508.2749938964844,521.1500244140625,28830512,61.53924740288938,12.682723721846173,495.9187515258789,493.32521839366245,516.25
2020-06-24,HDFCBANK,524.25,528.75,515.0250244140625,516.25,39429246,59.48575807413866,12.909029961547105,499.14000091552737,495.5085309275994,514.375
2020-06-25,HDFCBANK,510.95001220703125,524.5,503.5,514.375,70646790,58.678876549340984,12.789651317876405,501.22750091552734,497.30533750592326,528.2249755859375
2020-06-26,HDFCBANK,520.5,531.5,514.0,528.2249755859375,39969138,62.70326592847716,13.655211386609437,503.84749908447264,500.2500649421151,538.0250244140625
2020-06-29,HDFCBANK,518.5,541.2999877929688,518.5,538.0250244140625,46005956,65.2800105214817,14.959512071916208,506.05749969482423,503.84768012991964,532.9249877929688
2020-06-30,HDFCBANK,537.0,539.2750244140625,528.1500244140625,532.9249877929688,35746130,62.846617727492834,15.404080774996146,507.67874908447266,506.6169475264005,542.2999877929688
2020-07-01,HDFCBANK,532.9249877929688,548.0,530.6500244140625,542.2999877929688,34846718,65.39986272089618,16.324707755756833,509.2374984741211,510.01533231369274,544.7000122070312
2020-07-02,HDFCBANK,545.1500244140625,555.625,542.5999755859375,544.7000122070312,36954496,66.04321633829252,17.05141508418967,511.42999877929685,513.3186351606773,536.9749755859375
2020-07-03,HDFCBANK,546.5,547.9000244140625,535.0,536.9749755859375,27597254,62.04429077161952,16.810212319493473,512.4449981689453,515.5716199630831,551.5
2020-07-06,HDFCBANK,553.9749755859375,559.9500122070312,550.0,551.5,35558216,66.18968067337903,17.58835782953429,514.6224975585938,518.9933704427895,552.5750122070312
2020-07-07,HDFCBANK,554.7000122070312,555.8499755859375,546.5250244140625,552.5750122070312,24349850,66.48146003865428,18.083334825944462,517.5687484741211,522.1916220393839,555.1749877929688
2020-07-08,HDFCBANK,553.5,562.4500122070312,552.5,555.1749877929688,30056350,67.21830690387584,18.472464886101875,520.5312484741211,525.3328949682967,562.4749755859375
2020-07-09,HDFCBANK,559.0,564.8499755859375,553.625,562.4749755859375,20114484,69.261513026496,19.149161653059195,524.4399978637696,528.8702359795006,552.5499877929688
2020-07-10,HDFCBANK,558.9500122070312,560.0,549.7750244140625,552.5499877929688,17562978,63.469391484739674,18.66937620034662,527.498747253418,531.1254504379261,540.125
2020-07-13,HDFCBANK,554.9500122070312,556.5,535.6500244140625,540.125,29922114,57.03858943307857,17.089552375558924,530.7587478637695,531.9825503962189,529.4249877929688
2020-07-14,HDFCBANK,531.2999877929688,534.4500122070312,525.0,529.4249877929688,26612674,52.1392392378758,14.803483705713575,532.4699966430665,531.7389730054332,526.5750122070312
2020-07-15,HDFCBANK,535.0999755859375,539.5,525.0499877929688,526.5750122070312,20974394,50.885505397441236,12.616355114726275,534.317497253418,531.2471672151092,531.2750244140625
2020-07-16,HDFCBANK,526.8250122070312,532.75,517.0499877929688,531.2750244140625,23662456,52.89705723359012,11.133946450385565,535.3824981689453,531.2498202816762,549.2249755859375
2020-07-17,HDFCBANK,529.5250244140625,552.0,529.1500244140625,549.2249755859375,28405738,59.687662679989025,11.277537516816665,537.0099975585938,532.9617398344631,566.5250244140625
2020-07-20,HDFCBANK,567.5,576.4500122070312,562.0750122070312,566.5250244140625,65124096,64.93462226651636,12.641579569206328,539.6174987792969,536.1582431277583,569.2750244140625
2020-07-21,HDFCBANK,576.0250244140625,578.9749755859375,567.0,569.2750244140625,47512422,65.69889419646886,13.78558311943516,542.0237487792969,539.3122222978825,563.1749877929688
2020-07-22,HDFCBANK,569.25,572.25,558.7750244140625,563.1749877929688,24718012,62.44750533800717,14.038168926969433,544.3699981689454,541.5848666307479,565.2000122070312
2020-07-23,HDFCBANK,562.5,571.9500122070312,558.125,565.2000122070312,20149122,63.10035848944664,14.237625066450505,546.9112487792969,543.8339281142034,559.5499877929688
2020-07-24,HDFCBANK,561.4500122070312,561.4500122070312,550.625,559.5499877929688,19598440,59.96779736841636,13.780927785817198,548.4774993896484,545.3306957026573,539.75
2020-07-27,HDFCBANK,549.9249877929688,551.5,537.6749877929688,539.75,37970094,50.50533318123179,11.68658271026004,548.5637481689453,544.7992008738328,543.3250122070312
2020-07-28,HDFCBANK,539.5,547.2000122070312,529.75,543.3250122070312,35596450,51.97872129372207,10.197719790538144,549.0837493896485,544.658801953185,532.2999877929688
2020-07-29,HDFCBANK,540.5,544.25,527.7750244140625,532.2999877929688,33592086,47.30216183640175,8.035529290027057,548.5837493896485,543.4817720331645,525.3250122070312
2020-07-30,HDFCBANK,537.0,541.8250122070312,523.3499755859375,525.3250122070312,26956266,44.570089520523574,5.693524101403341,547.6149993896485,541.752556811628,516.4000244140625
2020-07-31,HDFCBANK,528.8499755859375,528.8499755859375,510.0249938964844,516.4000244140625,37726696,41.28425789241648,3.0817714476133915,546.5862518310547,539.3380299166217,501.0
2020-08-03,HDFCBANK,512.9749755859375,513.4749755859375,496.5,501.0,31783542,36.3100180075319,-0.22808538764718378,544.0612518310547,535.6867889721816,520.8250122070312
2020-08-04,HDFCBANK,504.0,530.5250244140625,501.5,520.8250122070312,60306168,45.42602353541322,-1.2371963459069093,542.4737518310546,534.271381661215,513.7750244140625
2020-08-05,HDFCBANK,523.9749755859375,527.9000244140625,510.0,513.7750244140625,33221360,43.06542684010049,-2.5761034294993124,540.4037536621094,532.3193476376766,520.3499755859375
2020-08-06,HDFCBANK,518.5,527.5,513.125,520.3499755859375,33646888,45.88957124054411,-3.0712498723979706,538.2975036621094,531.1794074422729,521.9249877929688
2020-08-07,HDFCBANK,517.4249877929688,523.5999755859375,510.29998779296875,521.9249877929688,24836784,46.573240012186496,-3.2985431217159658,536.7662536621094,530.2980341423391,525.3250122070312
2020-08-10,HDFCBANK,522.0,532.0,521.9000244140625,525.3250122070312,22172854,48.097761845720484,-3.1678046245133373,536.026254272461,529.8244130056431,533.3250122070312
2020-08-11,HDFCBANK,524.25,535.5,524.25,533.3250122070312,20136148,51.59749764871405,-2.391097202209153,536.2212554931641,530.1578034057753,531.8499755859375
2020-08-12,HDFCBANK,532.5,533.0,524.0,531.8499755859375,20666432,50.91578846141024,-1.872983514027169,536.4850036621094,530.3189626610289,529.5250244140625
2020-08-13,HDFCBANK,533.9749755859375,535.6749877929688,528.25,529.5250244140625,19892740,49.798959939608096,-1.6311756351277609,536.3975036621093,530.2433494946512,517.2249755859375
2020-08-14,HDFCBANK,532.9500122070312,532.9500122070312,513.6500244140625,517.2249755859375,20924512,44.26685540944634,-2.404336597947349,534.7975036621094,529.003504360488,516.375
2020-08-17,HDFCBANK,523.5,523.5,510.1000061035156,516.375,19561012,43.903896492544284,-3.0504939620210507,532.2900024414063,527.8007896594892,528.25
2020-08-18,HDFCBANK,514.0,530.8250122070312,511.0,528.25,24040824,50.064206953179976,-2.574685697839186,530.2387512207031,527.8435715966807,533.2999877929688
2020-08-19,HDFCBANK,532.5,534.9000244140625,528.125,533.2999877929688,17715624,52.45538876183281,-1.7697122686525972,528.7450012207031,528.3632302820415,529.5
2020-08-20,HDFCBANK,527.4749755859375,534.4749755859375,526.0,529.5,19216734,50.495941073419694,-1.4220003487157555,526.9600006103516,528.4714940647042,542.8250122070312
2020-08-21,HDFCBANK,532.7000122070312,544.4000244140625,532.2999877929688,542.8250122070312,28924302,56.61584746452126,-0.07040741089713265,526.1237518310547,529.8384957925448,558.5250244140625
2020-08-24,HDFCBANK,543.0,561.4749755859375,542.8250122070312,558.5250244140625,36779740,62.49845867175764,2.2417579148595905,527.0625030517579,532.5705461374512,559.8499755859375
2020-08-25,HDFCBANK,559.5,563.5,553.0999755859375,559.8499755859375,27601738,62.95497206261269,4.133430466814389,527.8887512207032,535.168587037307,559.2249755859375
2020-08-26,HDFCBANK,560.5,565.875,554.75,559.2249755859375,25190062,62.5680514555059,5.518547930974819,529.2350006103516,537.459671660986,556.0499877929688
2020-08-27,HDFCBANK,562.9000244140625,564.9500122070312,553.125,556.0499877929688,20645996,60.53274903848186,6.287589106807104,530.7712493896485,539.2301779592701,557.25
2020-08-28,HDFCBANK,555.9749755859375,562.5,547.5,557.25,38696610,61.04848681019077,6.914188276959521,532.8137481689453,540.9463514869587,557.9249877929688
2020-08-31,HDFCBANK,564.75,574.4000244140625,550.3499755859375,557.9249877929688,38501166,61.35439220950693,7.380164564387428,535.6599975585938,542.5633644684835,563.6500244140625
2020-09-01,HDFCBANK,564.0,571.7999877929688,554.0,563.6500244140625,28877884,63.94107190944969,8.11783933981701,537.8012481689453,544.5716177966339,567.0750122070312
2020-09-02,HDFCBANK,562.0499877929688,569.5,560.3499755859375,567.0750122070312,19761682,65.43175487278668,8.87649707225853,540.4662475585938,546.7147982166716,565.4500122070312
2020-09-03,HDFCBANK,568.625,572.9749755859375,564.0,565.4500122070312,19833362,64.07824293386898,9.240100742151299,542.7212493896484,548.4991043109916,559.6500244140625
2020-09-04,HDFCBANK,555.0,562.7000122070312,552.2000122070312,559.6500244140625,23661370,59.35853530472091,8.956998030039586,544.6075012207032,549.5610967017602,555.25
2020-09-07,HDFCBANK,558.1500244140625,559.75,549.5,555.25,17615466,55.9893666864111,8.282120760681664,546.1037506103515,550.1028970158783,556.2249755859375
2020-09-08,HDFCBANK,557.0,559.4000244140625,551.5,556.2249755859375,14624918,56.57750260922477,7.736763450966805,547.2487487792969,550.6859521177887,548.25
2020-09-09,HDFCBANK,550.5,555.0,545.625,548.25,15728872,50.61879352376241,6.585140572386422,548.06875,550.4539566779993,545.2750244140625
2020-09-10,HDFCBANK,551.5,552.4249877929688,542.0,545.2750244140625,15188088,48.564029963555456,5.370507608553453,548.85625,549.9607250338148,539.3250122070312
2020-09-11,HDFCBANK,548.2249755859375,552.4249877929688,535.5,539.3250122070312,20794730,44.65938180339624,3.883024881245319,549.9612518310547,548.9478000026926,528.9749755859375
2020-09-14,HDFCBANK,544.0,547.0,526.1749877929688,528.9749755859375,21650590,38.81339847829288,1.8477232432812798,550.5912506103516,547.045626248716,535.25
2020-09-15,HDFCBANK,534.0,538.0750122070312,529.0499877929688,535.25,16505110,43.63112812395796,0.7326287708611972,550.9412506103515,545.9222332726478,546.8250122070312
2020-09-16,HDFCBANK,535.0999755859375,548.0,534.1749877929688,546.8250122070312,18710112,51.255475160276035,0.773993006752562,551.6175018310547,546.0082122187795,541.7999877929688
2020-09-17,HDFCBANK,542.0,547.0,539.0,541.7999877929688,18318686,48.20705176393237,0.39672380233480453,552.2325012207032,545.6074289401308,528.6500244140625
2020-09-18,HDFCBANK,546.0,546.0999755859375,523.5999755859375,528.6500244140625,23481778,41.28686275466483,-0.9523784798121824,551.5237518310547,543.9924380328862,524.6500244140625
2020-09-21,HDFCBANK,527.5,535.6749877929688,520.75,524.6500244140625,19842878,39.43255247525113,-2.317602450385266,549.8300018310547,542.150303402522,517.7000122070312
2020-09-22,HDFCBANK,527.0250244140625,529.0750122070312,514.75,517.7000122070312,18620678,36.375585324105984,-3.9152278746101956,547.7225036621094,539.8217042410467,523.625
2020-09-23,HDFCBANK,523.0,527.5,517.1749877929688,523.625,16079828,40.60311011648721,-4.649662125209261,545.9425048828125,538.2791609799947,515.2000122070312
2020-09-24,HDFCBANK,519.0,523.5,512.5,515.2000122070312,19809510,36.85333155860765,-5.844164770841871,543.9000061035156,536.081146811141,522.0
2020-09-25,HDFCBANK,525.0,525.9749755859375,512.8250122070312,522.0,20321544,41.5456421448102,-6.170979329994225,542.1375061035156,534.74008521008,527.0999755859375
2020-09-28,HDFCBANK,524.4749755859375,529.5,521.3250122070312,527.0999755859375,16152422,44.85531174782782,-5.949870412731229,540.5962554931641,534.0124557220664,531.2750244140625
2020-09-29,HDFCBANK,529.0,534.9500122070312,525.5,531.2750244140625,12644446,47.47708261646845,-5.375779811347229,538.977505493164,533.751747978447,539.2999877929688
2020-09-30,HDFCBANK,530.0,543.4500122070312,526.0,539.2999877929688,18813842,52.1829532219384,-4.224563260819082,537.588754272461,534.2801517703062,553.4749755859375
2020-10-01,HDFCBANK,545.0499877929688,555.0,545.0499877929688,553.4749755859375,21203080,59.14587301750692,-2.143701543891325,536.9900024414062,536.1082302289378,557.1749877929688
2020-10-05,HDFCBANK,556.0,566.0,555.5,557.1749877929688,16940126,60.752395983135685,-0.19380946375576968,536.8662506103516,538.1145880921789,572.0499877929688
2020-10-06,HDFCBANK,567.5250244140625,574.0,563.0999755859375,572.0499877929688,19371990,66.46223228219995,2.522702102888843,537.70625,541.3465309208256,581.125
2020-10-07,HDFCBANK,572.4500122070312,582.4249877929688,568.7999877929688,581.125,21248778,69.38822934509417,5.346206986685502,538.9512512207032,545.1349565474136,595.9000244140625
2020-10-08,HDFCBANK,590.0,601.5,581.6749877929688,595.9000244140625,35060674,73.4496312101666,8.67606367811311,541.3337524414062,549.9697249156659,616.7750244140625
2020-10-09,HDFCBANK,600.5,618.5,595.8250122070312,616.7750244140625,44972388,77.90910644418925,12.851295402985329,544.9087524414062,556.3321343917037,606.8250122070312
2020-10-12,HDFCBANK,615.7750244140625,621.375,602.7999877929688,606.8250122070312,19220546,71.72514928692323,15.182301673444044,548.2837524414062,561.1409798979254,599.2249755859375
2020-10-13,HDFCBANK,606.7000122070312,611.2249755859375,597.5,599.2249755859375,18353952,67.32914504061966,16.229300226981877,551.7962524414063,564.7680271063075,605.75
2020-10-14,HDFCBANK,597.7750244140625,607.1500244140625,587.75,605.75,22582918,69.08124843691093,17.3851637167503,555.3212524414063,568.671072143802,584.625
2020-10-15,HDFCBANK,607.0999755859375,608.5,582.0,584.625,28246896,58.19909757224589,16.407448060964953,557.2112518310547,570.1904938443923,599.6749877929688
2020-10-16,HDFCBANK,590.0,601.75,586.5,599.6749877929688,25822848,62.70636562664353,16.655020883239217,560.1050018310547,572.9985408871139,601.7750244140625
2020-10-19,HDFCBANK,617.5,617.5,596.2999877929688,601.7750244140625,42359556,63.30100990757283,16.8267116752138,563.7612518310547,575.7391583658709,611.9749755859375
2020-10-20,HDFCBANK,603.75,613.7000122070312,602.9500122070312,611.9749755859375,27411978,66.12616811699314,17.583141173517674,568.1274993896484,579.1901885773059,623.3499755859375
2020-10-21,HDFCBANK,615.2999877929688,625.5,610.8499755859375,623.3499755859375,35640752,68.99290440769809,18.882815097561775,573.4099975585938,583.395882578128,616.6500244140625
2020-10-22,HDFCBANK,619.9749755859375,625.0,611.5,616.6500244140625,21913060,65.47792150294114,19.151420328072845,578.0612487792969,586.5629437053598,617.9000244140625
2020-10-23,HDFCBANK,621.75,624.2249755859375,615.5999755859375,617.9000244140625,15866230,65.82771829783843,19.2433313168998,583.1962493896484,589.5474275823791,605.4500122070312
2020-10-26,HDFCBANK,614.9000244140625,621.0,602.2999877929688,605.4500122070312,19571976,59.37467494566347,18.10288076095378,587.36875,591.0619594513936,616.5499877929688
2020-10-27,HDFCBANK,613.0,618.0,598.9249877929688,616.5499877929688,24317780,62.869485786486024,17.888532870575546,591.8412506103516,593.4893907220197,604.7999877929688
2020-10-28,HDFCBANK,614.0,616.0,600.75,604.7999877929688,16571186,57.254637559406994,16.579416627452247,595.5174987792968,594.5665904430625,593.5999755859375
2020-10-29,HDFCBANK,600.2999877929688,602.2249755859375,589.25,593.5999755859375,23060024,52.44646903999916,14.471368265157139,598.2324981689453,594.474531885241,591.7750244140625
2020-10-30,HDFCBANK,591.2750244140625,599.6500244140625,588.1749877929688,591.7750244140625,11522716,51.68482940816215,12.509267394774497,600.1475006103516,594.217435935605,607.625
2020-11-02,HDFCBANK,597.1749877929688,612.5,588.75,607.625,21926080,57.46266979537295,12.093838641133289,602.6700012207032,595.4943467988807,623.9749755859375
2020-11-03,HDFCBANK,613.2249755859375,625.375,612.75,623.9749755859375,28164230,62.450983763579295,12.934810306632926,605.2662506103516,598.2067876357431,628.7000122070312
2020-11-04,HDFCBANK,626.0,632.4000244140625,615.0,628.7000122070312,23404822,63.773152396557364,13.823211993745531,607.6450012207031,601.1109042615801,634.5999755859375
2020-11-05,HDFCBANK,633.0,638.0,626.1749877929688,634.5999755859375,21433928,65.41093383283099,14.832376069501379,609.5799987792968,604.3003396258047,653.8250122070312
2020-11-06,HDFCBANK,633.125,655.0,632.75,653.8250122070312,35705724,70.14698270945988,16.987622912650977,611.4324981689454,609.016975109731,670.2750244140625
2020-11-09,HDFCBANK,657.5999755859375,672.9749755859375,657.5999755859375,670.2750244140625,26288440,73.49158738626622,19.79486716339852,614.6049987792969,614.8510750434768,696.8250122070312
2020-11-10,HDFCBANK,678.5,697.5,675.7750244140625,696.8250122070312,41517356,77.81226876586403,23.886640264552625,619.4850006103516,622.658116678101,694.9749755859375
2020-11-11,HDFCBANK,699.9500122070312,707.4000244140625,685.25,694.9749755859375,36116194,76.87203128544391,26.672651707198156,623.9462493896484,629.5454365740854,685.8499755859375
2020-11-12,HDFCBANK,688.7000122070312,694.2750244140625,680.0,685.8499755859375,27053948,72.23565849366369,27.823542134259924,629.0074981689453,634.9077736228334,679.4000244140625
2020-11-13,HDFCBANK,684.4000244140625,684.4000244140625,673.5,679.4000244140625,22472480,69.06481308227471,27.893633490648767,632.99375,639.1451308410457,684.8499755859375
2020-11-14,HDFCBANK,683.9000244140625,687.4749755859375,682.5999755859375,684.8499755859375,1835066,70.25300712441182,28.065426145511537,637.1474975585937,643.497973197702,704.2249755859375
2020-11-17,HDFCBANK,692.9000244140625,706.2999877929688,690.2999877929688,704.2249755859375,31059900,74.06655054889626,29.425771659771385,641.7599975585938,649.2814972346769,704.3499755859375
2020-11-18,HDFCBANK,701.5,709.5,699.5250244140625,704.3499755859375,18862776,74.08962929653853,30.166204508154237,645.8099975585938,654.5261142205112,687.1749877929688
2020-11-19,HDFCBANK,694.8499755859375,699.7249755859375,684.0,687.1749877929688,20266882,65.46865276431049,29.032456807497738,649.3362457275391,657.6355307512214,701.8250122070312
2020-11-20,HDFCBANK,686.3250122070312,704.2000122070312,682.5250244140625,701.8250122070312,20405362,68.80319175021731,28.982001647051106,653.5324951171875,661.8440527946318,697.2999877929688
2020-11-23,HDFCBANK,707.5,711.8250122070312,687.6749877929688,697.2999877929688,25246636,66.66194116651035,28.251221421111495,658.1249938964844,665.2208085087592,719.0999755859375
2020-11-24,HDFCBANK,704.0,722.5,701.0250244140625,719.0999755859375,40154400,71.29654936303214,29.09575193502974,663.2524932861328,670.3521577542048,701.4000244140625
2020-11-25,HDFCBANK,725.6500244140625,732.2000122070312,698.5,701.4000244140625,24152602,63.56936790354164,28.013883703619058,668.0824951171875,673.3090974360961,713.3250122070312
2020-11-26,HDFCBANK,707.5,716.0,693.5,713.3250122070312,27943126,66.2252869077931,27.798300682965873,674.0687469482422,677.1201369380899,720.4249877929688
2020-11-27,HDFCBANK,715.9000244140625,723.0,707.7750244140625,720.4249877929688,17994580,67.73356923682458,27.87898667440402,680.5012451171875,681.2444084480784,716.6500244140625
2020-12-01,HDFCBANK,720.4249877929688,724.5,712.75,716.6500244140625,17147574,66.04480050975317,27.323356265111897,685.9524963378906,684.6163718734101,703.4749755859375
2020-12-02,HDFCBANK,715.5,715.9000244140625,697.4000244140625,703.4749755859375,17892150,60.38597296614352,25.52565496937609,689.9274963378906,686.4124293698412,688.5999755859375
2020-12-03,HDFCBANK,714.5,716.0,687.0250244140625,688.5999755859375,37933222,54.68860706167882,22.639699196712627,692.922494506836,686.6207671047075,692.7999877929688
2020-12-04,HDFCBANK,690.5,700.7249755859375,686.6500244140625,692.7999877929688,26912322,55.952294295208,20.455664175423635,695.8324951171875,687.2092643131134,686.125
2020-12-07,HDFCBANK,687.5,689.9749755859375,679.0499877929688,686.125,24316318,53.40321024238352,17.97893498522626,697.4474945068359,687.1060010451978,688.1500244140625
2020-12-08,HDFCBANK,687.5,694.4000244140625,682.5750122070312,688.1500244140625,19457896,54.086602662027886,15.99512990359824,698.3412445068359,687.2054318422325,703.5999755859375
2020-12-09,HDFCBANK,688.5,705.0250244140625,687.5250244140625,703.5999755859375,22069074,59.02427571405573,15.491060717701998,698.6799926757812,688.7668169606807,692.9249877929688
2020-12-10,HDFCBANK,699.0,701.0,687.875,692.9249877929688,19727966,54.651008258226206,14.068032435093983,698.5774932861328,689.1628332304224,691.4000244140625
2020-12-11,HDFCBANK,695.0250244140625,697.5,686.5,691.4000244140625,21356384,54.035083152631735,12.671155278207948,698.8549957275391,689.3758990574357,686.0750122070312
2020-12-14,HDFCBANK,691.5,694.0,684.0,686.0750122070312,17222050,51.838109933722414,11.007547924779601,699.1887451171875,689.0615288812068,695.6500244140625
2020-12-15,HDFCBANK,690.4000244140625,697.4749755859375,683.0,695.6500244140625,21561436,55.35324674684892,10.342528346161316,699.7287475585938,689.6890046462406,705.3499755859375
2020-12-16,HDFCBANK,702.0,708.4000244140625,697.25,705.3499755859375,16832092,58.64608386537377,10.477423318548404,699.7849975585938,691.1805256881165,720.9000244140625
2020-12-17,HDFCBANK,709.2999877929688,722.5,702.25,720.9000244140625,21924478,63.31690493124916,11.704169162764174,700.6125,694.0109541382066,705.6749877929688
2020-12-18,HDFCBANK,717.5,719.8499755859375,703.1500244140625,705.6749877929688,22995918,56.57874701135296,11.317381143156354,701.5375,695.1218144862792,686.3250122070312
2020-12-21,HDFCBANK,708.75,711.9249877929688,683.3499755859375,686.3250122070312,23761824,49.3854602749382,9.341781295945452,700.7625,694.2840237930175,686.5499877929688
2020-12-22,HDFCBANK,692.4000244140625,692.4000244140625,672.5,686.5499877929688,22851558,49.46590511489494,7.705434382097792,700.225,693.54744893587,687.8250122070312
2020-12-23,HDFCBANK,683.75,690.4749755859375,680.5250244140625,687.8250122070312,15467394,49.95139774958281,6.437296332973119,698.6612518310546,693.0024549616949,698.5499877929688
2020-12-24,HDFCBANK,694.7000122070312,702.0,688.5,698.5499877929688,14952188,53.95832760229386,6.2259349870047345,698.51875,693.5307914218162,706.4249877929688
2020-12-28,HDFCBANK,702.5,710.5,702.0,706.4249877929688,11699194,56.69959071110425,6.617592793017934,698.1737487792968,694.7588101238307,713.5999755859375
2020-12-29,HDFCBANK,710.5250244140625,717.375,710.0,713.5999755859375,14495346,59.08954309546075,7.421396735139524,697.8324981689453,696.5532068345076,716.25
2020-12-30,HDFCBANK,719.9500122070312,719.9500122070312,706.5,716.25,16216726,59.96839092764537,8.17798129564278,697.8124969482421,698.4290918978878,718.1500244140625
2020-12-31,HDFCBANK,717.5,722.0,712.5250244140625,718.1500244140625,22145750,60.621569232230264,8.82911950803475,698.5462493896484,700.3072759470473,712.5250244140625
2021-01-01,HDFCBANK,720.0,721.5,710.2999877929688,712.5250244140625,8810938,57.623928404818,8.789935833891263,699.7425018310547,701.470871039144,708.0
2021-01-04,HDFCBANK,719.0,719.0,699.5,708.0,15740192,55.25680304140071,8.298095556629846,700.5025024414062,702.0926928449398,713.3499755859375
2021-01-05,HDFCBANK,709.5999755859375,715.375,704.5,713.3499755859375,14386824,57.48072627114683,8.244964097749175,701.8637512207031,703.1648150107492,710.2750244140625
2021-01-06,HDFCBANK,717.5,720.0,706.5499877929688,710.2750244140625,22134050,55.76508588125795,7.864081931379587,702.9700012207031,703.8419778110648,708.125
2021-01-07,HDFCBANK,716.25,716.2999877929688,706.2750244140625,708.125,19894842,54.53933088656172,7.3045388912916,703.1962524414063,704.2498846862014,715.8250122070312
2021-01-08,HDFCBANK,716.0,721.0,711.5499877929688,715.8250122070312,13768764,58.09212199140015,7.397153849147685,704.3412536621094,705.3522777834233,725.7249755859375
2021-01-11,HDFCBANK,725.0,732.4500122070312,718.1500244140625,725.7249755859375,17331392,62.18411578705623,8.17515804465529,706.0575012207031,707.2925347169962,740.5
2021-01-12,HDFCBANK,726.2249755859375,743.8499755859375,724.5499877929688,740.5,20388156,67.31372242254702,9.87017572323009,708.7787506103516,710.4551504582347,735.3250122070312
2021-01-13,HDFCBANK,746.4500122070312,748.4500122070312,731.0499877929688,735.3250122070312,16934650,64.03723733028653,10.672880852893968,710.7625,712.8237087200248,734.375
2021-01-14,HDFCBANK,735.5750122070312,744.0,728.0,734.375,12297166,63.42688234945641,11.104368161865864,712.2137512207031,714.8762126514509,733.3250122070312
2021-01-15,HDFCBANK,734.5499877929688,735.8250122070312,722.5,733.3250122070312,14165236,62.71540045479355,11.232122803223888,712.8350006103516,716.6332411805538,741.5499877929688
2021-01-18,HDFCBANK,734.9500122070312,751.4249877929688,733.5,741.5499877929688,42825632,65.93860569716628,11.860337480052408,714.6287506103515,719.0062646674504,751.9249877929688
2021-01-19,HDFCBANK,745.9000244140625,755.8250122070312,733.5,751.9249877929688,17360254,69.51822544828724,13.045003252723745,717.9087493896484,722.141381155595,746.0
2021-01-20,HDFCBANK,750.5,750.5,743.0,746.0,13346052,65.29779244145817,13.351850592526034,720.88125,724.4136305693479,737.4000244140625
2021-01-21,HDFCBANK,746.0,747.1749877929688,734.0750122070312,737.4000244140625,26333054,59.63829349963376,12.754062272495503,723.3600006103516,725.6504299831302,721.7750244140625
2021-01-22,HDFCBANK,733.9500122070312,733.9500122070312,720.0750122070312,721.7750244140625,15392364,50.99099481734791,10.893925414665318,724.5212524414062,725.281343738457,731.4249877929688
2021-01-25,HDFCBANK,732.5499877929688,740.5,727.5750122070312,731.4249877929688,20344718,55.301593712974395,10.082203582891566,725.7712524414062,725.8664526960296,704.7999877929688
2021-01-27,HDFCBANK,734.0,735.9500122070312,703.0750122070312,704.7999877929688,23556276,43.84343291304177,7.207410653919055,725.3312530517578,723.8601227052618,685.7249755859375
2021-01-28,HDFCBANK,694.9500122070312,700.6500244140625,671.0,685.7249755859375,42704446,37.80065681098803,3.3512908821812744,723.8050018310547,720.2282039319928,695.25
2021-01-29,HDFCBANK,695.6749877929688,704.375,682.25,695.25,28704502,42.09258167857851,1.051754081147351,722.6600006103515,717.849327367041,738.375
2021-02-01,HDFCBANK,705.125,741.25,700.5,738.375,26370544,56.67055452874912,2.678307823002342,723.9524993896484,719.8041533320848,780.2750244140625
2021-02-02,HDFCBANK,750.5,789.25,748.7000122070312,780.2750244140625,42420206,65.70437584487075,7.264603353805455,727.5662506103515,725.5632839113207,787.4000244140625
2021-02-03,HDFCBANK,789.5,790.8499755859375,771.0,787.4000244140625,20237254,66.96564974946358,11.343443403821425,731.2687530517578,731.4524972925342,789.5499877929688
2021-02-04,HDFCBANK,783.0,794.0,771.7249755859375,789.5499877929688,24484684,67.35577844286995,14.581352847549283,735.2325012207032,736.9855916259089,798.7999877929688
2021-02-05,HDFCBANK,774.0,809.125,774.0,798.7999877929688,27054716,69.04936368219994,17.68989896046935,739.7662506103516,742.8726769751527,802.625
2021-02-08,HDFCBANK,810.0,815.8250122070312,797.8499755859375,802.625,17447580,69.748282219624,20.228904450520872,744.10625,748.5633744060905,805.9249877929688
2021-02-09,HDFCBANK,805.0,814.0,793.3499755859375,805.9249877929688,18421366,70.36994326106529,22.250871829908874,748.1162506103516,754.0263852048408,790.875
2021-02-10,HDFCBANK,804.1749877929688,807.4249877929688,783.5,790.875,19788006,63.918745547631886,22.380894290902802,750.6350006103515,757.535777090094,786.1749877929688
2021-02-11,HDFCBANK,791.0,798.9000244140625,782.0999755859375,786.1749877929688,13648618,62.006951721671875,21.852781065298586,753.1774993896485,760.2633209665582,790.9749755859375
2021-02-12,HDFCBANK,786.9500122070312,796.25,786.5,790.9749755859375,9910106,63.21695438920878,21.572887609175382,756.0074981689453,763.1882404541182,808.2999877929688
2021-02-15,HDFCBANK,800.0499877929688,812.5,798.3499755859375,808.2999877929688,10355244,67.26887743281777,22.489805247141817,759.7562469482422,767.4845973435325,813.3250122070312
2021-02-16,HDFCBANK,810.5999755859375,820.5,804.2249755859375,813.3250122070312,13897358,68.35763636282631,23.352750583455077,763.3449981689453,771.8503511400562,793.25
2021-02-17,HDFCBANK,810.0,810.9000244140625,791.5,793.25,12794426,59.79964643113034,22.161293669938004,765.4112487792969,773.8884129362414,777.1500244140625
2021-02-18,HDFCBANK,802.9749755859375,802.9749755859375,774.0,777.1500244140625,14720560,53.964558016553084,19.690937139159587,766.96875,774.1990426007958,769.5499877929688
2021-02-19,HDFCBANK,772.5,782.0999755859375,766.5,769.5499877929688,17139508,51.41416694681773,16.924803749098828,768.5762481689453,773.756275476241,774.0
2021-02-22,HDFCBANK,772.5250244140625,786.9500122070312,769.7249755859375,774.0,29451838,52.82016516883758,14.919716696488535,771.1874969482421,773.7794873356465,764.5750122070312
2021-02-23,HDFCBANK,776.875,778.8499755859375,761.3250122070312,764.5750122070312,18239906,49.54962302272185,12.426903407437521,772.8449981689453,772.9028706567308,803.2249755859375
2021-02-24,HDFCBANK,763.25,806.9749755859375,758.125,803.2249755859375,14314332,60.38281780026609,13.415415391741362,777.7662475585937,775.7906901737981,803.2000122070312
2021-02-25,HDFCBANK,804.875,818.125,801.0,803.2000122070312,20109570,60.37380043595147,14.035016985778839,783.6399993896484,778.4011017960108,767.2000122070312
2021-02-26,HDFCBANK,793.5250244140625,794.4500122070312,760.5,767.2000122070312,27912846,49.00763865880583,11.488721744802206,787.2375,777.3343313589652,779.4500122070312
2021-03-01,HDFCBANK,782.0,786.2750244140625,770.3499755859375,779.4500122070312,13536018,52.29854282582655,10.340043459195954,789.2912506103515,777.5358247730667,784.0999755859375
2021-03-02,HDFCBANK,787.8499755859375,793.75,775.5,784.0999755859375,16110038,53.52465680706902,9.693183835922241,789.4824981689453,778.1609819933401,793.4249877929688
2021-03-03,HDFCBANK,792.0,798.0,782.5,793.4249877929688,11222410,55.968894024808876,9.819796969975982,789.7837463378906,779.6146968314,776.0250244140625
2021-03-04,HDFCBANK,774.2750244140625,785.5,769.5499877929688,776.0250244140625,16291438,50.619303722462476,8.419057509507411,789.1074981689453,779.272823267844,765.0
2021-03-05,HDFCBANK,765.5,772.7999877929688,760.5499877929688,765.0,17445822,47.519986595103845,6.346179260901636,787.4174987792969,777.9135067661447,759.75
2021-03-08,HDFCBANK,771.0,777.5,756.25,759.75,15117050,46.07333507910079,4.231004801043468,785.2737487792969,776.1836489788928,781.25
2021-03-09,HDFCBANK,772.5,782.8499755859375,769.125,781.25,15066696,52.45658476501813,4.240699970088599,784.0399993896484,776.6661585999507,777.875
2021-03-10,HDFCBANK,786.0,787.5,776.0750122070312,777.875,11055016,51.42749411114718,3.9307380658352713,783.3899993896484,776.7812863523363,775.9749755859375
2021-03-12,HDFCBANK,800.0,800.0,767.5250244140625,775.9749755859375,15631204,50.82301109731018,3.491526785132237,782.8799987792969,776.7044948507745,764.3250122070312
2021-03-15,HDFCBANK,774.2000122070312,774.2000122070312,757.6500244140625,764.3250122070312,12230386,47.162547781728804,2.178284095835238,781.5475006103516,775.5254965037514,756.0750122070312
2021-03-16,HDFCBANK,765.4500122070312,770.2000122070312,755.0,756.0750122070312,13722366,44.70690954068829,0.4664468424448387,778.9362518310547,773.6730694278733,747.6749877929688
2021-03-17,HDFCBANK,762.125,769.5,745.0999755859375,747.6749877929688,21064428,42.292337843525104,-1.5501392420162574,775.6537506103516,771.1970616531205,745.5
2021-03-18,HDFCBANK,755.875,761.0250244140625,740.5750122070312,745.5,18065540,41.664862922591546,-3.2859234997423528,773.2662506103516,768.7497224480614,748.75
2021-03-19,HDFCBANK,742.5,755.5999755859375,737.0250244140625,748.75,21235020,43.02514546744446,-4.349162750100504,771.8462493896484,766.8449869768175,734.5750122070312
2021-03-22,HDFCBANK,747.4500122070312,747.4500122070312,730.2000122070312,734.5750122070312,14015632,38.77790138147069,-6.263390103522852,770.0975006103515,763.7716560463616,750.0750122070312
2021-03-23,HDFCBANK,735.0,753.7249755859375,734.5499877929688,750.0750122070312,19761428,45.15358563812389,-6.4552959775314775,768.9012512207031,762.4672137759492,739.4000244140625
2021-03-24,HDFCBANK,745.4500122070312,753.2249755859375,735.5,739.4000244140625,16368900,41.916017108109685,-7.383650933786043,767.6425018310547,760.2703385986266,731.6749877929688
2021-03-25,HDFCBANK,745.0999755859375,747.7750244140625,725.125,731.6749877929688,23964356,39.697766337704806,-8.643092627875944,764.0650024414062,757.5469718552306,745.6500244140625
2021-03-26,HDFCBANK,747.0,749.5,737.0,745.6500244140625,12021258,45.33395330229588,-8.416520177655343,761.1875030517579,756.413929241786,776.8499755859375
2021-03-30,HDFCBANK,753.3250122070312,781.2750244140625,750.7750244140625,776.8499755859375,25607644,55.36437619530049,-5.654206396077598,761.6700012207032,758.3602193698005,746.8250122070312
2021-03-31,HDFCBANK,774.0,774.0,744.0,746.8250122070312,30774506,46.518505533758436,-5.820718815140708,760.0387512207031,757.2616282114416,743.375
2021-04-01,HDFCBANK,749.7000122070312,749.7000122070312,732.5,743.375,35763762,45.61661045999642,-6.160058934168205,758.0025024414062,755.9390921913043,724.7999877929688
2021-04-05,HDFCBANK,740.0,742.5,715.5,724.7999877929688,16006586,41.00683596012971,-7.837490953520955,754.5712524414063,752.9734632009867,720.125
2021-04-06,HDFCBANK,730.0,731.3250122070312,716.3250122070312,720.125,15075734,39.91360069086796,-9.435335682042364,751.7762512207031,749.8450381342261,723.5999755859375
2021-04-07,HDFCBANK,719.6500244140625,728.3499755859375,710.7750244140625,723.5999755859375,25088180,41.16910664427106,-10.302477109988331,749.70625,747.3455083677225,716.4000244140625
2021-04-08,HDFCBANK,726.5,730.4500122070312,715.25,716.4000244140625,17613592,39.335162831315486,-11.438809352317776,747.5387512207031,744.3983194197549,710.875
2021-04-09,HDFCBANK,713.0,716.4000244140625,707.5499877929688,710.875,28157816,37.938523272948125,-12.639484032731048,744.0200012207031,741.2056223321592,683.5250244140625
2021-04-12,HDFCBANK,696.5,699.5,676.5,683.5250244140625,22549128,31.900341957144548,-15.617908298796692,739.3025024414062,735.7122320542453,700.1749877929688
2021-04-13,HDFCBANK,684.0,703.2249755859375,680.5,700.1749877929688,18600682,38.33473187033485,-16.445247516356403,735.5125030517578,732.3277326007905,715.0499877929688
2021-04-15,HDFCBANK,702.5,718.3499755859375,695.5,715.0499877929688,34444984,43.47332529515472,-15.71942784331793,733.0487518310547,730.6822330952837,714.3250122070312
2021-04-16,HDFCBANK,717.4749755859375,722.5,711.75,714.3250122070312,15606526,43.284011515117164,-15.029459737754905,730.9612518310547,729.1244025344977,706.2000122070312
2021-04-19,HDFCBANK,695.0,708.8499755859375,686.1500244140625,706.2000122070312,24069242,41.12266079503665,-14.965758689376344,728.8875030517578,726.9411272652151,695.7000122070312
2021-04-20,HDFCBANK,712.5,713.2000122070312,691.9749755859375,695.7000122070312,23186270,38.45057042974406,-15.582907341622558,726.3975036621093,723.9657829739594,711.25
2021-04-22,HDFCBANK,690.0,713.4000244140625,685.5250244140625,711.25,38485312,44.230133113177565,-14.648390509138494,724.5225036621093,722.7547560240585,707.0750122070312
2021-04-23,HDFCBANK,704.5,717.2999877929688,700.0999755859375,707.0750122070312,22713528,43.060997544292874,-14.082333435729538,723.1475036621093,721.2614470891035,702.4000244140625
2021-04-26,HDFCBANK,706.5,714.5,701.375,702.4000244140625,30170952,41.73080845893727,-13.851292493486653,720.7637542724609,719.465121120052,719.3499755859375
2021-04-27,HDFCBANK,703.625,721.0,702.4000244140625,719.3499755859375,20592906,48.00249639661979,-12.160295166126957,719.7612518310547,719.4541548787078,738.4000244140625
2021-04-28,HDFCBANK,718.125,739.5,715.5,738.4000244140625,24103940,53.995665428238645,-9.177198833147145,720.0975036621094,721.2585234058845,736.25
2021-04-29,HDFCBANK,743.0999755859375,751.8250122070312,730.5,736.25,24078552,53.24969241202452,-6.906943553066526,719.6275024414062,722.6862830815145,706.1500244140625
2021-04-30,HDFCBANK,722.5,726.9000244140625,703.75,706.1500244140625,35232902,44.070234810391604,-7.450679564952111,716.0925048828125,721.111401303662,707.2249755859375
2021-05-03,HDFCBANK,696.5,710.9500122070312,688.6500244140625,707.2249755859375,22473700,44.43860150976702,-7.706024443003912,714.1125030517578,719.7888845686406,694.1749877929688
2021-05-04,HDFCBANK,704.9749755859375,711.5,691.6500244140625,694.1749877929688,21486328,40.915454256921706,-8.859287696267188,711.6525024414062,717.3494658281004,701.2999877929688
2021-05-05,HDFCBANK,700.5,704.7999877929688,690.8499755859375,701.2999877929688,14421612,43.547034511824776,-9.093504915248218,710.4775024414063,715.8209441104689,700.4500122070312
2021-05-06,HDFCBANK,703.7999877929688,705.4000244140625,697.5,700.4500122070312,11477044,43.2992754126818,-9.241183068994701,709.4937530517578,714.3570458339509,707.375
2021-05-07,HDFCBANK,706.4749755859375,712.4749755859375,705.125,707.375,12048334,45.99515798763425,-8.699152019995154,708.682504272461,713.6920890878603,709.9249877929688
2021-05-10,HDFCBANK,713.5,715.0,706.4000244140625,709.9249877929688,11060050,46.99455177812639,-7.9719303540180135,708.3587524414063,713.3333175359659,701.7750244140625
2021-05-11,HDFCBANK,698.0,712.0999755859375,697.5250244140625,701.7750244140625,14519034,44.180471195927566,-7.961461109144921,707.9037536621094,712.2325277148323,699.75
2021-05-12,HDFCBANK,699.875,704.2999877929688,694.4249877929688,699.75,13774926,43.48372430277506,-8.024070216886003,708.7150024414062,711.0437155515149,693.4249877929688
2021-05-14,HDFCBANK,697.1749877929688,699.4500122070312,691.1749877929688,693.4249877929688,10604142,41.29324335128465,-8.486239919330956,708.3775024414062,709.3657414792724,720.125
2021-05-17,HDFCBANK,697.5750122070312,721.2999877929688,690.6500244140625,720.125,15120692,52.23234061829173,-6.621713898527901,708.6312530517578,710.3904327669608,738.3499755859375
2021-05-18,HDFCBANK,729.4749755859375,741.375,727.5,738.3499755859375,22165280,57.986972567536554,-3.6315975802338016,709.8325012207031,713.0532463687681,729.0999755859375
2021-05-19,HDFCBANK,735.0999755859375,739.4249877929688,726.2750244140625,729.0999755859375,10130916,54.40453868174646,-1.9854198655563096,710.9774993896484,714.5815062942128,716.4000244140625
2021-05-20,HDFCBANK,729.1749877929688,732.9500122070312,714.25,716.4000244140625,10684184,49.850830955113445,-1.6861551413795723,712.0125,714.7546984961032,748.6500244140625
2021-05-21,HDFCBANK,721.5,750.9500122070312,721.5,748.6500244140625,19341646,59.19176285628886,1.1401765387176965,713.8825012207031,717.9828247740041,754.9749755859375
2021-05-24,HDFCBANK,751.625,760.2249755859375,749.25,754.9749755859375,22146102,60.736407695423644,3.8461000107529344,716.2774993896485,721.505886756093,739.4749755859375
2021-05-25,HDFCBANK,755.25,756.875,735.25,739.4749755859375,19236974,55.22023033309538,4.685828087011259,718.1312469482422,723.2172285494115,738.5250244140625
2021-05-26,HDFCBANK,740.0,743.5,735.0,738.5250244140625,12283990,54.891192336223035,5.2145553685226105,719.0899993896485,724.6751138698545,741.3250122070312
2021-05-27,HDFCBANK,736.5499877929688,744.5,731.2249755859375,741.3250122070312,20439496,55.72855023507335,5.79273610682651,719.2362487792968,726.2608184733951,751.7249755859375
2021-05-28,HDFCBANK,745.4500122070312,756.5,739.375,751.7249755859375,17750020,58.78859349318576,7.009339335361005,720.0099975585938,728.6859762936373,757.9249877929688
2021-05-31,HDFCBANK,750.0,759.75,743.75,757.9249877929688,15661054,60.53968865164293,8.377227860439234,722.598745727539,731.4706440554784,755.8499755859375
2021-06-01,HDFCBANK,760.1500244140625,763.5,753.625,755.8499755859375,11030162,59.62653330705274,9.187940370860588,725.029995727539,733.7924851536173,752.0
2021-06-02,HDFCBANK,755.0,755.0999755859375,746.5,752.0,10624016,57.88203607488348,9.411287557402375,727.9212463378906,735.5265341866061,760.2750244140625
2021-06-03,HDFCBANK,754.0,762.4749755859375,743.875,760.2750244140625,10287260,60.55341864015166,10.13913943678449,730.8699981689454,737.8835332558876,750.4749755859375
2021-06-04,HDFCBANK,758.0,760.3250122070312,749.5999755859375,750.4749755859375,9424476,56.02164493900755,9.812077732782996,733.3712463378906,739.0827182397019,749.9249877929688
2021-06-07,HDFCBANK,755.0,757.0,748.0,749.9249877929688,8091668,55.76939274188218,9.400140588239765,735.498745727539,740.115315340013,741.5250244140625
2021-06-08,HDFCBANK,748.2750244140625,750.6500244140625,740.75,741.5250244140625,9872540,51.923871677686925,8.300191153163496,737.0787475585937,740.2495733470654,740.1500244140625
2021-06-09,HDFCBANK,741.9500122070312,751.0,736.0250244140625,740.1500244140625,10223442,51.3002960405078,7.234131725076281,738.9974975585938,740.2400924963032,740.5250244140625
2021-06-10,HDFCBANK,741.0499877929688,744.5,736.8250122070312,740.5250244140625,11483540,51.471467943385754,6.346374261759252,741.0362487792969,740.2672288694232,743.1749877929688
2021-06-11,HDFCBANK,745.5,748.2750244140625,740.5250244140625,743.1749877929688,7205974,52.735716663026544,5.789907524295359,743.5237487792969,740.5441582907133,739.7249755859375
2021-06-14,HDFCBANK,739.125,743.0,731.2750244140625,739.7249755859375,8881964,50.87737523489321,5.012732810059902,744.5037475585938,740.4661408902584,745.125
2021-06-15,HDFCBANK,743.0,748.0,737.4000244140625,745.125,7569602,53.631618932646,4.777481260027798,744.8424987792969,740.9098417578529,742.2999877929688
2021-06-16,HDFCBANK,744.0,747.0,739.0499877929688,742.2999877929688,7702098,51.98934926975051,4.31336603753266,745.5024993896484,741.0422366183401,733.0499877929688
2021-06-17,HDFCBANK,733.0,739.375,730.0,733.0499877929688,9283802,46.92278630974066,3.1626960935547004,746.3349975585937,740.2810700635429,739.9000244140625
2021-06-18,HDFCBANK,734.75,745.0,727.5,739.9000244140625,11938060,50.750477808379394,2.771573604729724,745.8974975585937,740.2447800016876,744.3499755859375
2021-06-21,HDFCBANK,730.6749877929688,745.9000244140625,729.5,744.3499755859375,7260472,53.1158624797853,2.7885355818428934,745.3662475585937,740.6357510097114,741.9000244140625
2021-06-22,HDFCBANK,748.5,754.0,740.0,741.9000244140625,14366824,51.645188231512755,2.574608996561551,745.4875,740.7561580006019,742.75
2021-06-23,HDFCBANK,745.0,748.9000244140625,739.2999877929688,742.75,7844868,52.140291739091865,2.4454667443325206,745.6987487792969,740.9460477148302,753.125
2021-06-24,HDFCBANK,745.0,756.7249755859375,744.0,753.125,14785024,57.81773196193081,3.1440536778359274,746.2887481689453,742.1059479324655,757.5499877929688
2021-06-25,HDFCBANK,755.5499877929688,761.0,753.5,757.5499877929688,10383176,59.99734784532872,4.008540430557218,746.5799987792968,743.576808871561,754.1749877929688
2021-06-28,HDFCBANK,760.0,761.5,752.5,754.1749877929688,9356786,57.55461175322581,4.370932724791373,746.3924987792968,744.5861592450284,751.0250244140625
2021-06-29,HDFCBANK,753.5,754.0999755859375,746.0750122070312,751.0250244140625,10971692,55.29193409359152,4.353767982358022,746.1512512207031,745.1993844992221,748.9500122070312
2021-06-30,HDFCBANK,749.0,754.5,747.0499877929688,748.9500122070312,9679022,53.791704591709355,4.125176193481934,745.9987518310547,745.5565871380611,743.375
2021-07-01,HDFCBANK,751.0,751.0,741.5,743.375,16911442,49.87610478297725,3.454339189175016,745.1537506103516,745.3488169344363,740.2000122070312
2021-07-02,HDFCBANK,742.5,744.625,738.5,740.2000122070312,14827036,47.74459126050473,2.6361135733794754,744.6400024414063,744.8584545794454,747.7249755859375
2021-07-05,HDFCBANK,744.9749755859375,752.25,742.2750244140625,747.7249755859375,7373882,52.88397686912799,2.565294416604729,744.5300018310547,745.1314565800637,767.3499755859375
2021-07-06,HDFCBANK,748.5,770.0,748.0,767.3499755859375,17669032,63.081854384886256,4.046102263386956,745.8212493896484,747.2475060091946,769.75
2021-07-07,HDFCBANK,767.0,772.6749877929688,763.8499755859375,769.75,9629190,64.1050649470373,5.3516248628322955,747.3012481689453,749.3906006749856,760.2249755859375
2021-07-08,HDFCBANK,762.5,768.8499755859375,756.7249755859375,760.2249755859375,8420922,57.315634244322936,5.553652018964385,748.286245727539,750.4224459046001,751.0
2021-07-09,HDFCBANK,756.2750244140625,758.0,748.75,751.0,10695842,51.61408287424434,4.91275043336384,748.6774963378906,750.4774510565429,743.5
2021-07-12,HDFCBANK,751.0,751.0,742.0,743.5,14458978,47.4788422938644,3.7563432032396804,748.8662475585937,749.8129319083008,750.9249877929688
2021-07-13,HDFCBANK,748.0499877929688,753.0499877929688,742.0499877929688,750.9249877929688,18178142,51.61206510733143,3.3998255311771572,749.1562469482421,749.9188419925549,749.5750122070312
2021-07-14,HDFCBANK,748.75,753.6749877929688,745.5499877929688,749.5750122070312,9788494,50.82885247028979,2.9740677581054342,749.5199981689453,749.8860962986955,760.3499755859375
2021-07-15,HDFCBANK,752.5,763.375,749.8250122070312,760.3499755859375,10438802,56.50255739130028,3.4661455814165265,750.8849975585938,750.8826562308138,761.1749877929688
2021-07-16,HDFCBANK,763.9749755859375,764.9749755859375,759.4000244140625,761.1749877929688,5170628,56.91251299012413,3.8779893446125016,751.9487457275391,751.8628782843525,735.5
2021-07-19,HDFCBANK,743.5,744.4249877929688,733.0,735.5,25111600,43.250880311312834,2.108318174519354,751.5062469482422,750.304508923938,721.5750122070312
2021-07-20,HDFCBANK,721.0,727.0,718.0750122070312,721.5750122070312,24174250,37.93254103797428,-0.41302798695301135,750.4899963378906,747.5683663794707,724.3499755859375
2021-07-22,HDFCBANK,728.0499877929688,734.25,722.5,724.3499755859375,13207114,39.52834685987566,-2.1623701745534163,749.5699951171875,745.3570910658009,721.375
2021-07-23,HDFCBANK,725.75,728.7249755859375,717.6500244140625,721.375,13126684,38.38880188409151,-3.745615010160691,747.9824951171875,743.0730823928675,717.2750244140625
2021-07-26,HDFCBANK,715.0,722.0,714.0499877929688,717.2750244140625,13167166,36.81367848951995,-5.270427506336205,745.9687469482421,740.6161244901241,719.875
2021-07-27,HDFCBANK,718.0499877929688,724.9500122070312,718.0499877929688,719.875,22401430,38.53595872756733,-6.197613859660009,744.2537475585938,738.6407793005885,708.6500244140625
2021-07-28,HDFCBANK,717.5250244140625,719.3499755859375,702.0,708.6500244140625,20670342,34.20157222988166,-7.748853483966627,742.1349975585938,735.7845169304431,709.125
2021-07-29,HDFCBANK,714.125,714.9749755859375,706.6500244140625,709.125,13702230,34.537099079233045,-8.838016351038618,740.1437469482422,733.2455153180199,713.2249755859375
2021-07-30,HDFCBANK,709.5,715.875,703.9749755859375,713.2249755859375,11655488,37.49980015511363,-9.2635673670909,738.6362457275391,731.3387972482977,711.3250122070312
2021-08-02,HDFCBANK,717.5,717.5,708.125,711.3250122070312,13258786,36.67153326670521,-9.642972593744389,737.192495727539,729.4327224824629,717.3499755859375
2021-08-03,HDFCBANK,705.0,719.9500122070312,705.0,717.3499755859375,12033120,41.11326844019948,-9.34971211609593,735.6737457275391,728.2819846827938,732.6500244140625
2021-08-04,HDFCBANK,720.5,737.25,720.0,732.6500244140625,22053948,50.59060516959083,-7.792883492149485,733.9387481689453,728.6979884667242,742.4249877929688
2021-08-05,HDFCBANK,733.5499877929688,753.5250244140625,728.7000122070312,742.4249877929688,18822408,55.51639464153377,-5.704569018749908,732.5724975585938,730.0053217358903,746.3250122070312
2021-08-06,HDFCBANK,741.7750244140625,750.0,737.0,746.3250122070312,13339270,57.34360008729102,-3.692302808340628,731.8774993896484,731.5595779712371,751.9500122070312
2021-08-09,HDFCBANK,746.0,753.6749877929688,738.0,751.9500122070312,10998048,59.90189792208254,-1.6249454889790513,731.925,733.5015240889318,753.8250122070312
2021-08-10,HDFCBANK,744.5,759.875,744.5,753.8250122070312,14838346,60.74698860362543,0.16286945341505543,732.4412506103515,735.4370943858936,747.4749755859375
2021-08-11,HDFCBANK,757.4500122070312,759.4249877929688,745.5250244140625,747.4749755859375,12585786,56.410862749119076,1.055167476076349,732.26875,736.5835592620883,750.7000122070312
2021-08-12,HDFCBANK,748.5,753.7999877929688,744.6500244140625,750.7000122070312,8597674,58.04868151943393,1.9995045464984287,732.325,737.927983352083,763.0999755859375
2021-08-13,HDFCBANK,750.5999755859375,765.5,750.5,763.0999755859375,16658428,63.69679005316823,3.705754263847325,732.4625,740.3253159457834,765.2999877929688
2021-08-16,HDFCBANK,763.0750122070312,767.5,760.7249755859375,765.2999877929688,6252778,64.60725051831756,5.175828329409796,732.66875,742.7038561217058,757.3250122070312
2021-08-17,HDFCBANK,758.5999755859375,762.0,752.6500244140625,757.3250122070312,8282666,58.84593708205556,5.632431572446194,733.7600006103515,744.0963471774511,756.5
2021-08-18,HDFCBANK,778.3499755859375,782.6749877929688,754.1749877929688,756.5,22985932,58.267069649308134,5.860168962042621,735.50625,745.2776474462653,757.375
2021-08-20,HDFCBANK,743.0250244140625,759.9000244140625,743.0250244140625,757.375,13150406,58.73075304033344,6.0416137093099,737.1575012207031,746.4297762609067,762.2999877929688
2021-08-23,HDFCBANK,764.9249877929688,766.5750122070312,754.3250122070312,762.2999877929688,10843054,61.33477695251654,6.507797495248383,739.2037506103516,747.9412249782459,779.4249877929688
2021-08-24,HDFCBANK,765.0,782.25,763.7249755859375,779.4249877929688,18381314,68.72456369742736,8.16497513385832,742.3112487792969,750.9396785796481,778.7000122070312
2021-08-25,HDFCBANK,776.0499877929688,782.4000244140625,774.0,778.7000122070312,7727974,68.13091015808936,9.31245272267904,745.2524993896484,753.583519877494,777.4000244140625
2021-08-26,HDFCBANK,775.0,785.5,771.7249755859375,777.4000244140625,11119002,67.01306632194975,10.001646078325393,748.6899993896484,755.8517584047863,774.2249755859375
2021-08-27,HDFCBANK,776.0,779.3250122070312,772.625,774.2249755859375,6382138,64.24074642529166,10.174353261521787,751.9449981689453,757.601588612515,784.125
2021-08-30,HDFCBANK,777.7999877929688,785.0,775.7999877929688,784.125,9049166,68.60239713829039,10.98346364877716,755.4899993896485,760.1276277922755,790.7000122070312
2021-08-31,HDFCBANK,781.75,791.6749877929688,781.0999755859375,790.7000122070312,12062576,71.1216928707153,12.016716764723128,759.4587493896485,763.0392834508236,789.5499877929688
2021-09-01,HDFCBANK,787.5,799.0,787.25,789.5499877929688,12422558,70.06276804385834,12.597563078775693,763.06875,765.5641124357898,794.5
2021-09-02,HDFCBANK,787.0499877929688,796.0,785.625,794.5,9618524,71.99551304693803,13.303952896001533,766.1612487792969,768.3199112514288,788.0250244140625
2021-09-03,HDFCBANK,793.0499877929688,799.0,784.1500244140625,788.0250244140625,10735334,65.99370658214765,13.1892579437133,768.4412506103515,770.1965886954893,782.8499755859375
2021-09-06,HDFCBANK,789.9749755859375,790.4749755859375,780.9749755859375,782.8499755859375,7876896,61.575504890316324,12.53626788433553,770.2674987792968,771.4016731612462,784.625
2021-09-07,HDFCBANK,781.25,791.0,777.5999755859375,784.625,7245496,62.5027967666537,12.023399923445254,771.9012481689454,772.6610376220799,788.2000122070312
2021-09-08,HDFCBANK,785.9749755859375,790.25,782.7999877929688,788.2000122070312,6724080,64.36791922379598,11.769747652386172,773.6199981689454,774.1409399635038,784.2999877929688
2021-09-09,HDFCBANK,787.0,789.7249755859375,780.5,784.2999877929688,8250948,60.81416257339925,11.125776003541318,775.4612487792969,775.1084683282147,777.7750244140625
2021-09-13,HDFCBANK,781.0,792.0,776.8250122070312,777.7750244140625,8959164,55.3120046645251,9.973940442128537,776.8149993896484,775.3624260506765,774.2750244140625
2021-09-14,HDFCBANK,780.0,782.25,773.2999877929688,774.2750244140625,9758506,52.56475810104561,8.678639755071458,777.3737518310547,775.2588639900466,773.4000244140625
2021-09-15,HDFCBANK,767.5,777.4000244140625,767.5,773.4000244140625,14822998,51.8711269082899,7.495100587091542,777.7787536621094,775.0818316494767,779.9749755859375
2021-09-16,HDFCBANK,768.875,782.1500244140625,768.1500244140625,779.9749755859375,10260550,56.51463519710442,7.006909587859809,778.9112518310546,775.5478453577111,791.0750122070312
2021-09-17,HDFCBANK,784.5,794.5,779.5999755859375,791.0750122070312,20498102,63.00412301878395,7.430045947547569,780.6400024414063,777.0266231528844,779.9249877929688
2021-09-20,HDFCBANK,782.0,790.8499755859375,779.0,779.9249877929688,8781610,54.2466932376337,6.787429513160873,781.7675018310547,777.3026578805116,775.9749755859375
2021-09-21,HDFCBANK,781.0,784.3250122070312,764.4749755859375,775.9749755859375,14774996,51.51489981341227,5.8915047857937,782.4512512207032,777.1762119476949,766.8499755859375
2021-09-22,HDFCBANK,774.5,775.0750122070312,765.0,766.8499755859375,10582202,45.77948765923324,4.3945095744854825,781.8225006103515,776.1927608656227,785.0
2021-09-23,HDFCBANK,771.0,786.0,771.0,785.0,13664304,56.220286175798215,4.61943539267952,782.1375,777.0315455450873,800.7750244140625
2021-09-24,HDFCBANK,789.5,803.9749755859375,787.5,800.7750244140625,20806702,62.90604555288778,6.0014226918998475,783.30625,779.2928292468945,812.5499877929688
2021-09-27,HDFCBANK,807.8499755859375,817.75,804.0,812.5499877929688,16415462,66.96177302604565,7.955097310496399,785.2225006103515,782.4601776798539,807.5250244140625
2021-09-28,HDFCBANK,816.0,816.0,791.0,807.5250244140625,12773790,63.758023920297866,8.994245903837395,786.3925018310547,784.8473059402547,796.9249877929688
2021-09-29,HDFCBANK,798.5,803.2999877929688,792.5750122070312,796.9249877929688,16263036,57.50751599203414,8.860308166409482,786.7037506103516,785.9975613547989,797.4749755859375
2021-09-30,HDFCBANK,793.0,803.1749877929688,791.5499877929688,797.4749755859375,15975348,57.73901569503598,8.698272689899,787.1,787.0906484244312,791.3499755859375
2021-10-01,HDFCBANK,791.5,794.5,782.625,791.3499755859375,11128596,54.1977592647156,7.983592214685359,786.9424987792969,787.496298630289,792.875
2021-10-04,HDFCBANK,794.5,800.6749877929688,791.7999877929688,792.875,7051028,54.93880681198455,7.454330630785762,787.1849975585938,788.0085559035947,797.7249755859375
2021-10-05,HDFCBANK,796.0,798.75,788.125,797.7249755859375,10257178,57.3046572838459,7.341609999192428,787.9287475585937,788.933929206675,807.4500122070312
2021-10-06,HDFCBANK,798.0,813.4249877929688,793.5,807.4500122070312,18600830,61.65235804560124,7.945417439949324,789.0699981689453,790.6973656828994,805.25
2021-10-07,HDFCBANK,813.2999877929688,813.8499755859375,803.5,805.25,11265724,60.15989113370021,8.152440330694276,789.9224975585937,792.0833308559565,801.3250122070312
2021-10-08,HDFCBANK,806.0,811.0,800.0750122070312,801.3250122070312,7245562,57.486168888775886,7.908628009979111,790.7737487792969,792.9634909846303,816.9000244140625
2021-10-11,HDFCBANK,799.9500122070312,822.5,799.5,816.9000244140625,13080848,64.2718644307894,8.869931262287537,792.7299987792969,795.2431608350524,814.7999877929688
2021-10-12,HDFCBANK,812.5,820.7750244140625,812.5,814.7999877929688,8176946,62.81601105700386,9.354482954438595,794.7562469482422,797.1057157834254,819.7000122070312
2021-10-13,HDFCBANK,818.5,824.0,815.0,819.7000122070312,6225644,64.81848701416001,10.018398815172418,797.0712463378907,799.2575535380545,843.7000122070312
2021-10-14,HDFCBANK,819.0,845.0,819.0,843.7000122070312,14757288,72.60133316891164,12.338920941785318,800.2574981689453,803.4901686493856,835.1500244140625
2021-10-18,HDFCBANK,852.5,862.5,833.5250244140625,835.1500244140625,28856456,66.92158490496416,13.334329041068031,802.4612487792969,806.5053930079263,844.3499755859375
2021-10-19,HDFCBANK,837.7249755859375,846.2249755859375,835.5,844.3499755859375,8987540,69.67104052325102,14.696148254603713,805.6824981689454,810.1096389677369,836.9249877929688
2021-10-20,HDFCBANK,844.5499877929688,849.375,832.2249755859375,836.9249877929688,10908568,64.97690174292818,15.003316438366483,808.7299987792969,812.6634817129972,838.1500244140625
2021-10-21,HDFCBANK,835.9000244140625,840.9749755859375,830.4249877929688,838.1500244140625,9738190,65.39121421048802,15.170721025750936,812.2950012207032,815.0907714940511,840.375
2021-10-22,HDFCBANK,840.0499877929688,854.0,835.375,840.375,12175554,66.17389785299305,15.306483686246565,815.0637512207031,817.4987932565225,828.5
2021-10-25,HDFCBANK,845.0,845.0,806.9000244140625,828.5,16426766,58.561753450976504,14.291124133230369,816.45,818.5465272320918,826.375
2021-10-26,HDFCBANK,825.0,836.9249877929688,823.1749877929688,826.375,12090656,57.291699967893656,13.163237028921571,817.1412506103516,819.2920960671306,821.4000244140625
2021-10-27,HDFCBANK,826.375,832.5250244140625,818.6500244140625,821.4000244140625,13249642,54.321430578246016,11.732692247705472,817.8350006103516,819.4928511477908,796.7999877929688
2021-10-28,HDFCBANK,825.0,825.0,793.5750122070312,796.7999877929688,17797750,42.569013412200945,8.515793076150317,817.8287506103516,817.3316260663793,791.4249877929688
2021-10-29,HDFCBANK,795.0,801.0,780.0,791.4249877929688,12406874,40.506900635651895,5.469609473636638,817.5262512207031,814.8643271831972,802.6500244140625
2021-11-01,HDFCBANK,792.5,805.5,791.7750244140625,802.6500244140625,8122320,46.35168988373411,3.916111173935178,818.0912536621094,813.7010602528035,803.375
2021-11-02,HDFCBANK,803.0,811.0,800.0250244140625,803.375,13237722,46.7157902276977,2.7121876391563546,818.6162536621093,812.7176259430128,790.7249755859375
2021-11-03,HDFCBANK,802.5499877929688,804.9500122070312,787.7750244140625,790.7249755859375,10207338,41.43191325869133,0.7289158265792821,818.2662536621094,810.6230878137675,796.9749755859375
2021-11-04,HDFCBANK,797.5,798.9249877929688,795.0499877929688,796.9749755859375,1096808,44.75654225231187,-0.3346608451159909,817.7425018310547,809.3232676015932,800.125
2021-11-08,HDFCBANK,796.0499877929688,802.3499755859375,785.2249755859375,800.125,18943580,46.40775372425999,-0.91284961361157,817.4862518310547,808.4472421157272,786.125
2021-11-09,HDFCBANK,797.2999877929688,797.2999877929688,784.5250244140625,786.125,12695476,40.59954974485213,-2.4722527842151294,816.7262512207031,806.3213142951818,777.625
2021-11-10,HDFCBANK,784.0,784.5,775.0,777.625,13714126,37.52849189053686,-4.343896262218323,814.7625,803.5883319813549,774.1500244140625
2021-11-11,HDFCBANK,775.0250244140625,777.4500122070312,767.7999877929688,774.1500244140625,7999404,36.31895898486277,-6.037986540874272,812.7300018310547,800.7846836416129,776.5
2021-11-12,HDFCBANK,775.0,779.5250244140625,772.5250244140625,776.5,14914092,37.77940993981168,-7.108993845890268,810.5700012207031,798.4718566281259,778.625
2021-11-15,HDFCBANK,781.0499877929688,785.9249877929688,777.2000122070312,778.625,9533594,39.13865767104178,-7.697572288898414,807.3162506103515,796.5816798063996,774.0
2021-11-16,HDFCBANK,777.5,778.5999755859375,770.7999877929688,774.0,8245406,37.232227105022695,-8.43993349309119,804.2587493896484,794.4310436343616,765.4000244140625
2021-11-17,HDFCBANK,768.4500122070312,772.0,764.25,765.4000244140625,7598878,33.92332690933512,-9.61141187937858,800.3112518310547,791.6661846609998,769.7000122070312
2021-11-18,HDFCBANK,763.0250244140625,771.75,762.625,769.7000122070312,9152874,36.940961737849385,-10.076686097351285,796.9500030517578,789.5741682368123,757.6749877929688
2021-11-22,HDFCBANK,773.0,776.3499755859375,749.5250244140625,757.6749877929688,15261272,32.47449278782612,-11.285644357029014,792.9262512207031,786.5361510516843,757.7750244140625
2021-11-23,HDFCBANK,751.0,763.9000244140625,748.1749877929688,757.7750244140625,11235214,32.54755814782369,-12.096242415697361,788.7962524414063,783.7969961338156,759.0250244140625
2021-11-24,HDFCBANK,762.0,768.1749877929688,757.0250244140625,759.0250244140625,30802286,33.51561093084541,-12.493762348663154,785.3225036621094,781.4377607319343,762.9749755859375
2021-11-25,HDFCBANK,757.4000244140625,766.6500244140625,753.5,762.9749755859375,10251652,36.61145135801092,-12.34773471150777,782.1525024414062,779.6794002418394,744.9500122070312
2021-11-26,HDFCBANK,750.0,753.3499755859375,742.5,744.9500122070312,18624936,29.79357845541297,-13.530499485141945,778.3300018310547,776.3718394766196,750.625
2021-11-29,HDFCBANK,747.4000244140625,753.8250122070312,731.0,750.625,12990996,33.963168947407894,-13.850267737579884,776.0212524414062,773.9197595264654,746.7750244140625
2021-11-30,HDFCBANK,747.5,764.5,743.2750244140625,746.7750244140625,25221542,32.55077568939632,-14.250081170276076,773.7887542724609,771.3345466586176,752.3250122070312
2021-12-01,HDFCBANK,747.5,753.5250244140625,744.5499877929688,752.3250122070312,8677634,36.64124201160403,-13.958197156336496,771.2725036621093,769.5241148060855,762.875
2021-12-02,HDFCBANK,752.25,764.4000244140625,750.0,762.875,11203110,43.638430211547956,-12.728850858154601,769.2475036621094,768.8908657769346,756.7750244140625
2021-12-03,HDFCBANK,762.9000244140625,767.9749755859375,753.5250244140625,756.7750244140625,8124694,40.83064450943389,-12.107237413634948,767.5500061035157,767.7369761233277,751.9000244140625
2021-12-06,HDFCBANK,756.5,759.4000244140625,748.6749877929688,751.9000244140625,7029532,38.68822343081592,-11.871133006519699,765.2962585449219,766.2286950081595,762.8499755859375
2021-12-07,HDFCBANK,756.9749755859375,766.0,754.9500122070312,762.8499755859375,12427534,45.59364891076417,-10.677366975764016,763.4325073242187,765.9069122060431,776.9000244140625
2021-12-08,HDFCBANK,768.0,777.5250244140625,767.0,776.9000244140625,15295534,52.92066575073382,-8.499599187876811,762.9712585449219,766.9538752734735,763.4249877929688
2021-12-09,HDFCBANK,772.5999755859375,777.3499755859375,761.0,763.4249877929688,11747744,46.45848060989408,-7.771441031096629,762.2612579345703,766.6177907515207,761.2750244140625
2021-12-10,HDFCBANK,762.4500122070312,764.0,754.2249755859375,761.2750244140625,7779384,45.50373658377621,-7.283890368334369,761.6175079345703,766.1089558622389,755.5750122070312
2021-12-13,HDFCBANK,763.0,768.8250122070312,753.5999755859375,755.5750122070312,10322142,42.98179017501316,-7.273600761678836,760.5712585449219,765.1057231331714,751.2249755859375
2021-12-14,HDFCBANK,751.25,758.0,748.5250244140625,751.2249755859375,9191100,41.109254069958666,-7.529660535221865,759.2012573242188,763.7837471762921,750.0
2021-12-15,HDFCBANK,751.5,761.6749877929688,747.8250122070312,750.0,10115148,40.57320539907342,-7.742187919807975,758.0012573242187,762.4710093499785,750.0499877929688
2021-12-16,HDFCBANK,756.4000244140625,758.5,747.0,750.0499877929688,13210432,40.6072398969689,-7.816480286984074,757.233755493164,761.2880549159777,736.5250244140625
2021-12-17,HDFCBANK,748.5,753.0,733.8499755859375,736.5250244140625,14994768,34.799961749793326,-8.864524316713187,755.5750061035156,758.9296710586525,712.8250122070312
2021-12-20,HDFCBANK,726.0,729.0,707.0499877929688,712.8250122070312,21156668,27.40419292071047,-11.475220478267374,753.3325073242188,754.5387511680219,720.9000244140625
2021-12-21,HDFCBANK,719.75,725.375,715.0,720.9000244140625,9118750,32.65570841612579,-12.745705437576248,751.4887573242188,751.3350629057401,722.5999755859375
2021-12-22,HDFCBANK,726.1500244140625,728.0,717.8499755859375,722.5999755859375,8577484,33.74235188125512,-13.460240791556771,749.6675048828125,748.5983879229018,722.0499877929688
2021-12-23,HDFCBANK,726.625,728.9000244140625,718.4249877929688,722.0499877929688,9779166,33.55371432009326,-13.910542550478567,747.6212554931641,746.0699688629081,719.4500122070312
2021-12-24,HDFCBANK,722.75,726.0,714.0,719.4500122070312,5561024,32.625161952084525,-14.31222383226725,746.3462554931641,743.5347348956817,725.4000244140625
2021-12-27,HDFCBANK,714.4500122070312,727.0,711.0750122070312,725.4000244140625,4705098,36.92689337517475,-13.989184274905256,745.0850067138672,741.807619611718,730.4000244140625
2021-12-28,HDFCBANK,730.3499755859375,733.4500122070312,726.7000122070312,730.4000244140625,5450678,40.3722247155155,-13.177809302329251,744.2662567138672,740.721181973846,726.9249877929688
2021-12-29,HDFCBANK,728.0250244140625,730.5,723.7000122070312,726.9249877929688,7668702,38.786452175220916,-12.669153093562613,742.9962554931641,739.4072587185244,730.75
2021-12-30,HDFCBANK,729.25,733.4249877929688,722.5,730.75,7215918,41.509777998742116,-11.82112627993888,741.390005493164,738.5827578881888,739.7000122070312
2021-12-31,HDFCBANK,730.75,742.4000244140625,730.75,739.7000122070312,6325736,47.405876867839275,-10.308043030186354,740.5362548828125,738.6891630614119,759.8250122070312
2022-01-03,HDFCBANK,742.5,761.5,740.25,759.8250122070312,9069184,57.725367732559576,-7.399695264366528,740.932504272461,740.7021010752804,764.2750244140625
2022-01-04,HDFCBANK,760.0,766.4500122070312,753.9000244140625,764.2750244140625,8857352,59.612399039615106,-4.6817614795951386,741.0037567138672,742.9471413932597,782.4249877929688
2022-01-05,HDFCBANK,768.4000244140625,786.0,764.0499877929688,782.4249877929688,14332638,66.23291799871771,-1.0511124444386724,741.2800048828125,746.7069362884702,769.875
2022-01-06,HDFCBANK,771.5,777.375,765.0250244140625,769.875,9628930,59.02762685833978,0.8042530149421054,741.602505493164,748.9134185467111,775.2750244140625
2022-01-07,HDFCBANK,772.0,783.375,767.9500122070312,775.2750244140625,11179384,60.993914788100284,2.6794928236705573,742.3025054931641,751.4240476769351,779.5750122070312
2022-01-10,HDFCBANK,779.0,786.0,772.75,779.5750122070312,8856496,62.5357201975794,4.461181240504629,743.5025054931641,754.1050919178966,782.9500122070312
2022-01-11,HDFCBANK,780.7750244140625,784.3499755859375,773.9000244140625,782.9500122070312,8389198,63.746967379318555,6.075482065767574,745.0887573242187,756.8522271835285,778.3250122070312
2022-01-12,HDFCBANK,784.0,788.3250122070312,776.0,778.3250122070312,21085530,60.84391299878304,6.902065537802514,746.5050079345704,758.8972543286241,764.0
2022-01-13,HDFCBANK,777.5,777.5,760.2000122070312,764.0,41963896,52.820388542289926,6.328281637123155,747.2025085449219,759.3832301068503,772.5750122070312
2022-01-14,HDFCBANK,765.0,774.3499755859375,759.5,772.5750122070312,11208968,56.516907179937014,6.49066523416468,749.0050079345704,760.6395903068676,760.75
2022-01-17,HDFCBANK,765.0,778.0,759.5750122070312,760.75,22989372,50.626224666210405,5.600615338018997,751.4012573242187,760.6501055157373,764.625
2022-01-18,HDFCBANK,766.5,775.4500122070312,761.5,764.625,12341152,52.37788813283967,5.1485749312037115,753.5875061035156,761.0286668951909,759.2249755859375
2022-01-19,HDFCBANK,767.0,769.875,756.6749877929688,759.2249755859375,14317626,49.7301049970601,4.304967822392541,755.4187561035156,760.8568867705001,754.5
2022-01-20,HDFCBANK,764.2249755859375,764.25,750.0499877929688,754.5,15197846,47.46893882321754,3.2180414901448557,757.0412567138671,760.2514689828334,760.7999877929688
2022-01-21,HDFCBANK,750.0,764.9000244140625,742.7999877929688,760.7999877929688,11537694,50.68842663910762,2.8323513216960237,759.108755493164,760.303708869513,743.3250122070312
2022-01-24,HDFCBANK,754.9749755859375,760.625,733.7750244140625,743.3250122070312,11868508,42.844595863428815,1.1038797603955572,760.0050048828125,758.6866901397528,744.0250244140625
2022-01-25,HDFCBANK,729.3250122070312,747.5,722.0,744.0250244140625,13594248,43.223614759802075,-0.20707424701845412,760.6862548828125,757.2903410230205,737.4749755859375
2022-01-27,HDFCBANK,725.0,742.5,717.5,737.4749755859375,28617838,40.51619366386413,-1.754326162227244,761.213754272461,755.4031633623459,731.625
2022-01-28,HDFCBANK,738.75,743.3499755859375,730.0,731.625,24925208,38.213952155535495,-3.4132329668989314,761.2575042724609,753.1385763754558,742.8499755859375
2022-01-31,HDFCBANK,736.375,745.7750244140625,733.4000244140625,742.8499755859375,12842546,44.70646252115626,-3.7786093857333753,761.4150024414063,752.158709633597,748.5
2022-02-01,HDFCBANK,754.25,758.5,736.7249755859375,748.5,14739484,47.68626557774168,-3.5710976878494876,760.8487518310546,751.8102610970641,765.5999755859375
2022-02-02,HDFCBANK,755.9749755859375,767.5,752.7999877929688,765.5999755859375,13969290,55.502210225868524,-2.003720411280483,760.9149993896484,753.1235672388616,757.6749877929688
2022-02-03,HDFCBANK,764.375,769.9749755859375,754.5,757.6749877929688,10564762,51.65071070252906,-1.385076609290536,759.6774993896485,753.5570358630623,762.0
2022-02-04,HDFCBANK,764.2000122070312,766.4249877929688,757.0499877929688,762.0,11579958,53.54533172795314,-0.5395846042157473,759.2837493896484,754.3611276856278,734.0750122070312
2022-02-07,HDFCBANK,756.0499877929688,759.5,730.0,734.0750122070312,12268042,42.07975721468902,-2.098647334673501,757.2237487792969,752.4291166876662,730.9249877929688
2022-02-08,HDFCBANK,738.2000122070312,739.2249755859375,722.2750244140625,730.9249877929688,13981130,41.01291436679921,-3.5475030188073333,754.7912475585938,750.3811044119808,748.7999877929688
2022-02-09,HDFCBANK,737.0,749.8499755859375,733.5,748.7999877929688,11308342,48.92596916178216,-3.216293050321724,753.0837463378906,750.2305218768369,762.5499877929688
2022-02-10,HDFCBANK,757.0,767.75,750.8250122070312,762.5499877929688,14314530,54.034124556781556,-1.8232790516470914,752.2949951171875,751.4038043450399,759.4249877929688
2022-02-11,HDFCBANK,750.125,762.5,749.75,759.4249877929688,10711104,52.743021298915686,-0.9603959580797437,752.0662445068359,752.167726578176,736.8499755859375
2022-02-14,HDFCBANK,745.0,749.7249755859375,734.6500244140625,736.8499755859375,14656620,44.47548347054397,-2.0742589416511237,750.2799926757813,750.7088931503438,758.9000244140625
2022-02-15,HDFCBANK,738.0,762.4500122070312,736.5250244140625,758.9000244140625,13135066,52.33470789686717,-1.1643270827565857,750.1874938964844,751.4890008897455,757.875
2022-02-16,HDFCBANK,767.1749877929688,767.375,753.5,757.875,10032264,51.966470860715745,-0.5199171513228293,749.8499938964844,752.0971912811983,753.25
2022-02-17,HDFCBANK,756.5499877929688,761.0,751.0,753.25,7351208,50.24847253118412,-0.3780584625776555,749.5512451171875,752.2069825877509,756.1749877929688
2022-02-18,HDFCBANK,749.1500244140625,758.5,745.2249755859375,756.1749877929688,7796128,51.344023803895894,-0.029274897169102587,749.6349945068359,752.5848878453908,761.0499877929688
2022-02-21,HDFCBANK,752.0,765.3499755859375,747.7750244140625,761.0499877929688,7468066,53.19398738780069,0.6332110859533486,749.647494506836,753.3910878403982,755.3499755859375
2022-02-22,HDFCBANK,744.9000244140625,761.0499877929688,743.9749755859375,755.3499755859375,9536196,50.7636547457834,0.6903349013892921,750.2487426757813,753.5776485780686,750.4500122070312
2022-02-23,HDFCBANK,762.5499877929688,762.8499755859375,747.8250122070312,750.4500122070312,9029562,48.70365821539507,0.33634269349749957,750.5699920654297,753.2797784474936,709.7000122070312
2022-02-24,HDFCBANK,724.9500122070312,737.4749755859375,703.5750122070312,709.7000122070312,23630766,35.72115229474976,-3.1955468448052216,749.1812438964844,749.1293245198306,728.0499877929688
2022-02-25,HDFCBANK,719.9749755859375,732.9500122070312,716.4249877929688,728.0499877929688,18318654,43.07916854506145,-4.462464563459889,749.0024932861328,747.1217686410819,713.125
2022-02-28,HDFCBANK,713.0,719.2750244140625,707.0250244140625,713.125,24880832,39.15339484568698,-6.594806935480733,747.516244506836,743.883981151455,687.125
2022-03-02,HDFCBANK,693.25,699.2000122070312,677.2000122070312,687.125,38505560,33.436920397238794,-10.264365125121117,744.4474945068359,738.4783638989354,685.5
2022-03-03,HDFCBANK,690.5,696.0,681.4500122070312,685.5,17527922,33.11153143937359,-13.152031910450546,740.442495727539,733.4328054323701,683.25
2022-03-04,HDFCBANK,680.0,693.0,668.4500122070312,683.25,21219364,32.63793003344557,-15.444055381458497,736.7212463378906,728.6534906292871,662.4000244140625
2022-03-07,HDFCBANK,659.25,666.1749877929688,648.5250244140625,662.4000244140625,27054458,28.561151297567548,-18.727045550710955,731.7412475585937,722.3436367040276,663.9000244140625
2022-03-08,HDFCBANK,651.0999755859375,667.0,646.0,663.9000244140625,39212492,29.24587707445194,-20.966117101541727,728.2324981689453,716.7775783906976,685.5750122070312
2022-03-09,HDFCBANK,665.0,687.3499755859375,659.4249877929688,685.5750122070312,23134694,38.42937401152906,-20.75238647438823,725.9649993896485,713.8059054208246,696.3499755859375
2022-03-10,HDFCBANK,713.5,713.5,690.125,696.3499755859375,22273206,42.42970919179784,-19.488898032866473,723.3424987792969,712.1434359127402,698.4000244140625
2022-03-11,HDFCBANK,694.0,704.4749755859375,686.3499755859375,698.4000244140625,15150780,43.186038570467915,-18.11335307350066,720.1350006103515,710.8345395795328,721.2750244140625
2022-03-14,HDFCBANK,707.5,725.0,707.5,721.2750244140625,25018126,50.932264252035665,-15.004440605923264,718.2275024414063,711.8288714685357,712.0
2022-03-15,HDFCBANK,721.75,724.75,705.875,712.0,18867928,48.0703849374908,-13.13758018594126,716.9850036621094,711.8451694239133,724.0750122070312
2022-03-16,HDFCBANK,723.5,727.5,718.0999755859375,724.0750122070312,13364108,51.86264211353908,-10.561975405212706,715.2437530517578,713.0099163556388,740.0250244140625
2022-03-17,HDFCBANK,736.0,744.9000244140625,735.2750244140625,740.0250244140625,14823954,56.39266455797553,-7.151321393480316,714.3512542724609,715.5827837897743,743.25
2022-03-21,HDFCBANK,743.5,746.8250122070312,736.4000244140625,743.25,12257876,57.26829019685815,-4.140397019672491,713.8512542724609,718.2177567621768,747.0750122070312
2022-03-22,HDFCBANK,740.6500244140625,749.0,728.5999755859375,747.0750122070312,10461814,58.33685783456077,-1.4290974963882945,713.3962554931641,720.966066804544,739.625
2022-03-23,HDFCBANK,753.5,759.4000244140625,736.7999877929688,739.625,31188256,55.42948051997243,0.11712306512674786,712.3250061035156,722.743108061254,721.3250122070312
2022-03-24,HDFCBANK,733.0,734.8250122070312,717.2750244140625,721.3250122070312,20160044,48.973029853647205,-0.1326133908473821,710.6237579345703,722.6080513132329,715.4500122070312
2022-03-25,HDFCBANK,725.5,726.0,709.5,715.4500122070312,16366462,47.07717461438655,-0.7954255613019541,708.8737579345703,721.9263333031184,716.4000244140625
2022-03-28,HDFCBANK,715.4500122070312,719.0,700.7999877929688,716.4000244140625,15754886,47.43156282308094,-1.229873717521059,709.2087585449219,721.4000181708275,725.9000244140625
2022-03-29,HDFCBANK,720.5,730.125,715.0,725.9000244140625,12377448,50.967460824779536,-0.7984029143591442,709.1012603759766,721.8285901939927,738.4749755859375
2022-03-30,HDFCBANK,736.0,741.375,727.0250244140625,738.4749755859375,20109742,55.25750934651628,0.5518726279185557,710.3687591552734,723.4139602313207,735.1749877929688
2022-03-31,HDFCBANK,735.5,742.3499755859375,732.9500122070312,735.1749877929688,14295714,53.924136133653256,1.3402447800882555,712.7712585449219,724.5340580943348,753.0
2022-04-01,HDFCBANK,738.2000122070312,755.0,735.1500244140625,753.0,14568556,59.59555532269492,3.3645801206100714,716.1462585449219,727.2451001805886,828.4000244140625
2022-04-04,HDFCBANK,790.0,861.0499877929688,781.2750244140625,828.4000244140625,97450970,74.11163233380366,10.927071806521212,723.403759765625,736.8789024885385,804.125
2022-04-05,HDFCBANK,833.3499755859375,833.3499755859375,801.0,804.125,30922582,65.90253989050434,14.791106686309718,730.4900085449219,743.2832927277253,775.4249877929688
2022-04-06,HDFCBANK,793.8499755859375,794.9000244140625,773.6749877929688,775.4249877929688,27027860,57.75698998619318,15.360465157533895,736.0662567138672,746.3444065434628,758.375
2022-04-07,HDFCBANK,770.6500244140625,770.6749877929688,756.8499755859375,758.375,40781732,53.524485457911865,14.271382709537988,739.7062561035157,747.4901773488473,757.3250122070312
2022-04-08,HDFCBANK,756.0499877929688,762.875,748.6500244140625,757.3250122070312,41256322,53.26561369830393,13.171716435349481,742.7550079345704,748.426828287722,748.0750122070312
2022-04-11,HDFCBANK,753.0,755.0,746.625,748.0750122070312,20799066,50.92872954661005,11.422157771123693,745.2387573242188,748.3933219943228,746.75
2022-04-12,HDFCBANK,742.0,753.4249877929688,740.0750122070312,746.75,27435402,50.58636674905498,9.81555490632752,746.5125061035156,748.2368151377207,732.4749755859375
2022-04-13,HDFCBANK,745.0,751.1500244140625,731.3250122070312,732.4749755859375,28892520,46.926357111861435,7.306213906219227,747.5362548828125,746.7356875613604,697.7249755859375
2022-04-18,HDFCBANK,709.4249877929688,715.8250122070312,695.0250244140625,697.7249755859375,45620376,39.44466770525549,2.48486453113469,746.2187530517579,742.0680007065581,671.0999755859375
2022-04-19,HDFCBANK,690.4500122070312,694.7750244140625,663.5,671.0999755859375,74096022,34.85886312535757,-3.4447951163660946,742.7725006103516,735.309141171261,677.1500244140625
2022-04-20,HDFCBANK,677.2249755859375,679.9500122070312,667.6749877929688,677.1500244140625,49325736,36.66085724658469,-7.568657952291346,739.4675018310547,729.7701776705754,687.1749877929688
2022-04-21,HDFCBANK,682.5,689.9000244140625,676.6500244140625,687.1749877929688,52446270,39.64042200700066,-9.913639927963345,736.4725006103515,725.7134929203271,677.7999877929688
2022-04-22,HDFCBANK,680.0,687.6749877929688,674.5750122070312,677.7999877929688,20659148,37.847383274373954,-12.385763812857931,733.38125,721.1503019558168,682.875
2022-04-25,HDFCBANK,675.0,685.3250122070312,661.125,682.875,20935488,39.444209217638196,-13.77662042624172,731.4587493896485,717.5050351028817,686.0250244140625
2022-04-26,HDFCBANK,686.0,690.9749755859375,678.5750122070312,686.0250244140625,17016842,40.466607949502155,-14.458040378896499,729.9875,714.5069388468037,686.2750244140625
2022-04-27,HDFCBANK,680.0,689.5,678.0499877929688,686.2750244140625,18054334,40.55239263718384,-14.807209397313727,728.48125,711.8181850913045,685.6749877929688
2022-04-28,HDFCBANK,686.0,689.5,681.0499877929688,685.6749877929688,20773722,40.401914459707754,-14.959897909752726,726.4699981689453,709.3283567771773,692.2999877929688
2022-04-29,HDFCBANK,690.1749877929688,702.375,685.7750244140625,692.2999877929688,28401476,42.92035172470798,-14.380552466110998,724.1612487792969,707.7066073501098,701.8499755859375
2022-05-02,HDFCBANK,681.0250244140625,703.2249755859375,681.0250244140625,701.8499755859375,19494316,46.43423823223608,-13.000946012922782,722.4949981689454,707.1488328963792,678.0
2022-05-04,HDFCBANK,700.0,701.7999877929688,675.0,678.0,29055916,39.8382939344168,-13.674460992204217,718.7449981689454,704.3727535729145,676.4749755859375
2022-05-05,HDFCBANK,687.5,687.5,673.25,676.4749755859375,17862912,39.45238445056342,-14.16796372419094,711.1487457275391,701.7158223360594,658.7999877929688
2022-05-06,HDFCBANK,665.0,667.5,656.5,658.7999877929688,26731268,35.19683761958251,-15.803123423913803,703.8824951171875,697.6285999986221,659.9249877929688
2022-05-09,HDFCBANK,650.0,663.25,647.75,659.9249877929688,32762434,35.672454414694926,-16.81439528638714,698.1074951171875,694.0377797885599,670.5250244140625
2022-05-10,HDFCBANK,657.5250244140625,676.5,657.5250244140625,670.5250244140625,20113812,40.1310888747883,-16.569498293919878,693.7149963378906,691.7984697528934,674.2999877929688
2022-05-11,HDFCBANK,676.5,677.5,664.3250122070312,674.2999877929688,17102924,41.681341491528244,-15.887664559693121,689.5637451171875,690.1319476614719,651.5250244140625
2022-05-12,HDFCBANK,660.5499877929688,663.4000244140625,646.5,651.5250244140625,22382290,35.67873126311096,-16.989214529659648,684.7362457275391,686.4550978283854,645.6749877929688
2022-05-13,HDFCBANK,655.0250244140625,659.0,643.5,645.6749877929688,16768238,34.31185792712775,-18.125312561035116,679.6824951171875,682.5712778250123,652.5499877929688
2022-05-16,HDFCBANK,649.5,656.0,642.6500244140625,652.5499877929688,9804356,37.34953743989289,-18.260428539337454,675.686245727539,679.71210734577,657.0
2022-05-17,HDFCBANK,656.2999877929688,658.5,649.0999755859375,657.0,16641444,39.30601036866048,-17.803205855801593,673.6499969482422,677.5490495033157,656.9500122070312
2022-05-18,HDFCBANK,662.0250244140625,666.6500244140625,655.0,656.9500122070312,15732384,39.29116701848848,-17.246085048985492,672.9424987792969,675.5872364274791,643.5250244140625
2022-05-19,HDFCBANK,643.0999755859375,648.2000122070312,639.1500244140625,643.5250244140625,20537506,35.42229563379804,-17.683997003779723,671.2612487792969,672.5336924262012,660.4749755859375
2022-05-20,HDFCBANK,651.5,662.0999755859375,646.1749877929688,660.4749755859375,13919350,43.047343674518075,-16.473430527257847,669.9262481689453,671.385243203319,652.0
2022-05-23,HDFCBANK,657.0,664.9749755859375,649.5499877929688,652.0,19486320,40.474038964450855,-16.013316035103117,668.6362487792969,669.5390295649077,659.4749755859375
2022-05-24,HDFCBANK,650.0,662.5,648.4500122070312,659.4749755859375,12870796,43.672362541292266,-14.874045192113726,667.4662475585938,668.5805482335771,664.4000244140625
2022-05-25,HDFCBANK,665.0,667.9749755859375,661.5999755859375,664.4000244140625,12887112,45.74094874944522,-13.419067899298966,666.3849975585938,668.1824031079092,683.3499755859375
2022-05-26,HDFCBANK,671.0750122070312,685.5,670.0,683.3499755859375,26992428,52.90715430465141,-10.614527557607289,666.2387451171875,669.6269338201023,696.0250244140625
2022-05-27,HDFCBANK,685.9000244140625,697.3499755859375,685.375,696.0250244140625,24031718,56.99816214757475,-7.2851598328691125,666.7562469482422,672.1410376861937,700.7750244140625
2022-05-30,HDFCBANK,705.125,710.25,699.2249755859375,700.7750244140625,12624674,58.45471345788683,-4.214741702856259,667.1799987792969,674.8680840412288,694.4749755859375
2022-05-31,HDFCBANK,697.9500122070312,702.4000244140625,690.0,694.4749755859375,13485388,55.75713425685606,-2.263680206054346,666.8112487792969,676.7354070454868,697.4249877929688
2022-06-01,HDFCBANK,690.0,700.2249755859375,689.5750122070312,697.4249877929688,12091896,56.76330512156517,-0.47394523670493527,667.7824981689453,678.7058433071517,692.5499877929688
2022-06-02,HDFCBANK,693.625,694.0,689.2999877929688,692.5499877929688,11475020,54.55529584694848,0.5447809670497463,668.5862487792969,680.0243332581819,690.1500244140625
2022-06-03,HDFCBANK,699.1500244140625,700.375,688.1500244140625,690.1500244140625,6957244,53.45294576052604,1.1452698774626242,670.1537506103516,680.9886847968371,689.2249755859375
2022-06-06,HDFCBANK,688.1500244140625,693.5,680.3250122070312,689.2249755859375,6173266,53.00834358385508,1.5288938195316177,671.61875,681.7730934434181,681.2999877929688
2022-06-07,HDFCBANK,681.0,687.1500244140625,677.0499877929688,681.2999877929688,10253966,49.23042856086046,1.1798378382999317,672.1574981689453,681.728035762423,683.7000122070312
2022-06-08,HDFCBANK,686.6500244140625,690.5,678.5,683.7000122070312,5986588,50.38370656725723,1.084370423490327,672.6274993896484,681.9158430428619,688.8499755859375
2022-06-09,HDFCBANK,681.125,691.0250244140625,678.5750122070312,688.8499755859375,7311816,52.858327398427875,1.408039807657815,674.4937469482422,682.5762366183928,675.5499877929688
2022-06-10,HDFCBANK,680.0499877929688,683.9749755859375,671.7999877929688,675.5499877929688,9155430,46.41937231383323,0.5846132071230841,675.9874969482422,681.9070700635906,663.2999877929688
2022-06-13,HDFCBANK,661.7999877929688,665.0,654.1500244140625,663.2999877929688,10892572,41.41521011634292,-1.044391829844244,676.5249969482422,680.134966990198,656.0
2022-06-14,HDFCBANK,655.625,663.0,652.5,656.0,11870356,38.73536037686385,-2.891111134829316,676.4749969482422,677.8363987054172,653.7249755859375
2022-06-15,HDFCBANK,650.8250122070312,657.9000244140625,649.2000122070312,653.7249755859375,11810470,37.91202612960692,-4.486507282764819,676.3137451171875,675.5400726940381,640.6500244140625
2022-06-16,HDFCBANK,655.0,660.2750244140625,639.0,640.6500244140625,12169192,33.504360776328184,-6.728349289498965,676.1699951171875,672.217210953088,644.875
2022-06-17,HDFCBANK,637.5,649.5,635.7999877929688,644.875,14723922,36.09000755576034,-8.07106677749789,675.3899963378906,669.6131908623178,661.0750122070312
2022-06-20,HDFCBANK,652.3499755859375,662.5,647.0750122070312,661.0750122070312,15936840,44.93201783896298,-7.738766778332206,675.8437469482421,668.8000309903857,668.2750244140625
2022-06-21,HDFCBANK,668.4500122070312,677.0,662.0250244140625,668.2750244140625,13220684,48.35210703372507,-6.8158667536006305,676.2837493896484,668.7500303640693,665.125
2022-06-22,HDFCBANK,666.125,668.4749755859375,661.5999755859375,665.125,8159698,46.97745393568498,-6.266407237299063,676.3199981689453,668.404789377015,667.5750122070312
2022-06-23,HDFCBANK,665.25,674.0,659.25,667.5750122070312,15372244,48.2107194869442,-5.5690643947664284,675.53125,668.3257629798737,676.9000244140625
2022-06-24,HDFCBANK,669.2750244140625,680.8250122070312,669.2750244140625,676.9000244140625,8013432,52.71840856464658,-4.215372425899091,674.575,669.1423593069393,678.125
2022-06-27,HDFCBANK,685.0,688.0,676.0,678.125,9804164,53.293522508555434,-3.0090302676417195,673.4424987792969,669.9978488967546,672.9500122070312
2022-06-28,HDFCBANK,672.0,675.5,669.2000122070312,672.9500122070312,9770574,50.49897830894298,-2.4424189958803026,672.3662506103516,670.2790073072571,671.9749755859375
2022-06-29,HDFCBANK,665.625,675.375,665.625,671.9749755859375,9994046,49.967336608125095,-2.0484396502185973,671.09375,670.4405280957028,674.0
2022-06-30,HDFCBANK,668.0,677.0,668.0,674.0,12475822,51.11833950534872,-1.5548819230059507,670.1662506103515,670.7795254199216,676.875
2022-07-01,HDFCBANK,671.9749755859375,680.0,665.0250244140625,676.875,11472452,52.77925633505807,-0.9211272145288376,669.5024993896484,671.3600468085004,677.8250122070312
2022-07-04,HDFCBANK,676.8499755859375,680.0999755859375,671.125,677.8250122070312,8487480,53.34340170343102,-0.33831412197559985,668.9325012207031,671.9757577988368,676.2999877929688
2022-07-05,HDFCBANK,682.0,689.6749877929688,674.1500244140625,676.2999877929688,14325718,52.263975539788554,0.0005068847091251882,668.6825012207031,672.3875892268494,685.625
2022-07-06,HDFCBANK,674.0,686.7000122070312,673.5499877929688,685.625,15049078,57.87690749287156,1.009834779570383,668.7787506103516,673.6482950147685,697.9000244140625
2022-07-07,HDFCBANK,690.0,699.0,687.2249755859375,697.9000244140625,17743142,63.8951147234323,2.7683148808876012,669.2312530517578,675.9579835289869,698.5499877929688
2022-07-08,HDFCBANK,705.0,705.0,697.375,698.5499877929688,12474030,64.18688443161591,4.166342638574292,670.3812530517578,678.1096029826995,703.0750122070312
2022-07-11,HDFCBANK,697.0,704.9500122070312,696.625,703.0750122070312,7462880,66.23279243573558,5.575154451689173,672.370004272461,680.4872610040644,695.9000244140625
2022-07-12,HDFCBANK,702.625,702.625,694.7000122070312,695.9000244140625,9876974,60.346016231804235,6.04302616848895,674.3650054931641,681.9551432335879,678.9249877929688
2022-07-13,HDFCBANK,695.0,697.0999755859375,677.125,678.9249877929688,15945610,49.203679530446884,4.986591957820451,675.6250061035156,681.666557001148,675.5250244140625
2022-07-14,HDFCBANK,681.0,686.3250122070312,674.625,675.5250244140625,10372410,47.31910884046695,3.8308519282635416,677.3687561035156,681.0816491357112,681.0250244140625
2022-07-15,HDFCBANK,676.5,682.4500122070312,673.4000244140625,681.0250244140625,13595646,50.614361063603525,3.3204476096275357,679.1762573242188,681.076256305078,673.7750244140625
2022-07-18,HDFCBANK,674.0,683.0499877929688,671.0250244140625,673.7750244140625,20332220,46.48652333424126,2.304370749047962,679.8112579345703,680.380900886886,674.0250244140625
2022-07-19,HDFCBANK,668.5,679.2750244140625,668.5,674.0250244140625,15792538,46.64810251907438,1.5019815192599708,680.0987579345704,679.7755793180457,682.5250244140625
2022-07-20,HDFCBANK,679.9500122070312,685.5499877929688,677.625,682.5250244140625,20347862,51.95932998874957,1.534275068351917,680.9687591552735,680.037431231952,680.375
2022-07-21,HDFCBANK,680.2750244140625,684.75,679.0499877929688,680.375,12640278,50.58750890013358,1.3705797467939647,681.6087585449219,680.0695806384327,696.25
2022-07-22,HDFCBANK,683.0,698.5,681.2000122070312,696.25,12729592,59.1611037106016,2.493091050453131,682.5762573242188,681.610572958582,698.2999877929688
2022-07-25,HDFCBANK,697.5,702.2999877929688,691.6500244140625,698.2999877929688,10143126,60.12330857415392,3.5076719692780216,683.5850067138672,683.2000410380474,696.875
2022-07-26,HDFCBANK,698.0,701.0,693.1500244140625,696.875,8527964,59.081260261994885,4.148923839923782,684.7812561035156,684.5024180820428,702.2000122070312
2022-07-27,HDFCBANK,694.4500122070312,703.0,692.125,702.2000122070312,9212778,61.74922088454939,5.028835266888905,686.2925079345703,686.1879032368037,708.4249877929688
2022-07-28,HDFCBANK,707.5250244140625,712.0,705.5,708.4249877929688,17420406,64.65082511162663,6.157495146530323,688.0137573242188,688.3057208135813,717.0999755859375
2022-07-29,HDFCBANK,719.0,719.2999877929688,707.6500244140625,717.0999755859375,20019736,68.26382818954218,7.6636237633916835,690.0250061035156,691.0480307919008,723.0750122070312
2022-08-01,HDFCBANK,719.5,724.2249755859375,715.0250244140625,723.0750122070312,13193036,70.50029810371753,9.23294541573921,692.2875061035156,694.0982194981037,715.125
2022-08-02,HDFCBANK,721.0,722.2999877929688,711.5250244140625,715.125,15036510,64.03433350296163,9.723063167692885,694.2287567138671,696.1007700220939,716.7999877929688
2022-08-03,HDFCBANK,712.4749755859375,717.875,708.5,716.7999877929688,10975498,64.7675194368689,10.129871678575,695.7875061035156,698.0721240955106,715.9500122070312
2022-08-04,HDFCBANK,720.0,723.3499755859375,706.4749755859375,715.9500122070312,12012206,64.05392533876542,10.265351842028053,696.6900054931641,699.7747801061316,713.5250244140625
2022-08-05,HDFCBANK,716.5,718.4749755859375,710.5750122070312,713.5250244140625,9268982,61.95658343102742,10.061066882991895,697.4387573242187,701.0843271830773,731.0250244140625
2022-08-08,HDFCBANK,714.0,732.25,713.5499877929688,731.0250244140625,15357736,69.67371455051511,11.182369927815671,698.8362579345703,703.9358221574569,733.1500244140625
2022-08-10,HDFCBANK,730.6749877929688,735.75,724.5250244140625,733.1500244140625,17353102,70.45738042894713,12.102964963756563,700.6987579345703,706.7181271342765,742.8499755859375
2022-08-11,HDFCBANK,743.25,745.5,737.2750244140625,742.8499755859375,18301766,73.78719815314027,13.460088632819861,703.8950073242188,710.1592555582442,742.5750122070312
2022-08-12,HDFCBANK,742.5,744.6500244140625,737.9749755859375,742.5750122070312,8850370,73.53418056754535,14.34803643866519,707.2475067138672,713.2464704771763,751.0750122070312
2022-08-16,HDFCBANK,747.4000244140625,754.25,744.0250244140625,751.0750122070312,12563756,76.24585666713969,15.558274332832866,710.7500061035156,716.8491887371624,754.9500122070312
2022-08-17,HDFCBANK,750.0,756.375,742.875,754.9500122070312,12384350,77.38352295449494,16.638280952675586,714.8087554931641,720.4778385914357,755.8499755859375
2022-08-18,HDFCBANK,750.0,756.9500122070312,749.8250122070312,755.8499755859375,8342138,77.65123435839499,17.366621896423226,718.9000030517578,723.846613543293,746.5250244140625
2022-08-19,HDFCBANK,755.0,756.0,745.0,746.5250244140625,8063702,68.59144169417497,16.995478418167977,722.1000030517578,726.006462197652,735.1749877929688
2022-08-22,HDFCBANK,742.4000244140625,744.1749877929688,733.8499755859375,735.1749877929688,8234066,59.49292499358648,15.605599798271896,724.8400024414062,726.8796551114917,732.9000244140625
2022-08-23,HDFCBANK,726.6500244140625,737.9749755859375,725.2000122070312,732.9000244140625,14966884,57.836897716343685,14.157343404329254,726.6725036621094,727.4530236164985,736.4249877929688
2022-08-24,HDFCBANK,730.9500122070312,737.75,729.5999755859375,736.4249877929688,13455520,59.70836375956947,13.142526004494016,728.5787536621094,728.30749639521,732.4249877929688
2022-08-25,HDFCBANK,739.9500122070312,743.4000244140625,728.5,732.4249877929688,11823040,56.63627244150306,11.878580451865332,730.3562530517578,728.6996384330918,732.5499877929688
2022-08-26,HDFCBANK,736.0250244140625,740.9000244140625,730.5999755859375,732.5499877929688,7706176,56.711228874851315,10.762912791522467,731.8737518310547,729.0663383721276,719.7000122070312
2022-08-29,HDFCBANK,718.5,723.0,714.2999877929688,719.7000122070312,8653178,47.601949561139335,8.741090642899621,732.4375030517579,728.174307308785,743.0499877929688
2022-08-30,HDFCBANK,723.2249755859375,744.9749755859375,721.5499877929688,743.0499877929688,10135400,60.13321625238912,8.920104497496027,733.7350036621094,729.5910387834692,736.0750122070312
2022-09-01,HDFCBANK,732.375,744.7249755859375,729.5,736.0750122070312,22403136,55.8373974328948,8.402295596122258,734.3850036621094,730.2085600619038,742.75
2022-09-02,HDFCBANK,736.0750122070312,745.25,732.5999755859375,742.75,12038086,58.86588729633992,8.433329863759923,735.7662536621094,731.4029829131509,747.5250244140625
2022-09-05,HDFCBANK,743.0499877929688,749.5,742.0499877929688,747.5250244140625,12131932,60.9299606075244,8.742451766150452,737.3025054931641,732.9384154370473,744.6749877929688
2022-09-06,HDFCBANK,749.4500122070312,753.3250122070312,743.2249755859375,744.6749877929688,12238696,59.026136295794494,8.657658862167978,738.7387542724609,734.0561842328493,741.1500244140625
2022-09-07,HDFCBANK,735.6500244140625,745.0,735.6500244140625,741.1500244140625,9776206,56.66771950054173,8.21136923637539,740.120004272461,734.7317880596315,748.7999877929688
2022-09-08,HDFCBANK,745.0499877929688,750.0,741.0750122070312,748.7999877929688,11164690,60.368599882939485,8.378388753671402,741.0087524414063,736.0716166056637,749.2999877929688
2022-09-09,HDFCBANK,748.0999755859375,754.5,747.0250244140625,749.2999877929688,15128888,60.60542364108714,8.453650327009768,741.8162506103515,737.3314614806452,746.7750244140625
2022-09-12,HDFCBANK,750.0,752.0,745.0,746.7750244140625,11080492,58.69786490143819,8.21485647159841,742.0125030517578,738.2308484266849,756.5499877929688
2022-09-13,HDFCBANK,749.4500122070312,757.9500122070312,749.2750244140625,756.5499877929688,13001966,63.488965656426934,8.713919829105066,742.7112518310547,739.975528366331,764.3250122070312
2022-09-14,HDFCBANK,747.0250244140625,769.4500122070312,746.1749877929688,764.3250122070312,20219760,66.78898341053727,9.625849822243708,743.3737518310547,742.2945268273501,760.3499755859375
2022-09-15,HDFCBANK,765.0,770.4749755859375,756.0,760.3499755859375,13539372,63.62284927249712,9.913531655387715,743.64375,744.014093375787,746.375
2022-09-16,HDFCBANK,751.5499877929688,757.3499755859375,741.5,746.375,20560046,53.94138253252366,8.911135818028129,743.1700012207032,744.2389416257121,751.2999877929688
2022-09-19,HDFCBANK,744.5,757.0,740.0,751.2999877929688,12076038,56.456127111944745,8.417108067763593,743.4087493896484,744.9114222130698,760.3499755859375
2022-09-20,HDFCBANK,757.0,762.0,754.9500122070312,760.3499755859375,10781668,60.702123186502355,8.65606417776155,744.6674987792969,746.3817606295335,759.1749877929688
2022-09-21,HDFCBANK,754.0,760.75,752.5,759.1749877929688,9072304,59.88564365607142,8.65090467729226,745.9812469482422,747.6001632165273,743.0
2022-09-22,HDFCBANK,751.0,755.0750122070312,741.375,743.0,12048144,49.929447009979995,7.257964108798433,746.3099975585938,747.162052434001,723.0750122070312
2022-09-23,HDFCBANK,736.1749877929688,737.5,718.5,723.0750122070312,15806252,40.907292404656005,4.494459348188343,745.8424987792969,744.868048602861,713.3250122070312
2022-09-26,HDFCBANK,712.6749877929688,718.2249755859375,709.0,713.3250122070312,8923486,37.35062976654807,1.5003236030017888,744.88125,741.8639498984962,706.9249877929688
2022-09-27,HDFCBANK,716.2000122070312,720.0,703.5,706.9249877929688,12639700,35.18792473611826,-1.3731502087704257,744.2424987792969,738.5364296979698,694.7750244140625
2022-09-28,HDFCBANK,703.0,705.2999877929688,692.9500122070312,694.7750244140625,11816132,31.463306661777082,-4.578026767208257,741.8287506103516,734.3686768137882,691.1749877929688
2022-09-29,HDFCBANK,698.1500244140625,701.0999755859375,689.4000244140625,691.1749877929688,14410388,30.435331178800325,-7.323981103083497,739.5837493896485,730.2549921451387,710.6749877929688
2022-09-30,HDFCBANK,689.4000244140625,715.7249755859375,682.5,710.6749877929688,15781756,41.57106282101094,-7.8363501001015266,737.9799987792969,728.3902298258844,706.5999755859375
2022-10-03,HDFCBANK,704.9749755859375,708.9249877929688,700.5499877929688,706.5999755859375,11541112,40.12552407066527,-8.473547865276487,735.9337463378906,726.3149675173181,726.5
2022-10-04,HDFCBANK,714.75,729.0,713.0750122070312,726.5,11538526,49.38213143217688,-7.288745900513845,735.0249969482422,726.3325896585259,718.5
2022-10-06,HDFCBANK,729.9749755859375,731.2999877929688,717.0999755859375,718.5,12549198,46.28425255584877,-6.915596259739459,733.8924957275391,725.5866287386663,715.4000244140625
2022-10-07,HDFCBANK,715.125,717.4749755859375,710.1749877929688,715.4000244140625,13297994,45.1035028560314,-6.79172383852665,732.2224975585938,724.6164759458468,707.5
2022-10-10,HDFCBANK,704.0,713.0,699.0999755859375,707.5,13109302,42.152289544323416,-7.247475611763548,730.1324981689453,722.9863353795757,700.3250122070312
2022-10-11,HDFCBANK,700.5499877929688,708.5,699.7249755859375,700.3250122070312,14521620,39.61688057548699,-8.094317473291312,727.8099975585938,720.8281141250477,704.9000244140625
2022-10-12,HDFCBANK,701.5999755859375,707.4249877929688,698.6500244140625,704.9000244140625,9225050,42.01196602443678,-8.300596391325826,725.2274993896484,719.3111532001919,696.7999877929688
2022-10-13,HDFCBANK,701.0250244140625,703.125,692.0,696.7999877929688,14714234,39.0580671495684,-9.013774004672769,721.8512481689453,717.1672326852183,719.5
2022-10-14,HDFCBANK,708.5,723.5,707.625,719.5,12849920,49.72619406863308,-7.658983138162284,719.8087493896485,717.3894010009118,723.2750244140625
2022-10-17,HDFCBANK,717.5,728.7999877929688,713.5,723.2750244140625,18410500,51.254413123121495,-6.209113894752704,718.6537506103516,717.9499365640689,721.9249877929688
2022-10-18,HDFCBANK,729.0250244140625,731.4500122070312,720.0,721.9249877929688,10561108,50.66130929979955,-5.110112549664336,717.1850006103516,718.3285128715833,729.3250122070312
2022-10-19,HDFCBANK,732.0,738.7000122070312,726.7000122070312,729.3250122070312,12967040,53.816044224898754,-3.6005213710554926,715.6337524414063,719.3757985225783,724.4000244140625
2022-10-20,HDFCBANK,722.0,726.4500122070312,721.25,724.4000244140625,7898078,51.45782919180063,-2.7696381761878683,713.8950042724609,719.8542962265292,719.2999877929688
2022-10-21,HDFCBANK,726.0,728.8250122070312,717.0,719.2999877929688,10492606,49.06034869894017,-2.4939390140717705,712.7100036621093,719.8015049471425,730.5250244140625
2022-10-24,HDFCBANK,727.1500244140625,731.5,727.1500244140625,730.5250244140625,2167794,54.12635815435741,-1.3540699228216226,713.0825042724609,720.8227925154206,725.4500122070312
2022-10-25,HDFCBANK,730.5499877929688,733.9000244140625,722.5,725.4500122070312,13773394,51.62649257341789,-0.8504233758466171,713.688754272461,721.2634801050978,727.2000122070312
2022-10-27,HDFCBANK,732.25,733.6749877929688,725.625,727.2000122070312,15937276,52.442164603596574,-0.3065359287768388,714.702505493164,721.8288641148058,729.3499755859375
2022-10-28,HDFCBANK,725.0,733.5,723.7000122070312,729.3499755859375,10474278,53.479992793230025,0.29458705204569924,716.4312530517578,722.5451604453898,748.3499755859375
2022-10-31,HDFCBANK,736.0,749.0,733.625,748.3499755859375,12830528,61.4800992290158,2.2778647486780983,719.2900024414063,725.0027618873467,756.625
2022-11-01,HDFCBANK,751.75,764.5,749.4500122070312,756.625,19073756,64.35519674710572,4.465872130937214,721.5875030517578,728.0144036123613,757.0999755859375
2022-11-02,HDFCBANK,758.5,764.125,755.7999877929688,757.0999755859375,12720406,64.51889770117182,6.167119589637309,724.1125030517578,730.7844580860352,753.7750244140625
2022-11-03,HDFCBANK,748.8499755859375,760.125,748.5,753.7750244140625,10332352,62.35986690864977,7.16448693998359,725.4762542724609,732.9740358315617,748.5750122070312
2022-11-04,HDFCBANK,751.5999755859375,758.0499877929688,744.7999877929688,748.5750122070312,10818060,59.032745462703765,7.449437742799432,726.9800048828125,734.4598431054159,754.4000244140625
2022-11-07,HDFCBANK,755.0,756.0,746.0499877929688,754.4000244140625,9835834,61.51009599877818,8.052469257329562,728.9300048828125,736.3589079919536,754.1749877929688
2022-11-09,HDFCBANK,757.5250244140625,758.9749755859375,752.0,754.1749877929688,9269790,61.355731728752886,8.41521217492459,731.2637542724609,738.0556774968122,762.375
2022-11-10,HDFCBANK,748.5499877929688,763.5,747.5250244140625,762.375,12774182,64.82022280668863,9.257644640553735,734.3662536621093,740.3718034494968,805.5750122070312
2022-11-11,HDFCBANK,772.5,818.5,769.0,805.5750122070312,56722338,76.68109391074006,13.258324672697995,739.4000030517578,746.5816328549763,807.5250244140625
2022-11-14,HDFCBANK,806.0,814.0,799.0,807.5250244140625,19195390,77.05711284540654,16.39722510559193,744.9362548828125,752.385765384413,809.5
2022-11-15,HDFCBANK,811.5750122070312,811.5750122070312,802.625,809.5,11030202,77.45365267795984,18.827162527328937,749.4362548828125,757.8252163001832,816.4500122070312
2022-11-16,HDFCBANK,809.3250122070312,821.0,806.0,816.4500122070312,13578150,78.83967313767123,21.070822022101765,754.095004272461,763.4085301960736,809.0750122070312
2022-11-17,HDFCBANK,809.0499877929688,815.7750244140625,806.9500122070312,809.0750122070312,12100930,73.66463415976366,22.000232486415484,758.452505493164,767.757718959022,806.9500122070312
2022-11-18,HDFCBANK,810.5,811.5,802.625,806.9500122070312,10459232,72.19417634688159,22.308172508468488,762.3337554931641,771.4903183159753,798.6749877929688
2022-11-21,HDFCBANK,803.8250122070312,806.0,795.0999755859375,798.6749877929688,8344816,66.61748274700417,21.635095962704895,766.0475036621094,774.0793344566414,797.5
2022-11-22,HDFCBANK,800.0,802.1749877929688,795.5,797.5,8546314,65.83978334469755,20.76747176857691,769.9575042724609,776.3098740321993,799.5750122070312
2022-11-23,HDFCBANK,802.5,802.5,797.0,799.5750122070312,10185738,66.58174138799396,20.01657091768618,773.4100036621094,778.5256014774214,812.5750122070312
2022-11-24,HDFCBANK,802.9749755859375,816.0,799.5750122070312,812.5750122070312,17197960,70.85303520372423,20.237186251971934,777.7662536621094,781.768402499289,808.8250122070312
2022-11-25,HDFCBANK,814.8499755859375,815.8499755859375,807.0499877929688,808.8250122070312,8410496,68.14723053861282,19.88026451955227,781.8475036621094,784.3452224714549,800.125
2022-11-28,HDFCBANK,801.4500122070312,803.7249755859375,797.0250244140625,800.125,16105980,62.211403237847186,18.680051196787304,785.3862548828125,785.8480584265544,798.9249877929688
2022-11-29,HDFCBANK,798.625,806.1749877929688,796.4249877929688,798.9249877929688,12638236,61.41676317756401,17.43110757757256,787.915005493164,787.0934802709749,804.2249755859375
2022-11-30,HDFCBANK,798.5499877929688,806.4500122070312,798.5499877929688,804.2249755859375,15184806,63.626590595604355,16.676736445403776,790.2950042724609,788.7250512533523,809.75
2022-12-01,HDFCBANK,811.0,818.5,807.5,809.75,20446366,65.82406639928372,16.336399341317588,792.9275054931641,790.7274273244616,803.5499877929688
2022-12-02,HDFCBANK,805.0,809.2999877929688,802.5750122070312,803.5499877929688,7811078,61.34524232672377,15.388995800617181,795.4162536621094,791.9486235595575,806.4749755859375
2022-12-05,HDFCBANK,804.9749755859375,807.2999877929688,798.0999755859375,806.4749755859375,11592622,62.636874030765384,14.704687257335308,798.3112518310547,793.332085657308,805.5750122070312
2022-12-06,HDFCBANK,800.5,806.8499755859375,800.0,805.5750122070312,12353092,61.95096068967038,13.929181351234888,800.8700012207031,794.4980786620436,805.2249755859375
2022-12-07,HDFCBANK,807.0750122070312,809.2999877929688,802.2249755859375,805.2249755859375,11674720,61.668099691919316,13.134930995185982,803.4225006103516,795.5196878928906,809.75
2022-12-08,HDFCBANK,805.0,813.0,802.5,809.75,14803634,63.95903864887229,12.723939860426867,805.7912506103515,796.8749557126152,815.5250244140625
2022-12-09,HDFCBANK,813.0,817.4249877929688,810.0,815.5250244140625,11963384,66.69482668853237,12.717621803712518,806.2887512207031,798.6511527318007,821.875
2022-12-12,HDFCBANK,812.5,826.7999877929688,810.7000122070312,821.875,14434808,69.44158135210817,13.07429235526513,807.00625,800.8629477097245,824.1500244140625
2022-12-13,HDFCBANK,825.0,828.5,822.5,824.1500244140625,17031702,70.38397769163804,13.386223739452248,807.7387512207031,803.0807645387091,831.125
2022-12-14,HDFCBANK,826.5,832.75,825.0,831.125,14227640,73.12087873058226,14.034473175634275,808.4725006103515,805.7516441064511,815.9000244140625
2022-12-15,HDFCBANK,828.5250244140625,834.7000122070312,813.5250244140625,815.9000244140625,18182648,60.07126294652813,13.167895927318796,808.8137512207031,806.7181565166998,819.8250122070312
2022-12-16,HDFCBANK,810.0250244140625,822.5499877929688,804.5,819.8250122070312,14647958,61.95624032068882,12.651996586028417,809.4575012207031,807.9664284872076,822.375
2022-12-19,HDFCBANK,822.0,823.3250122070312,813.0999755859375,822.375,9604542,63.17263819048191,12.307037477778294,810.6425018310547,809.3386733931878,816.7000122070312
2022-12-20,HDFCBANK,810.0999755859375,818.2000122070312,810.0999755859375,816.7000122070312,7174698,58.67622800959286,11.443813651900541,811.6025024414063,810.0397532802206,808.7999877929688
2022-12-21,HDFCBANK,820.5,822.4000244140625,803.2750244140625,808.7999877929688,9269198,53.018847658141524,10.006883480055308,812.0637512207031,809.9216803766727,806.0250244140625
2022-12-22,HDFCBANK,811.0999755859375,813.75,804.5,806.0250244140625,9747096,51.15315906638425,8.545680329664833,811.7362518310547,809.5505702849956,798.8250122070312
2022-12-23,HDFCBANK,793.5,802.0750122070312,792.7249755859375,798.8250122070312,10693152,46.57373752292403,6.729116428032626,811.2362518310547,808.5290885632847,814.7249755859375
2022-12-26,HDFCBANK,799.75,819.5,795.0,814.7249755859375,9907322,55.95181392636317,6.497570661503687,811.9662506103516,809.1191730416326,815.5499877929688
2022-12-27,HDFCBANK,816.5,817.9749755859375,806.75,815.5499877929688,7926772,56.379669173084345,6.307926710949346,812.7975006103516,809.7316315893789,814.9000244140625
2022-12-28,HDFCBANK,811.5499877929688,816.5,811.5499877929688,814.9000244140625,8691870,55.918839769409644,6.035611133013049,813.3312530517578,810.223859477444,820.6500244140625
2022-12-29,HDFCBANK,810.0499877929688,821.75,805.5,820.6500244140625,11012896,59.10352950111053,6.2121660376726595,813.876254272461,811.2168275666457,814.0750122070312
2022-12-30,HDFCBANK,822.5,822.5,810.0,814.0750122070312,7122640,54.2748728259803,5.755196216686272,814.4025054931641,811.4890356276348,814.3499755859375
2023-01-02,HDFCBANK,813.5,819.875,809.2750244140625,814.3499755859375,4381378,54.44249667254656,5.3535195470891495,814.796255493164,811.7615060998542,819.6749877929688
2023-01-03,HDFCBANK,811.0999755859375,821.5,811.0999755859375,819.6749877929688,8378030,57.678246722248105,5.402594132471563,815.501254272461,812.515171023008,805.0250244140625
2023-01-04,HDFCBANK,817.5,822.875,803.5,805.0250244140625,10351600,47.65088585895745,4.210816810081155,815.4912567138672,811.801823726918,799.8499755859375
2023-01-05,HDFCBANK,807.5,809.0250244140625,794.7000122070312,799.8499755859375,10941436,44.69494591411812,2.816277214396905,814.9962554931641,810.663552475396,797.2000122070312
2023-01-06,HDFCBANK,801.0,804.5499877929688,789.0999755859375,797.2000122070312,9092462,43.21656951322374,1.4802017947953345,814.0800048828125,809.3813105450756,798.75
2023-01-09,HDFCBANK,798.0,805.7750244140625,795.0,798.75,10729340,44.37552202877989,0.5401964119848799,812.9237548828125,808.3688047788779,784.1500244140625
2023-01-10,HDFCBANK,800.0,800.0,782.5,784.1500244140625,16371766,36.76394482237046,-1.3671015433628781,810.9237548828125,806.0622542679431,795.4500122070312
2023-01-11,HDFCBANK,783.9749755859375,799.0,780.0,795.4500122070312,15195798,44.673864063281876,-1.9444202708388048,809.140005493164,805.0515645478563,799.7000122070312
2023-01-12,HDFCBANK,793.9000244140625,801.9500122070312,792.0750122070312,799.7000122070312,9250070,47.34176217947539,-2.0355455385667938,808.3300048828125,804.541892896349,800.3250122070312
2023-01-13,HDFCBANK,799.375,804.9500122070312,793.0,800.3250122070312,9244546,47.74085778748705,-2.0338853290822954,807.3550048828125,804.1402852116521,792.6500244140625
2023-01-16,HDFCBANK,807.5,810.6500244140625,790.1500244140625,792.6500244140625,14748094,43.39175017541855,-2.6216561532377227,805.8687561035156,803.0459746595008,804.4500122070312
2023-01-17,HDFCBANK,794.9000244140625,805.5,788.75,804.4500122070312,10786354,50.81109622580709,-2.110974369268206,805.2562561035156,803.1796925211703,818.6500244140625
2023-01-18,HDFCBANK,802.5,820.7999877929688,799.8499755859375,818.6500244140625,19090642,57.95298261640306,-0.5540463639531481,805.7487579345703,804.6530574633505,822.0499877929688
2023-01-19,HDFCBANK,818.5,825.0,816.5,822.0499877929688,11172162,59.47034362539791,0.9433050933882896,806.5500061035157,806.3099079709332,830.4749755859375
2023-01-20,HDFCBANK,822.0499877929688,834.5,821.7000122070312,830.4749755859375,18843404,63.03055946689983,2.777772582272746,808.1325042724609,808.611342981886,836.5499877929688
2023-01-23,HDFCBANK,833.125,841.2999877929688,830.7000122070312,836.5499877929688,15444400,65.39131523639992,4.667994265779953,809.2237548828125,811.2721662972272,847.75
2023-01-24,HDFCBANK,837.5250244140625,851.2000122070312,837.5,847.75,24983940,69.2854291962322,6.989188931586909,810.8337554931641,814.7462456974912,824.3250122070312
2023-01-25,HDFCBANK,845.7000122070312,846.4749755859375,822.6500244140625,824.3250122070312,14704142,55.2763785669874,6.8594798693858365,811.3050048828125,815.6585091745903,807.9000244140625
2023-01-27,HDFCBANK,816.0,818.5,794.9749755859375,807.9000244140625,35179948,47.954733953449775,5.369429813015586,810.6675048828125,814.9196058640639,807.0750122070312
2023-01-30,HDFCBANK,797.5,812.6500244140625,791.0,807.0750122070312,18512822,47.6135881948536,4.0750086547512865,810.3175048828125,814.1725017062513,801.75
2023-01-31,HDFCBANK,809.8499755859375,811.3499755859375,797.5,801.75,18596244,45.370103176741026,2.5896348799974476,809.6875061035156,812.989406305656,813.7750244140625
2023-02-01,HDFCBANK,812.0,832.5,803.0,813.7750244140625,17302790,50.98650273556666,2.355630196283755,809.3925079345703,813.0642270778851,801.6749877929688
2023-02-02,HDFCBANK,804.0499877929688,812.25,794.375,801.6749877929688,17497106,45.87563008346589,1.1802033182294736,809.2250061035156,811.9795376221788,829.4000244140625
2023-02-03,HDFCBANK,805.5,830.25,803.5,829.4000244140625,14411100,56.608475448071005,2.4575190465850483,810.7025085449219,813.6386316023581,825.875
2023-02-06,HDFCBANK,830.0,834.7000122070312,823.0999755859375,825.875,11167672,55.11208963913341,3.1490605437863906,812.1362579345703,814.8040000211812,827.0999755859375
2023-02-07,HDFCBANK,829.7000122070312,832.4500122070312,816.2999877929688,827.0999755859375,10264588,55.55179958756678,3.752698680428807,813.5537567138672,815.9750453130628,827.0
2023-02-08,HDFCBANK,827.125,834.0999755859375,825.0,827.0,8444826,55.50401228792469,4.174893485126063,815.696255493164,817.0250409975329,825.2750244140625
2023-02-09,HDFCBANK,830.0,830.8250122070312,817.7750244140625,825.2750244140625,11777336,54.63078860566923,4.320490866735668,817.1875061035156,817.8107537038691,828.5499877929688
2023-02-10,HDFCBANK,824.4000244140625,829.25,821.0999755859375,828.5499877929688,8172116,56.04469482590686,4.646577166123279,818.6300048828125,818.8335379028309,829.1749877929688
2023-02-13,HDFCBANK,827.5,830.875,822.2750244140625,829.1749877929688,5736944,56.324435843795946,4.898962988536596,820.0725036621094,819.8184378923678,836.8499755859375
2023-02-14,HDFCBANK,832.5,838.75,828.9749755859375,836.8499755859375,10908592,59.71499000564282,5.653122268914444,822.2825012207031,821.4404891012791,835.1500244140625
2023-02-15,HDFCBANK,839.0,839.0,828.375,835.1500244140625,11438712,58.629338119042494,6.043956115683045,823.8175018310546,822.746159131068,832.125
2023-02-16,HDFCBANK,836.5999755859375,840.9500122070312,830.5,832.125,8062500,56.65543459246168,6.039975488346613,824.4912506103516,823.6393820709662,827.9500122070312
2023-02-17,HDFCBANK,830.5,834.0750122070312,821.4749755859375,827.9500122070312,8956270,53.95547383613097,5.634977674460401,824.7862518310546,824.0499182744011,820.1749877929688
2023-02-20,HDFCBANK,830.0,834.7249755859375,817.4000244140625,820.1749877929688,8086706,49.24851647741214,4.633225557337141,824.2712524414062,823.6808772761694,823.25
2023-02-21,HDFCBANK,820.0,831.1749877929688,817.0,823.25,12389296,51.066705274208026,4.040876860353023,823.6062530517578,823.6398413451058,807.0999755859375
2023-02-22,HDFCBANK,819.5,820.9749755859375,804.5250244140625,807.0999755859375,10359102,42.46256498830872,2.242415086262554,821.5737518310547,822.0646160347088,801.625
2023-02-23,HDFCBANK,806.5,809.4249877929688,796.0499877929688,801.625,27882010,40.0019455781207,0.3710590616864238,820.4387512207031,820.1179859361652,794.4749755859375
2023-02-24,HDFCBANK,808.9500122070312,808.9500122070312,792.5999755859375,794.4749755859375,17061740,36.98752713061392,-1.6697039770567699,819.7674987792968,817.6757944742387,796.4500122070312
2023-02-27,HDFCBANK,792.9500122070312,799.5,788.6500244140625,796.4500122070312,14312972,38.36909828628267,-3.092011653283407,819.2362487792968,815.6542914011713,799.7999877929688
2023-02-28,HDFCBANK,796.0,802.6500244140625,794.3499755859375,799.7999877929688,18993992,40.74234226610193,-3.9038841545453806,819.1387481689453,814.1443577241996,799.0250244140625
2023-03-01,HDFCBANK,806.0,806.5,797.875,799.0250244140625,14137256,40.35520264546198,-4.557298330722688,818.4012481689454,812.7044212184722,792.2249755859375
2023-03-02,HDFCBANK,797.0,802.9749755859375,791.0,792.2249755859375,17391814,37.03019140049535,-5.559751528196671,817.9287475585937,810.7539978248975,807.9500122070312
2023-03-03,HDFCBANK,798.0,810.0,794.0,807.9500122070312,14986234,47.7511709077085,-5.027371464954285,816.8562469482422,810.4869515755769,813.6500244140625
2023-03-06,HDFCBANK,810.0,819.7249755859375,809.0250244140625,813.6500244140625,27004710,51.00730461086006,-4.098270766810856,816.2449981689454,810.7881966078136,815.2750244140625
2023-03-08,HDFCBANK,810.0,819.75,810.0,815.2750244140625,20099774,51.92709381510294,-3.1940092994127554,815.6537506103516,811.2155135417421,815.3499755859375
2023-03-09,HDFCBANK,814.9749755859375,822.9749755859375,813.5,815.3499755859375,20700166,51.97188187910883,-2.443164360539299,815.0712493896484,811.6092718316654,794.3250122070312
2023-03-10,HDFCBANK,805.2249755859375,806.875,792.5,794.3250122070312,27387000,40.55704476668436,-3.5042582607588884,813.5237487792969,809.9631518674146,784.2750244140625
2023-03-13,HDFCBANK,793.9500122070312,801.9000244140625,782.4749755859375,784.2750244140625,26443550,36.437367130736206,-5.0973734964295545,811.3100006103516,807.516663538524,782.1749877929688
2023-03-14,HDFCBANK,785.125,791.7999877929688,779.6500244140625,782.1749877929688,33185612,35.62308578489379,-6.454975266270935,808.9600006103516,805.1031706103759,770.9500122070312
2023-03-15,HDFCBANK,789.0,791.4500122070312,768.2999877929688,770.9500122070312,37264754,31.562885830263667,-8.340502052731267,805.6650024414063,801.8504888576764,775.9500122070312
2023-03-16,HDFCBANK,769.5,779.5499877929688,766.0250244140625,775.9500122070312,21753342,35.11067980836981,-9.3238577737161,802.7050018310547,799.3837767957102,786.3250122070312
2023-03-17,HDFCBANK,778.75,789.5999755859375,770.0,786.3250122070312,22950876,41.84726259863231,-9.160403050570608,800.4150024414063,798.1400849301217,780.875
2023-03-20,HDFCBANK,783.9749755859375,784.0499877929688,772.7000122070312,780.875,26503114,39.525903711651125,-9.362706984273245,798.0612518310547,796.4957911272529,789.7249755859375
2023-03-21,HDFCBANK,785.9749755859375,791.25,778.0999755859375,789.7249755859375,33050494,44.87357095998263,-8.708528743318311,796.5387512207031,795.8509515518896,787.9000244140625
2023-03-22,HDFCBANK,792.0,793.0250244140625,782.6500244140625,787.9000244140625,14177324,44.00933241983434,-8.242333591115084,794.7712524414062,795.0937203959061,781.5750122070312
2023-03-23,HDFCBANK,783.875,795.1749877929688,779.2750244140625,781.5750122070312,28364178,41.05788928691264,-8.287710629794788,793.495004272461,793.8062243779179,780.3250122070312
2023-03-24,HDFCBANK,780.0,786.9500122070312,777.4749755859375,780.3250122070312,31477748,40.480106480984695,-8.328530695657264,792.4300048828125,792.522299409262,783.7249755859375
2023-03-27,HDFCBANK,781.0999755859375,789.7249755859375,779.4500122070312,783.7249755859375,31872006,42.83643692836691,-7.994378048136241,791.8925048828125,791.6844590451359,790.0999755859375
2023-03-28,HDFCBANK,782.8499755859375,791.4500122070312,782.0499877929688,790.0999755859375,39276302,47.06783911818832,-7.132926508931632,791.5750030517578,791.5335558585455,793.9000244140625
2023-03-29,HDFCBANK,792.0,801.0,790.9500122070312,793.9000244140625,39763612,49.468975299767436,-6.073575379289309,791.2800048828125,791.7589338162137,804.7750244140625
2023-03-31,HDFCBANK,797.7999877929688,806.4749755859375,796.2000122070312,804.7750244140625,34711228,55.666946890183,-4.306863521258606,791.5675048828125,792.9985614921993,805.2750244140625
2023-04-03,HDFCBANK,803.7750244140625,807.8499755859375,801.375,805.2750244140625,40025398,55.93456466976039,-2.833720458456469,792.2200073242187,794.1677484371387,826.875
2023-04-05,HDFCBANK,809.2999877929688,828.0,808.0,826.875,43365392,65.59639165301456,0.07581954299837435,793.1662567138671,797.2827247764588,833.1749877929688
2023-04-06,HDFCBANK,824.2750244140625,834.5999755859375,823.5499877929688,833.1749877929688,44637344,67.81311392673142,2.8570727636000584,794.1425048828125,800.701035539936,829.2249755859375
2023-04-10,HDFCBANK,831.625,835.5,827.0,829.2249755859375,31813286,64.98583031675113,4.688457387002359,794.8400024414062,803.4176012586028,831.6500244140625
2023-04-11,HDFCBANK,829.5,834.7000122070312,825.5499877929688,831.6500244140625,42361542,65.9251141154138,6.26332436442442,795.6550048828125,806.1064034638846,842.4500122070312
2023-04-12,HDFCBANK,834.0,844.0999755859375,833.9000244140625,842.4500122070312,26955504,69.80940806219029,8.287355075354412,798.0612548828125,809.5676995346604,846.2249755859375
2023-04-13,HDFCBANK,844.1500244140625,848.5250244140625,839.0750122070312,846.2249755859375,35330086,71.05156626222998,10.079828009296648,801.1587524414062,813.0588686824011,833.3250122070312
2023-04-17,HDFCBANK,860.0,860.0,826.6500244140625,833.3250122070312,32405148,61.70810274171279,10.340260402993408,803.7162536621094,814.9889775895087,829.7999877929688
2023-04-18,HDFCBANK,835.0,838.625,828.2000122070312,829.7999877929688,29637226,59.409069127778125,10.145266622540134,806.6587524414062,816.3995499898383,832.8499755859375
2023-04-19,HDFCBANK,832.5,835.1500244140625,828.5750122070312,832.8499755859375,24741168,60.77092712893223,10.120182013105136,809.5037506103515,817.9662571894669,835.9500122070312
2023-04-20,HDFCBANK,835.8499755859375,838.7249755859375,833.2000122070312,835.9500122070312,32922716,62.16056260480864,10.232495488158065,811.9850006103516,819.6789957625682,837.2999877929688
2023-04-21,HDFCBANK,834.5,838.4749755859375,831.625,837.2999877929688,20128618,62.77890043916814,10.311571100958986,814.80625,821.3571854797492,844.0750122070312
2023-04-24,HDFCBANK,843.5,845.7249755859375,837.0499877929688,844.0750122070312,35675852,65.79943662922061,10.796471934891201,817.5237518310547,823.5207880252046,832.0750122070312
2023-04-25,HDFCBANK,843.8499755859375,843.8499755859375,830.9500122070312,832.0750122070312,50353068,56.97944585188435,10.096078321192635,819.7325012207032,824.3354760425215,835.9000244140625
2023-04-26,HDFCBANK,830.0,837.5,827.5,835.9000244140625,27392750,58.87188125185174,9.73741104126384,822.4487518310547,825.4368616017158,840.5
2023-04-27,HDFCBANK,835.25,842.625,832.9249877929688,840.5,47790392,61.088690353702816,9.712385885311619,825.4575012207031,826.8714462110762,843.7999877929688
2023-04-28,HDFCBANK,842.3499755859375,845.5,835.0,843.7999877929688,27916272,62.64425595952867,9.845343710881593,828.4612518310547,828.4836882664946,843.625
2023-05-02,HDFCBANK,844.3499755859375,849.5,841.0,843.625,32221184,62.501569254525116,9.82335615813247,831.1375030517578,829.9257179553998,846.5750122070312
2023-05-03,HDFCBANK,842.4749755859375,848.0,839.8250122070312,846.5750122070312,29407270,63.99065010057173,9.92951097339835,833.7712524414062,831.5113650269838,863.9000244140625
2023-05-04,HDFCBANK,843.5499877929688,867.2249755859375,843.5499877929688,863.9000244140625,56854638,71.21908401889658,11.281576136080389,836.7275024414063,834.5959992543246,812.8250122070312
2023-05-05,HDFCBANK,819.5,830.4749755859375,811.0499877929688,812.8250122070312,62770416,43.497702650444296,8.137961530372195,837.1050018310547,832.5225719164871,822.2249755859375
2023-05-08,HDFCBANK,817.5,825.1749877929688,815.0,822.2249755859375,37244524,47.54450366713947,6.332129940395248,836.8725006103516,831.5418484564348,822.25
2023-05-09,HDFCBANK,824.9500122070312,828.0,819.9749755859375,822.25,43688938,47.555272534210694,4.847139845205788,836.3262512207032,830.6569105082029,826.0499877929688
2023-05-10,HDFCBANK,822.25,827.3250122070312,816.5499877929688,826.0499877929688,46340550,49.258775623075046,3.9315809353630584,836.1675018310547,830.2181559638949,826.5999755859375
2023-05-11,HDFCBANK,832.5750122070312,844.0,824.625,826.5999755859375,35734618,49.51437767669846,3.2133320301064714,835.9149993896484,829.8735673564703,833.9000244140625
2023-05-12,HDFCBANK,823.5,836.4000244140625,822.125,833.9000244140625,22478760,52.90540916376333,3.196322315352859,835.4875,830.2570394571934,837.9000244140625
2023-05-15,HDFCBANK,836.0,840.375,832.5499877929688,837.9000244140625,18512260,54.70085784258252,3.4656586093167334,835.0712524414063,830.9849427864191,823.6500244140625
2023-05-16,HDFCBANK,835.9000244140625,835.9000244140625,822.0,823.6500244140625,32722086,47.72093715273725,2.5004302514901156,834.5875030517578,830.2863791319089,819.2249755859375
2023-05-17,HDFCBANK,825.0,825.0,812.6749877929688,819.2249755859375,30466868,45.76792278138403,1.36270692785547,834.0587524414062,829.2329121275307,822.5
2023-05-18,HDFCBANK,824.0,826.9749755859375,820.0,822.5,49646942,47.4810654810563,0.7170543406267598,833.5412536621094,828.5916824010992,823.4500122070312
2023-05-19,HDFCBANK,824.0,825.0,815.7750244140625,823.4500122070312,30460332,47.99426690257845,0.278814064121093,832.9162536621094,828.1019995254737,820.5250244140625
2023-05-22,HDFCBANK,822.5,826.4500122070312,816.3499755859375,820.5250244140625,28334032,46.48803215444238,-0.3010463076700489,832.077505493164,827.3803828481965,818.5999755859375
2023-05-23,HDFCBANK,824.5,824.7999877929688,816.7249755859375,818.5999755859375,22470074,45.476470344811865,-0.9054872882950349,830.8037536621093,826.5441535851243,807.9000244140625
2023-05-24,HDFCBANK,813.7750244140625,817.375,806.7999877929688,807.9000244140625,33588112,40.23578088821205,-2.2222905741388104,829.595004272461,824.7685222354994,804.7999877929688
2023-05-25,HDFCBANK,807.8499755859375,810.0250244140625,798.6749877929688,804.7999877929688,29776930,38.83927583400057,-3.4759451801248815,828.0400024414063,822.8667570504964,807.9000244140625
2023-05-26,HDFCBANK,809.5,809.5,801.125,807.9000244140625,26635066,41.04296528647888,-4.171244925238852,826.4100036621094,821.4413539422646,817.75
2023-05-29,HDFCBANK,814.25,820.5,812.4249877929688,817.75,21816292,47.51400707989901,-3.882706844894642,825.1075042724609,821.0897964239538,818.375
2023-05-30,HDFCBANK,816.7999877929688,821.3250122070312,814.2750244140625,818.375,37125928,47.9047277893287,-3.562539325025,823.845004272461,820.8312443835772,805.4249877929688
2023-05-31,HDFCBANK,814.9500122070312,817.4749755859375,802.3250122070312,805.4249877929688,43334270,41.08076864481547,-4.304146494633528,821.7875030517578,819.3639818511383,802.0
2023-06-01,HDFCBANK,809.9500122070312,809.9500122070312,800.0,802.0,50366938,39.47900733548596,-5.109346049810142,818.6925018310546,817.7102692938871,803.25
2023-06-02,HDFCBANK,806.2249755859375,807.4000244140625,800.5,803.25,17859710,40.39248083696906,-5.582259136631478,818.2137512207031,816.3331007897074,802.2000122070312
2023-06-05,HDFCBANK,807.25,808.25,801.2249755859375,802.2000122070312,18697242,39.84840458569527,-5.972919309088752,817.2125030517578,814.987092353262,799.7000122070312
2023-06-06,HDFCBANK,803.8250122070312,804.9249877929688,796.125,799.7000122070312,32182852,38.51806016935129,-6.4103548366937275,816.0850036621093,813.5311799583828,803.8499755859375
2023-06-07,HDFCBANK,801.7249755859375,806.2750244140625,798.0,803.8499755859375,24949026,41.98075459706406,-6.348971292919373,814.9750030517578,812.6091604943405,804.3499755859375
2023-06-08,HDFCBANK,801.625,813.0,801.625,804.3499755859375,37395522,42.40166240190471,-6.188639783775216,813.8625030517578,811.822571455445,805.2999877929688
2023-06-09,HDFCBANK,807.9500122070312,809.25,803.5,805.2999877929688,18212578,43.24416124611981,-5.916713669967294,812.4325012207031,811.2013730113996,800.4000244140625
2023-06-12,HDFCBANK,806.2750244140625,807.9000244140625,799.7249755859375,800.4000244140625,13408292,39.994708454099296,-6.027119478036525,810.5575012207031,810.1726731449864,801.75
2023-06-13,HDFCBANK,795.0499877929688,804.5,795.0499877929688,801.75,27926108,41.30332974754948,-5.937244272625321,809.4625,809.3705137978449,800.875
2023-06-14,HDFCBANK,805.2249755859375,806.0,800.0999755859375,800.875,20113968,40.684009889315355,-5.86896889205957,808.5450012207032,808.5614172456692,791.0250244140625
2023-06-15,HDFCBANK,802.0,802.9749755859375,789.5,791.0250244140625,35377476,34.42609699726803,-6.534346986596347,806.9712524414062,806.89128459504,801.375
2023-06-16,HDFCBANK,793.5750122070312,804.5999755859375,792.0,801.375,15779272,44.1476580007842,-6.15555003971599,805.8675018310547,806.3659241574171,802.0750122070312
2023-06-19,HDFCBANK,805.5,807.125,799.1749877929688,802.0750122070312,24829146,44.744326105780154,-5.732781656958537,804.9450012207031,805.957265876428,803.75
2023-06-20,HDFCBANK,802.0750122070312,805.5,795.3250122070312,803.75,20005626,46.224678685315624,-5.202604762117403,804.2025024414063,805.7470500786729,817.7999877929688
2023-06-21,HDFCBANK,808.0,818.625,805.5,817.7999877929688,24308946,56.703065322821075,-3.6071383138755664,804.6975006103515,806.8949489086059,821.7999877929688
2023-06-22,HDFCBANK,820.0,828.7750244140625,819.5250244140625,821.7999877929688,56596140,59.14389297883011,-1.9969336799097164,805.5475006103516,808.3144764214023,821.75
2023-06-23,HDFCBANK,818.7750244140625,829.9500122070312,817.0250244140625,821.75,21339218,59.09905467724547,-0.7166078939919771,806.2399993896485,809.5940500955544,817.7750244140625
2023-06-26,HDFCBANK,822.5,825.375,814.3499755859375,817.7750244140625,16130314,55.49611481769187,-0.022429243572901214,806.2412506103516,810.3731905068408,829.2999877929688
2023-06-27,HDFCBANK,821.4749755859375,836.4500122070312,819.2750244140625,829.2999877929688,33831864,62.61295745089197,1.4410688203840891,806.7875,812.1757426293292,838.0750122070312
2023-06-28,HDFCBANK,835.0,839.9500122070312,830.25,838.0750122070312,59562950,66.94700540026906,3.2712636235191894,808.4200012207032,814.6423397319675,850.7000122070312
2023-06-30,HDFCBANK,852.0,854.4000244140625,841.625,850.7000122070312,40699016,71.97982319360042,5.675020080408217,810.8550018310547,818.0764037772117,859.9000244140625
2023-07-03,HDFCBANK,856.25,878.75,855.0,859.9000244140625,44104116,74.9706524725504,8.22753656792895,813.6875030517579,822.0596057426261,864.0999755859375
2023-07-04,HDFCBANK,861.7249755859375,873.5,856.9000244140625,864.0999755859375,38795188,76.21860646029867,10.468649162256384,816.7825012207031,826.0634504896082,836.6500244140625
2023-07-05,HDFCBANK,858.125,860.0,834.2750244140625,836.6500244140625,37165754,56.41900374808878,9.915466068178262,818.6300018310546,827.0716956252704,837.5
2023-07-06,HDFCBANK,836.5,843.9249877929688,830.2000122070312,837.5,52156544,56.793283466637334,9.43686806607559,820.3125030517579,828.0648674704828,830.2000122070312
2023-07-07,HDFCBANK,832.5,837.5,828.1500244140625,830.2000122070312,19926336,52.61400893603272,8.372020256828819,821.6050048828125,828.2682145882493,828.2249755859375
2023-07-10,HDFCBANK,830.5,838.375,824.8499755859375,828.2249755859375,38398442,51.509600273852236,7.284777368051664,822.751254272461,828.2640965880291,824.2000122070312
2023-07-11,HDFCBANK,831.5,838.0,822.75,824.2000122070312,50670426,49.241156004673385,6.028851788292968,823.9412536621094,827.877040932696,816.4749755859375
2023-07-12,HDFCBANK,827.6749877929688,833.1500244140625,813.5750122070312,816.4749755859375,70958358,45.132908908509165,4.359917409439731,824.6775024414062,826.7911299472904,820.5499877929688
2023-07-13,HDFCBANK,828.3499755859375,828.7249755859375,819.0250244140625,820.5499877929688,41913546,47.615712738742886,3.3277342697659833,825.6612518310546,826.1967354564026,822.25
2023-07-14,HDFCBANK,826.7999877929688,826.7999877929688,817.5,822.25,24727214,48.65946792271844,2.616734387451288,827.2225006103515,825.8208558891263,839.4500122070312
2023-07-17,HDFCBANK,825.0,841.0,816.5,839.4500122070312,49252928,57.81731218528492,3.401943608563897,829.1262512207031,827.1188707765458,838.75
2023-07-18,HDFCBANK,849.0,852.0,835.0,838.75,81076818,57.36880415086714,3.9225260005149494,830.9600006103516,828.2265973692557,842.5499877929688
2023-07-19,HDFCBANK,840.5499877929688,844.375,837.5,842.5499877929688,32935134,59.21824119449232,4.588821476263206,832.9,829.5907297905617,844.375
2023-07-20,HDFCBANK,840.5750122070312,846.0,840.0,844.375,56210948,60.11321298514819,5.204138603677961,834.2287506103515,830.9987555247939,837.875
2023-07-21,HDFCBANK,840.0,844.9000244140625,836.625,837.875,42154248,55.44611635145335,5.108399730812835,835.0325012207031,831.6536359510039,839.2000122070312
2023-07-24,HDFCBANK,839.25,842.3250122070312,835.0499877929688,839.2000122070312,32179444,56.19276097217967,5.080874240316348,835.9050018310547,832.372338451578,848.2999877929688
2023-07-25,HDFCBANK,842.3250122070312,849.5,839.2000122070312,848.2999877929688,55992596,61.0237243320448,5.727330962704968,837.43125,833.8892574364725,845.3499755859375
2023-07-26,HDFCBANK,849.7999877929688,849.7999877929688,844.0,845.3499755859375,24794358,58.76143311417636,5.933216811734042,838.2337493896484,834.9807544030882,836.5750122070312
2023-07-27,HDFCBANK,849.9500122070312,851.5,833.7249755859375,836.5750122070312,59741302,52.52389891342134,5.326911303547945,838.1587493896484,835.1325884796543,821.75
2023-07-28,HDFCBANK,830.75,834.4500122070312,820.5499877929688,821.75,41015684,44.02185522474532,3.608558022173952,836.7112487792969,833.8580562434968,825.5999755859375
2023-07-31,HDFCBANK,825.0250244140625,828.4000244140625,819.3499755859375,825.5999755859375,34565006,46.44625278883446,2.528267229979406,834.9962463378906,833.0715723713482,831.125
2023-08-01,HDFCBANK,827.2249755859375,833.7249755859375,825.0,831.125,35394188,49.80593801729159,2.09381608131946,833.3474975585938,832.8861845264579,820.25
2023-08-02,HDFCBANK,821.0,825.75,816.5750122070312,820.25,28116322,43.96009563271418,0.8620516077959337,832.5274963378906,831.682738381081,814.3250122070312
2023-08-03,HDFCBANK,820.0,825.6749877929688,811.5,814.3250122070312,57673946,41.12776490509095,-0.5854785769712407,831.3687469482422,830.0296216026001,826.0999755859375
2023-08-04,HDFCBANK,817.5750122070312,828.25,814.625,826.0999755859375,37388304,48.26206271135769,-0.7735979840758773,831.1637451171875,829.6553696010131,825.625
2023-08-07,HDFCBANK,831.5499877929688,831.5499877929688,823.7750244140625,825.625,28300918,48.0093292451713,-0.9500588428328456,831.0337463378906,829.2715248771071,824.9500122070312
2023-08-08,HDFCBANK,825.8499755859375,827.7999877929688,821.0250244140625,824.9500122070312,43773828,47.627626635301574,-1.1313299510665047,831.0712463378907,828.8599522418618,825.25
2023-08-09,HDFCBANK,826.5,827.25,815.5499877929688,825.25,33361236,47.826165072211595,-1.2365281754449597,831.5099975585938,828.5161472664464,817.9249877929688
2023-08-10,HDFCBANK,823.5250244140625,827.125,815.5,817.9249877929688,50781118,43.49076806139464,-1.8891884056420167,831.3787475585938,827.5074654118295,809.4000244140625
2023-08-11,HDFCBANK,819.2000122070312,819.2000122070312,808.0999755859375,809.4000244140625,28225822,39.053715933381646,-3.0590567369554265,830.7362487792968,825.7829472215659,805.4500122070312
2023-08-14,HDFCBANK,805.5,807.5,800.125,805.4500122070312,31304410,37.161870636220506,-4.255859887839279,829.0362487792969,823.8464772201816,803.0999755859375
2023-08-16,HDFCBANK,791.5499877929688,804.8250122070312,790.6500244140625,803.0999755859375,34137542,36.0431869199518,-5.332493655167809,827.2537475585938,821.8706199216821,798.6500244140625
2023-08-17,HDFCBANK,798.7999877929688,804.9500122070312,797.0,798.6500244140625,52884040,33.95857821454733,-6.470222840943393,825.0587493896485,819.6591346352421,795.375
2023-08-18,HDFCBANK,793.7750244140625,798.1500244140625,792.75,795.375,25633366,32.470144286212914,-7.549126881736015,822.6087493896484,817.3463599080762,794.75
2023-08-21,HDFCBANK,800.25,800.25,793.5,794.75,21837270,32.180263244345795,-8.358249684274483,820.4524993896484,815.1943256311166,791.3499755859375
2023-08-22,HDFCBANK,798.1749877929688,799.0,790.0,791.3499755859375,32273570,30.580810938277494,-9.168154116054438,818.0599975585938,812.9234351506234,793.2999877929688
2023-08-23,HDFCBANK,790.0,795.2750244140625,786.625,793.2999877929688,36498588,32.6484248097027,-9.542657707161084,815.3099975585938,811.0545354022753,789.6500244140625
2023-08-24,HDFCBANK,796.6500244140625,798.0999755859375,788.0750122070312,789.6500244140625,43145792,30.799298465621277,-10.018489135465984,812.525,809.016010546255,780.75
2023-08-25,HDFCBANK,787.2750244140625,788.75,779.2000122070312,780.75,30069756,26.811662763048574,-10.98709417773307,809.7337493896484,806.3240095418498,788.875
2023-08-28,HDFCBANK,780.75,791.3250122070312,780.75,788.875,28867238,35.07581000430311,-10.972615573495204,808.0899993896485,804.6621991092927,795.1500244140625
2023-08-29,HDFCBANK,794.8499755859375,796.3250122070312,790.7249755859375,795.1500244140625,35538932,40.64966978340249,-10.335656137446449,806.5675018310546,803.7562777097469,789.3499755859375
2023-08-30,HDFCBANK,801.9749755859375,801.9749755859375,786.8499755859375,789.3499755859375,28084204,37.44934103739715,-10.181510546917366,804.4787506103515,802.3842489360508,785.7249755859375
2023-08-31,HDFCBANK,789.5,791.5750122070312,781.5499877929688,785.7249755859375,100075772,35.564744832784356,-10.233886388560677,802.7524993896484,800.7976514741353,787.3499755859375
2023-09-01,HDFCBANK,785.5,789.5,779.6749877929688,787.3499755859375,43226776,37.09302498049441,-10.028666476588342,801.4037475585938,799.516920437164,792.2750244140625
2023-09-04,HDFCBANK,795.0,795.7249755859375,787.4500122070312,792.2750244140625,25073638,41.6130135644157,-9.360713459818271,799.7125,798.8272160540114,787.4500122070312
2023-09-05,HDFCBANK,794.2000122070312,794.2000122070312,785.2999877929688,787.4500122070312,38712082,38.680731313265895,-9.115614908096973,797.8037506103516,797.7436728304895,797.75
2023-09-06,HDFCBANK,788.4000244140625,800.0,787.4500122070312,797.75,56320910,47.22928357065843,-7.998053029011885,796.44375,797.7442754180619,805.4249877929688
2023-09-07,HDFCBANK,797.75,807.0,793.5750122070312,805.4249877929688,34208342,52.538855160871634,-6.4190747182780115,795.4524993896484,798.4757718347197,811.7000122070312
2023-09-08,HDFCBANK,804.1500244140625,816.4500122070312,803.7999877929688,811.7000122070312,34502210,56.40130122655349,-4.608259852412971,795.1412506103516,799.7352232987494,815.9000244140625
2023-09-11,HDFCBANK,814.4500122070312,818.25,812.0,815.9000244140625,31573022,58.81710106796514,-2.8019707660328095,795.4662506103516,801.2747281668744,818.4500122070312
2023-09-12,HDFCBANK,820.0,821.4500122070312,812.5250244140625,818.4500122070312,39033340,60.256962533516464,-1.151437888477858,796.1162506103516,802.9104695040322,821.9500122070312
2023-09-13,HDFCBANK,815.6500244140625,825.7999877929688,814.2999877929688,821.9500122070312,46420094,62.209934741837856,0.43403872941826194,797.0587524414062,804.7237592852703,821.4500122070312
2023-09-14,HDFCBANK,822.125,825.0,817.5499877929688,821.4500122070312,23538848,61.743156633707756,1.6313889146140355,798.1987518310547,806.3167357540094,830.875
2023-09-15,HDFCBANK,825.0,835.0,825.0,830.875,173411202,66.80004841270141,3.3027433404646445,799.9737518310546,808.6556180631515,814.5250244140625
2023-09-18,HDFCBANK,826.875,827.5,813.0499877929688,814.5250244140625,37056288,53.57108135342454,3.2702994012646514,800.9625030517578,809.2146091441906,781.8499755859375
2023-09-20,HDFCBANK,799.5,799.5,780.2000122070312,781.8499755859375,115474648,37.56160520093609,0.6010553896619513,800.4875030517578,806.6084535672142,776.6749877929688
2023-09-21,HDFCBANK,776.5,784.4749755859375,768.5250244140625,776.6749877929688,72841442,35.739901152242126,-1.9099018267270367,799.6562530517579,803.7576473030002,764.8250122070312
2023-09-22,HDFCBANK,779.5,782.2000122070312,761.875,764.8250122070312,61704250,31.92206358164242,-4.800707933867557,798.4150024414063,800.0497772938603,765.5
2023-09-25,HDFCBANK,762.5,770.3499755859375,762.5,765.5,40208754,32.36526084130425,-6.957030411147002,797.6525024414062,796.7593223134927,768.8250122070312
2023-09-26,HDFCBANK,762.5,770.0,762.5,768.8250122070312,27575308,34.62312017614167,-8.301931316589616,796.6500030517578,794.0989118271631,763.4249877929688
2023-09-27,HDFCBANK,761.5,766.25,757.5,763.4249877929688,39338538,32.71310842982858,-9.691790881615475,795.0637512207031,791.1775857286684,761.8499755859375
2023-09-28,HDFCBANK,767.0,768.7999877929688,759.1749877929688,761.8499755859375,55354188,32.155918021277245,-10.795906433332107,793.6887512207031,788.3844800007893,763.1500244140625
2023-09-29,HDFCBANK,761.8499755859375,767.7249755859375,761.1500244140625,763.1500244140625,32053782,33.16779572724698,-11.434216358691742,792.5600036621094,785.9811985163391,754.0250244140625
2023-10-03,HDFCBANK,763.5,763.5,753.0,754.0250244140625,38971694,29.807347003056634,-12.531932495555338,790.8937561035157,782.9377533637413,764.7750244140625
2023-10-04,HDFCBANK,747.5,767.5,744.625,764.7750244140625,54649430,37.80228936356997,-12.391602602835405,789.5187561035157,781.207969654248,767.875
2023-10-05,HDFCBANK,767.5250244140625,775.7750244140625,766.2999877929688,767.875,48512674,39.92717815316115,-11.893151185981878,788.540005493164,779.9381630205102,767.0250244140625
2023-10-06,HDFCBANK,772.0,772.5,764.9249877929688,767.0250244140625,17759356,39.5284249571136,-11.434896405433733,787.0037567138672,778.7083402960866,758.125
2023-10-09,HDFCBANK,764.0,765.0,756.0,758.125,16454972,35.527423560945905,-11.655526129995792,784.6387573242188,776.7480221726498,762.4249877929688
2023-10-10,HDFCBANK,760.2750244140625,764.5,757.5999755859375,762.4249877929688,33266292,38.75298154204429,-11.352538698461558,782.1750061035157,775.3839236602993,769.7999877929688
2023-10-11,HDFCBANK,765.0499877929688,771.0750122070312,764.25,769.7999877929688,31333360,43.93393170035543,-10.397462634456474,779.870004272461,774.852120244363,774.9249877929688
2023-10-12,HDFCBANK,768.0499877929688,776.0,765.7999877929688,774.9249877929688,22025336,47.27190654386157,-9.121862155427266,777.6937530517578,774.8590600108969,767.875
2023-10-13,HDFCBANK,770.0,774.4000244140625,764.9749755859375,767.875,39745300,43.440510418367715,-8.580899414254759,774.9900024414062,774.1939114384305,764.7999877929688
2023-10-16,HDFCBANK,765.75,767.2249755859375,760.25,764.7999877929688,17856084,41.847330375540814,-8.30458029834972,772.1575012207031,773.2992520436247,770.5999755859375
2023-10-17,HDFCBANK,777.875,777.875,767.5,770.5999755859375,32902558,45.87913592718508,-7.53077478190994,769.14375,773.0421780952736,759.875
2023-10-18,HDFCBANK,770.5999755859375,770.5999755859375,759.0499877929688,759.875,31216200,40.31327985950715,-7.694249711418934,766.4112487792969,771.7881611338189,757.4749755859375
2023-10-19,HDFCBANK,752.7000122070312,763.125,751.5999755859375,757.4749755859375,30252364,39.16815232545493,-7.926099541513281,765.1924987792969,770.4250006054493,761.4000244140625
2023-10-20,HDFCBANK,752.5,763.5,752.5,761.4000244140625,21094010,42.06649426451897,-7.704313039867429,764.4287506103516,769.5654790634125,753.0250244140625
2023-10-23,HDFCBANK,761.75,764.375,750.0499877929688,753.0250244140625,22376136,37.91543364009897,-8.110841415616505,763.8387512207031,767.9901976682363,748.25
2023-10-25,HDFCBANK,760.5,761.4000244140625,745.7249755859375,748.25,28311996,35.74939163022731,-8.717828940580375,762.9762512207031,766.11017884269,731.7000122070312
2023-10-26,HDFCBANK,745.625,746.0,730.125,731.7000122070312,55561798,29.466182832774066,-10.4142674357538,761.1200012207031,762.8330201154844,734.5750122070312
2023-10-27,HDFCBANK,734.75,739.0,733.4500122070312,734.5750122070312,31940532,31.711537878864362,-11.395360075154485,759.6775024414062,760.1417812670602,742.5499877929688
2023-10-30,HDFCBANK,731.625,744.9749755859375,730.9500122070312,742.5499877929688,23310982,37.6415944245793,-11.397980357571328,758.7125030517578,758.4663723647657,738.25
2023-10-31,HDFCBANK,752.0,752.0,737.0,738.25,32634824,35.83468003251444,-11.613160740584249,757.4675018310547,756.5410035681214,737.25
2023-11-01,HDFCBANK,731.125,738.7249755859375,731.125,737.25,33877466,35.40898313821343,-11.729177727382535,756.6287506103515,754.7037651330621,738.375
2023-11-02,HDFCBANK,742.5,745.25,733.5750122070312,738.375,45225154,36.3254152074105,-11.596664794220146,755.3087493896485,753.1486446441991,741.875
2023-11-03,HDFCBANK,744.0,745.7000122070312,740.8250122070312,741.875,18095340,39.214932291947676,-11.08148611673721,754.0087493896484,752.0749642018944,747.25
2023-11-06,HDFCBANK,749.0,749.0,741.5,747.25,25593730,43.458413131267484,-10.122796427920093,753.0199981689453,751.6154438017139,743.625
2023-11-07,HDFCBANK,747.0,747.0,738.5999755859375,743.625,41952848,41.361245368847385,-9.545500558585786,752.2949981689453,750.8544491539317,745.7750244140625
2023-11-08,HDFCBANK,741.9749755859375,746.7249755859375,740.5,745.7750244140625,31399546,43.11464082778217,-8.81291067284485,751.4625,750.3706944168014,742.8250122070312
2023-11-09,HDFCBANK,743.0,746.2999877929688,741.75,742.8250122070312,22116740,41.290290726954225,-8.373840816795678,750.1137512207031,749.6520580158709,745.75
2023-11-10,HDFCBANK,740.0499877929688,748.0,740.0250244140625,745.75,14015186,43.82825920554805,-7.701079472397282,748.6550018310547,749.2804334429309,744.4000244140625
2023-11-13,HDFCBANK,746.0499877929688,747.9749755859375,742.9500122070312,744.4000244140625,20605914,42.90635778566729,-7.193916021705263,747.4812530517578,748.8156325830387,752.2000122070312
2023-11-15,HDFCBANK,752.0499877929688,755.4749755859375,750.2750244140625,752.2000122070312,41245460,49.51409953502888,-6.0923625424167085,746.8512542724609,749.1379544519904,754.1749877929688
2023-11-16,HDFCBANK,754.8499755859375,759.5,751.875,754.1749877929688,29713838,51.05862119830029,-5.002345524239445,746.0300048828125,749.6176719130359,752.5499877929688
2023-11-17,HDFCBANK,745.0,753.75,744.5,752.5499877929688,23701874,49.71104567741192,-4.220966429949726,745.6637542724609,749.8969400920771,752.5999755859375
2023-11-20,HDFCBANK,756.5,756.5,750.7750244140625,752.5999755859375,19331452,49.75497680616483,-3.55668502011315,745.4200042724609,750.1543720438733,758.9749755859375
2023-11-21,HDFCBANK,759.5,761.0,756.0499877929688,758.9749755859375,24959972,55.13748039333397,-2.4871575905248164,745.2987518310547,750.9944295240699,756.2750244140625
2023-11-22,HDFCBANK,760.0,760.0,751.7750244140625,756.2750244140625,29123650,52.56897100551551,-1.8362457936974579,745.4612518310547,751.4973433231169,760.6500244140625
2023-11-23,HDFCBANK,754.25,761.9249877929688,754.25,760.6500244140625,13046220,56.13480511425462,-0.9563434367108812,746.0812530517578,752.3690272365403,766.0499877929688
2023-11-24,HDFCBANK,760.5999755859375,766.5750122070312,759.9249877929688,766.0499877929688,16469192,60.120013466683446,0.1747035619430335,747.7987518310547,753.6719758609621,764.3250122070312
2023-11-28,HDFCBANK,767.5999755859375,768.625,762.9000244140625,764.3250122070312,28489338,58.29795987264518,0.9212556815322159,749.2862518310546,754.6865507510639,779.5750122070312
2023-11-29,HDFCBANK,766.9500122070312,781.5,766.5,779.5750122070312,34042488,67.63633556085803,2.7121867646117153,751.1375030517578,757.056880413537,779.4000244140625
2023-11-30,HDFCBANK,784.5750122070312,786.2249755859375,771.0750122070312,779.4000244140625,69491440,67.44969046023638,4.070470646621175,753.1950042724609,759.1847988897775,777.7000122070312
2023-12-01,HDFCBANK,778.9500122070312,782.875,776.0499877929688,777.7000122070312,22153536,65.55697893982885,4.952652535992229,755.2175048828125,760.9481525390398,804.7000122070312
2023-12-04,HDFCBANK,794.0,806.0,786.8250122070312,804.7000122070312,50662456,76.72698696321179,7.741226352040826,758.5337554931641,765.1149963169437,811.8499755859375
2023-12-05,HDFCBANK,818.25,819.5,808.25,811.8499755859375,52230820,78.69720201844422,10.408154752652194,762.032504272461,769.5659467235146,813.9000244140625
2023-12-06,HDFCBANK,819.2249755859375,819.2249755859375,808.3250122070312,813.9000244140625,38613060,79.23987238959084,12.542553779276204,765.3650054931641,773.7882398369001,815.2249755859375
2023-12-07,HDFCBANK,812.5,817.0,808.0999755859375,815.2249755859375,20450386,79.60154620074003,14.17756275368356,768.9450042724609,777.7345956225228,826.5999755859375
2023-12-08,HDFCBANK,815.2249755859375,827.5,815.2249755859375,826.5999755859375,33728038,82.43137988125503,16.204392431596034,772.9862518310547,782.3884413333241,825.5
2023-12-11,HDFCBANK,825.0250244140625,831.8499755859375,823.5,825.5,23187620,81.25744728715593,17.519951620465804,777.1200012207031,786.4943040634837,817.2999877929688
2023-12-12,HDFCBANK,827.0999755859375,828.125,815.9249877929688,817.2999877929688,36581476,72.92033962308732,17.696870790438652,780.6975006103515,789.428178704387,815.4500122070312
2023-12-13,HDFCBANK,816.2249755859375,818.0,807.5499877929688,815.4500122070312,29346914,71.14678847503873,17.48623253452547,784.25,791.9064485617818,825.0750122070312
2023-12-14,HDFCBANK,823.0,829.4749755859375,822.5,825.0750122070312,35172366,74.6071810797629,17.889735524513526,787.89375,795.0653593851389,828.2750244140625
2023-12-15,HDFCBANK,825.0,834.0,823.2999877929688,828.2750244140625,138837130,75.65266700694389,18.25727034487113,791.5987518310546,798.2281846259888,827.8499755859375
2023-12-18,HDFCBANK,830.3499755859375,832.3499755859375,825.4749755859375,827.8499755859375,18014754,75.2097186336157,18.303257886271012,795.3637512207031,801.0493075745553,826.4500122070312
2023-12-19,HDFCBANK,825.0,829.3250122070312,822.0250244140625,826.4500122070312,24008446,73.67955319915211,18.01902588550331,799.0562530517578,803.4684223014577,828.5
2023-12-20,HDFCBANK,829.0,834.4749755859375,822.2249755859375,828.5,34232520,74.49775808323007,17.754523761429255,802.532504272461,805.8523820822713,843.3499755859375
2023-12-21,HDFCBANK,828.5,844.875,825.125,843.3499755859375,36589240,79.47520637741843,18.529575434478033,806.8862518310547,809.4235814635729,835.4249877929688
2023-12-22,HDFCBANK,841.7999877929688,842.9500122070312,833.5499877929688,835.4249877929688,48578850,71.45943171583114,18.293453640026087,810.625,811.8999058758964,841.2249755859375
2023-12-26,HDFCBANK,836.625,842.9749755859375,834.2750244140625,841.2249755859375,18045856,73.56112783123933,18.362662614865826,814.3837493896484,814.6927696578051,851.6500244140625
2023-12-27,HDFCBANK,840.75,853.25,839.2999877929688,851.6500244140625,27009078,76.85960694410213,19.039252884976918,818.75,818.2125082060201,852.625
2023-12-28,HDFCBANK,854.6500244140625,860.7000122070312,851.0,852.625,44076470,77.14676357695326,19.430149264312718,822.4024993896485,821.4898883768753,854.625
2023-12-29,HDFCBANK,848.5,857.4500122070312,848.0,854.625,25011426,77.75654105753704,19.674525068472576,826.1637481689453,824.6456132933633,849.0499877929688
2024-01-01,HDFCBANK,853.0,854.5750122070312,846.0,849.0499877929688,14239686,71.99023400445111,19.197046162698257,829.7312469482422,826.969839436183,849.5499877929688
2024-01-02,HDFCBANK,849.4000244140625,851.4000244140625,844.3499755859375,849.5499877929688,29242092,72.18942953697618,18.644069285949627,831.973745727539,829.1203297558768,836.4500122070312
2024-01-03,HDFCBANK,851.0,852.3499755859375,834.4749755859375,836.4500122070312,28389762,60.12491724175521,16.953344970690637,833.2037475585937,829.8183947512248,845.4249877929688
2024-01-04,HDFCBANK,839.0,847.4749755859375,835.3499755859375,845.4249877929688,26734056,64.50202476826695,16.151455369058795,834.779995727539,831.3047369456765,841.0999755859375
2024-01-05,HDFCBANK,843.5750122070312,852.4500122070312,834.0499877929688,841.0999755859375,31889470,61.02557284388843,14.994116896916694,836.0737457275391,832.2376168161775,831.7249755859375
2024-01-08,HDFCBANK,839.25,841.1749877929688,830.0,831.7249755859375,17998470,54.205697457410565,13.16863385581496,836.3299957275391,832.1887938418689,825.25
2024-01-09,HDFCBANK,833.5750122070312,838.9000244140625,823.375,825.25,25326888,50.04579003021783,11.071819929511548,836.317495727539,831.5279563331195,827.9749755859375
2024-01-10,HDFCBANK,821.5,829.9749755859375,820.7000122070312,827.9749755859375,16115824,51.72486986629717,9.520219379525201,836.8512451171875,831.1895772143403,824.5
2024-01-11,HDFCBANK,830.0,831.4500122070312,821.5,824.5,18314010,49.44256292200617,7.918879364794179,837.303744506836,830.5524746224984,820.5999755859375
2024-01-12,HDFCBANK,826.0,828.0,816.7999877929688,820.5999755859375,19773552,46.939272429238855,6.262911543985183,837.0799926757812,829.6046175713973,836.4000244140625
2024-01-15,HDFCBANK,823.8499755859375,840.4500122070312,821.7999877929688,836.4000244140625,28320356,56.539486461513015,6.154531402358543,837.4862426757812,830.2517991754606,839.5750122070312
2024-01-16,HDFCBANK,836.5,841.8250122070312,829.0499877929688,839.5750122070312,25322500,58.177022901346874,6.252756455482199,838.0724945068359,831.1397242260864,768.75
2024-01-17,HDFCBANK,785.0,798.4000244140625,764.2000122070312,768.75,170145236,30.536553309711962,0.6085983984742143,835.1874938964844,825.1978457283639,743.0750122070312
2024-01-18,HDFCBANK,747.0,757.5,740.0250244140625,743.0750122070312,161070930,25.758761951815714,-5.868545525953891,830.9162445068359,817.376623488237,735.3250122070312
2024-01-19,HDFCBANK,752.9749755859375,755.125,734.2000122070312,735.3250122070312,109600538,24.512058699696496,-11.494586543372407,825.5149963378906,809.5621843185984,713.6749877929688
2024-01-23,HDFCBANK,732.5,737.3499755859375,712.5,713.6749877929688,115469402,21.396585926539558,-17.49852847274667,819.4274963378906,800.4300703637765,727.9500122070312
2024-01-24,HDFCBANK,690.125,729.2249755859375,690.125,727.9500122070312,86004404,27.903313587399268,-20.864309763610322,813.7637481689453,793.5272076821817,717.4500122070312
2024-01-25,HDFCBANK,726.25,728.6749877929688,709.7000122070312,717.4500122070312,98941852,26.186230431104832,-24.10115482324875,807.0537475585937,786.2817604940722,727.3250122070312
2024-01-29,HDFCBANK,724.0250244140625,731.4000244140625,722.9000244140625,727.3250122070312,65645498,30.51682654842257,-25.574738219566484,800.7887481689453,780.6668320857825,722.1500244140625
2024-01-30,HDFCBANK,727.2750244140625,731.5999755859375,720.4500122070312,722.1500244140625,41728768,29.53877948614013,-26.850624656353602,794.1649993896484,775.093802783714,731.2750244140625
2024-01-31,HDFCBANK,719.75,737.4749755859375,718.4000244140625,731.2750244140625,65761040,33.581008259129504,-26.816340529547574,788.2762512207031,770.9205857961281,733.1749877929688
2024-02-01,HDFCBANK,732.5250244140625,736.7999877929688,728.0250244140625,733.1749877929688,32690740,34.42455473622802,-26.332316393937163,782.4575012207031,767.3257669386843,723.0750122070312
2024-02-02,HDFCBANK,737.5,740.4249877929688,721.0250244140625,723.0750122070312,44867754,32.09129164091978,-26.458707885497347,776.7887512207031,763.1114093451935,722.4249877929688
2024-02-05,HDFCBANK,723.0,725.9500122070312,717.0250244140625,722.4249877929688,38605046,31.941239851738658,-26.308062621197678,770.6387512207032,759.2365120545054,722.0499877929688
2024-02-06,HDFCBANK,722.7750244140625,724.8499755859375,716.2999877929688,722.0499877929688,41075740,31.84872056968881,-25.920143253199967,764.6862518310547,755.6949383153114,714.9749755859375
2024-02-07,HDFCBANK,726.5,726.9000244140625,713.3250122070312,714.9749755859375,54837086,30.078538938739626,-25.88522001270053,758.8487518310546,751.8168466267997,701.5250244140625
2024-02-08,HDFCBANK,714.9249877929688,719.4749755859375,700.25,701.5250244140625,69106124,27.005574989314297,-26.63580081504915,752.6625030517578,747.0271492732056,701.7999877929688
2024-02-09,HDFCBANK,696.0750122070312,707.0999755859375,693.5,701.7999877929688,56642124,27.169389929759532,-26.89838640700441,746.3537536621094,742.7198005608021,695.0
2024-02-12,HDFCBANK,699.8250122070312,706.8250122070312,691.6749877929688,695.0,34447812,25.637067616794795,-27.340030710032465,739.8787536621094,738.1750576502495,697.2249755859375
2024-02-13,HDFCBANK,695.9749755859375,702.1749877929688,692.1749877929688,697.2249755859375,57580994,27.086113989501584,-27.196990094893636,733.7100036621093,734.2750498346007,692.0250244140625
2024-02-14,HDFCBANK,688.0,695.75,681.7750244140625,692.0250244140625,91320810,25.81981127042846,-27.189794947513974,726.4912536621093,730.2512378897875,707.0250244140625
2024-02-15,HDFCBANK,692.5,707.75,692.1749877929688,707.0250244140625,41584944,35.22703157723262,-25.67772131412528,719.8637542724609,728.039217558766,709.9500122070312
2024-02-16,HDFCBANK,711.9500122070312,713.8499755859375,704.2249755859375,709.9500122070312,32175742,36.90726725302335,-23.967092275260484,716.9237548828125,726.3164360966961,708.5499877929688
2024-02-19,HDFCBANK,714.5,714.5,707.5999755859375,708.5499877929688,34451756,36.42028185620241,-22.465409451342907,715.1975036621094,724.624393401103,727.1500244140625
2024-02-20,HDFCBANK,707.5,728.625,705.9000244140625,727.1500244140625,56133508,46.51704790026325,-19.54909765711693,714.7887542724609,724.8649296880515,719.5750122070312
2024-02-21,HDFCBANK,732.0,732.0,717.5,719.5750122070312,45893136,43.48812251818313,-17.645730727647674,715.0837554931641,724.3611280231924,709.7750244140625
2024-02-22,HDFCBANK,708.875,714.4000244140625,706.0999755859375,709.7750244140625,50560882,39.87102123409445,-16.7351632908626,714.1750061035157,722.9719752985134,710.2999877929688
2024-02-23,HDFCBANK,711.2750244140625,716.9500122070312,709.0,710.2999877929688,29833452,40.15815426052992,-15.78916422280372,713.8175048828125,721.7651193456044,711.1500244140625
2024-02-26,HDFCBANK,706.7750244140625,717.4249877929688,706.7750244140625,711.1500244140625,23506870,40.65234679703116,-14.800254177225156,713.008755493164,720.7541579235528,710.0750122070312
2024-02-27,HDFCBANK,706.7750244140625,713.3499755859375,706.5250244140625,710.0750122070312,32087150,40.20019958831052,-13.942559198746153,712.4050048828125,719.7370964267413,704.7000122070312
2024-02-28,HDFCBANK,710.0750122070312,712.0999755859375,702.0,704.7000122070312,25321986,37.92870353517511,-13.540461318755547,711.0762542724609,718.3049931677214,701.7000122070312
2024-02-29,HDFCBANK,701.0499877929688,705.2000122070312,698.6500244140625,701.7000122070312,53295700,36.68282966914663,-13.31043635501635,709.5025054931641,716.7235664095605,715.375
2024-03-01,HDFCBANK,700.0,716.375,700.0,715.375,34738898,45.4749308772429,-11.887649264841343,709.1175048828125,716.5951315134118,716.3499755859375
2024-03-04,HDFCBANK,715.4749755859375,718.5,712.1500244140625,716.3499755859375,35616474,46.05012324484242,-10.559682417936074,708.813754272461,716.5717833298428,720.4249877929688
2024-03-05,HDFCBANK,711.0,721.5,710.8250122070312,720.4249877929688,37991672,48.49569428866808,-9.073842092102382,708.7325042724609,716.9387551834739,721.2999877929688
2024-03-06,HDFCBANK,716.7750244140625,726.4249877929688,716.7750244140625,721.2999877929688,42409530,49.029973782695656,-7.736516001012205,709.0487548828125,717.3541106700924,723.0499877929688
2024-03-07,HDFCBANK,722.75,725.5250244140625,720.7000122070312,723.0499877929688,49348046,50.14390382611245,-6.460986829918625,710.1250030517579,717.8965751579854,713.9000244140625
2024-03-11,HDFCBANK,715.0,722.9749755859375,711.5,713.9000244140625,50531094,44.64944283086265,-6.117922742280371,710.7300048828125,717.5159512776117,729.7750244140625
2024-03-12,HDFCBANK,717.0,732.0,714.625,729.7750244140625,65418454,54.05571447451474,-4.513038653762919,712.4687561035156,718.6834820525119,730.2000122070312
2024-03-13,HDFCBANK,732.75,735.7999877929688,725.0499877929688,730.2000122070312,63067454,54.27971644572928,-3.170318035072114,714.1175079345703,719.7802944481804,727.7249755859375
2024-03-14,HDFCBANK,731.0499877929688,733.0,722.1500244140625,727.7249755859375,52432158,52.669193693989584,-2.279638784674262,715.9025054931641,720.5369307470144,726.3250122070312
2024-03-15,HDFCBANK,725.0,729.6500244140625,721.125,726.3250122070312,143613804,51.73416176678688,-1.6675123619144188,716.8675048828125,721.0881766003494,723.0250244140625
2024-03-18,HDFCBANK,723.5,728.0,717.9000244140625,723.0250244140625,21437856,49.50324297053291,-1.432170032844624,717.5212554931641,721.2726382968934,724.6749877929688
2024-03-19,HDFCBANK,717.75,726.2000122070312,717.75,724.6749877929688,36183594,50.64914549911744,-1.0998429808930723,718.327505493164,721.596671582234,715.5250244140625
2024-03-20,HDFCBANK,724.5250244140625,725.8250122070312,712.3250122070312,715.5250244140625,43606094,44.60423323444642,-1.5568505689250287,717.7462554931641,721.0184194709796,722.875
2024-03-21,HDFCBANK,721.2999877929688,725.625,719.1500244140625,722.875,28922860,49.788337245288524,-1.3108402214230637,717.9112548828125,721.1952366642196,721.4249877929688
2024-03-22,HDFCBANK,720.5,725.375,718.875,721.4249877929688,45980326,48.81772643739937,-1.2188292110188286,718.4937530517578,721.2171177241005,712.7000122070312
2024-03-26,HDFCBANK,713.5999755859375,718.9749755859375,711.0750122070312,712.7000122070312,56844290,43.34242591534549,-1.8288604694262176,718.6137542724609,720.405964817713,720.3499755859375
2024-03-27,HDFCBANK,711.7750244140625,723.9749755859375,710.625,720.3499755859375,62168668,48.7680660080131,-1.6757099838848717,719.0737518310547,720.4006325099248,723.9500122070312
2024-03-28,HDFCBANK,720.3499755859375,730.25,720.3499755859375,723.9500122070312,55592142,51.139354805519645,-1.2494414686425444,719.7675018310547,720.738668671554,735.25
2024-04-01,HDFCBANK,729.0,736.9000244140625,727.7999877929688,735.25,25199570,57.7497670712382,0.00019176716762103752,721.2950012207032,722.1207002266441,740.0750122070312
2024-04-02,HDFCBANK,732.5750122070312,747.4249877929688,731.625,740.0750122070312,41225446,60.224294998734464,1.3641482189509588,723.2137512207031,723.8306347009666,741.1500244140625
2024-04-03,HDFCBANK,736.0499877929688,747.8250122070312,735.7000122070312,741.1500244140625,45584386,60.775508988677096,2.502985179525126,724.5025024414062,725.4801003879281,763.7999877929688
2024-04-04,HDFCBANK,752.0,765.0,752.0,763.7999877929688,88935066,70.158836737352,5.1735469973290265,726.8750030517579,729.1296134741224,774.7750244140625
2024-04-05,HDFCBANK,769.5,777.25,765.0750122070312,774.7750244140625,59055902,73.47053810646278,8.082411206153438,729.5925048828125,733.4767954684024,773.2999877929688
2024-04-08,HDFCBANK,777.4749755859375,778.625,770.7750244140625,773.2999877929688,20482940,72.30906364560197,10.15166188196963,732.1925048828125,737.2694804516944,774.2750244140625
2024-04-09,HDFCBANK,777.4249877929688,777.4249877929688,770.1500244140625,774.2750244140625,21884494,72.61722397266203,11.73496192103562,734.7537567138672,740.79381797192,768.1749877929688
2024-04-10,HDFCBANK,774.9500122070312,774.9500122070312,766.4749755859375,768.1749877929688,27807400,67.5522729572833,12.35509479188579,737.4675048828125,743.4015484310676,759.4749755859375
2024-04-12,HDFCBANK,760.5,764.9249877929688,756.7249755859375,759.4749755859375,41084208,61.01571094089421,12.006137009889585,738.9525024414063,744.9323510172457,747.3499755859375
2024-04-15,HDFCBANK,748.7750244140625,755.0,746.0250244140625,747.3499755859375,23415248,53.27813379208054,10.628678496816974,739.8100006103516,745.1626009761686,754.625
2024-04-16,HDFCBANK,743.5,756.4500122070312,741.125,754.625,20744886,56.81661873684449,10.008692395710113,741.1550018310547,746.0637818355812,747.3499755859375
2024-04-18,HDFCBANK,754.9000244140625,759.4249877929688,745.5250244140625,747.3499755859375,34234884,52.532058314616236,8.828545298898234,742.20625,746.1862764784722,765.6500244140625
2024-04-19,HDFCBANK,743.2750244140625,767.4749755859375,740.125,765.6500244140625,34576434,60.58408147860974,9.263151379720512,744.3375,748.0399667580523,756.0999755859375
2024-04-22,HDFCBANK,778.7000122070312,778.7000122070312,754.1500244140625,756.0999755859375,42298438,55.31111449785638,8.736264483765353,745.9087493896484,748.8075866464224,753.7999877929688
2024-04-23,HDFCBANK,763.1500244140625,763.25,751.625,753.7999877929688,26827060,54.09010519651502,8.040427980842765,747.8224975585938,749.283053422284,755.8499755859375
2024-04-24,HDFCBANK,757.5,760.875,754.5250244140625,755.8499755859375,22441580,55.04271933803634,7.567159912398552,749.4712463378906,749.9084745807272,755.375
2024-04-25,HDFCBANK,753.125,759.8499755859375,753.125,755.375,35445204,54.759206604497436,7.072240610751692,751.1687469482422,750.4290960492293,754.9000244140625
2024-04-26,HDFCBANK,759.9000244140625,764.0,752.7750244140625,754.9000244140625,24854694,54.45713343818918,6.565998198209968,753.2787475585938,750.8548987506421,764.75
2024-04-29,HDFCBANK,757.5,767.2249755859375,753.2750244140625,764.75,36093350,59.45250277584146,6.880296375316675,755.4987487792969,752.1782417267715,760.0499877929688
2024-04-30,HDFCBANK,764.5999755859375,769.75,757.4500122070312,760.0499877929688,52307382,56.28036071339824,6.673203701260263,757.3037475585937,752.9279318283142,766.125
2024-05-02,HDFCBANK,761.0,768.5,760.1749877929688,766.125,33475006,59.30294436551226,6.91952005916994,758.8474975585938,754.1847954637128,759.7999877929688
2024-05-03,HDFCBANK,766.625,770.2999877929688,753.5999755859375,759.7999877929688,31865242,55.03663332487684,6.529088652878272,759.8337463378906,754.7195756855467,761.3250122070312
2024-05-06,HDFCBANK,761.0,767.25,758.5750122070312,761.3250122070312,28793396,55.86114616228534,6.270443901459544,760.842495727539,755.348664878069,753.0750122070312
2024-05-07,HDFCBANK,760.9749755859375,762.0250244140625,752.0750122070312,753.0750122070312,28480602,50.46940965455276,5.338224293921144,760.3062469482422,755.1321265284464,741.3250122070312
2024-05-08,HDFCBANK,747.9749755859375,748.4749755859375,740.1749877929688,741.3250122070312,41687862,43.96125974068141,3.6096964043235857,758.6337463378907,753.8171632597403,723.75
2024-05-09,HDFCBANK,737.4749755859375,743.375,722.6500244140625,723.75,46281278,36.4003026962764,0.8123052446269412,756.1562469482421,750.9536239016697,718.9500122070312
2024-05-10,HDFCBANK,719.5,725.9749755859375,713.4000244140625,718.9500122070312,27276608,34.64759721543602,-1.7715450348550803,753.3899963378906,747.9056608831328,727.625
2024-05-13,HDFCBANK,716.0,729.9000244140625,715.1500244140625,727.625,27047202,40.24741706604621,-3.0837187913080015,751.3624969482422,745.9741693704534,730.4749755859375
2024-05-14,HDFCBANK,726.125,732.75,725.1500244140625,730.4749755859375,25665142,42.005566390178245,-3.8492845789237435,749.9124969482422,744.49805567669,719.25
2024-05-15,HDFCBANK,729.8499755859375,729.8499755859375,717.9000244140625,719.25,38931996,37.34479211990344,-5.300659991131283,748.5074981689453,742.0934789455766,730.125
2024-05-16,HDFCBANK,723.0250244140625,731.2750244140625,717.75,730.125,34945236,43.84554940358713,-5.509849730141468,747.2824981689453,740.9536238079027,732.0499877929688
2024-05-17,HDFCBANK,723.0999755859375,734.0,723.0999755859375,732.0499877929688,20920190,44.934651430469756,-5.457394234711501,746.5174987792968,740.1056584731471,729.4000244140625
2024-05-21,HDFCBANK,725.0499877929688,734.8499755859375,725.0499877929688,729.4000244140625,43769978,43.67876235244047,-5.565497187495794,744.7049987792968,739.0860742770437,729.5999755859375
2024-05-22,HDFCBANK,728.9249877929688,732.7999877929688,724.0750122070312,729.5999755859375,39996278,43.80638438226999,-5.570818242917994,743.3799987792969,738.1826363064622,746.2999877929688
2024-05-23,HDFCBANK,729.3250122070312,747.8250122070312,728.5250244140625,746.2999877929688,40861920,53.320295219198485,-4.179307346828523,743.0049987792969,738.9557174004152,758.5999755859375
2024-05-24,HDFCBANK,743.75,759.9500122070312,743.0,758.5999755859375,31060206,58.84677460657261,-2.0602692157314095,743.1424987792968,740.8265991323697,763.8499755859375
2024-05-27,HDFCBANK,761.6749877929688,772.5,759.5250244140625,763.8499755859375,29385440,60.97075224892025,0.04222811450961217,743.5662475585938,743.0193016517571,765.25
2024-05-28,HDFCBANK,765.0499877929688,768.0250244140625,762.4000244140625,765.25,27908904,61.54079490480429,1.8006854847432123,744.0837463378906,745.1365110182564,754.1500244140625
2024-05-29,HDFCBANK,759.0,761.9249877929688,750.625,754.1500244140625,35147706,54.7172153510499,2.2724054803813942,743.5537475585937,745.9949408654761,757.4249877929688
2024-05-30,HDFCBANK,749.5999755859375,761.7999877929688,748.8250122070312,757.4249877929688,33755350,56.258256909805105,2.877340954707165,743.4224975585937,747.0835167633326,765.7750244140625
2024-05-31,HDFCBANK,759.5,768.0,757.0,765.7750244140625,74079588,59.996329117177865,3.9846028265345694,743.4049987792969,748.8636603491163,786.0999755859375
2024-06-03,HDFCBANK,799.5,799.5,775.0,786.0999755859375,72637256,67.31766721211642,6.428070736104019,744.7199981689453,752.4099760859565,741.5750122070312
2024-06-04,HDFCBANK,778.5,779.5,727.0,741.5750122070312,89531240,47.01719707944118,4.717365373077769,743.7324981689453,751.3780747641541,775.9000244140625
2024-06-05,HDFCBANK,747.0250244140625,779.7999877929688,741.1749877929688,775.9000244140625,81631650,57.62603773273192,6.061487610890822,744.8737487792969,753.7134985403359,779.8499755859375
2024-06-06,HDFCBANK,782.4500122070312,782.7249755859375,773.2999877929688,779.8499755859375,46422870,58.65205031260477,7.360593872336722,746.7999969482422,756.2026868303931,786.6749877929688
2024-06-07,HDFCBANK,780.5250244140625,792.1749877929688,776.0250244140625,786.6749877929688,36712216,60.43469393037189,8.838976174915501,749.9462463378907,759.1048107315908,780.6500244140625
2024-06-10,HDFCBANK,787.0,790.3250122070312,778.7999877929688,780.6500244140625,22454058,58.05518559909602,9.415899975200773,753.0312469482421,761.1567358442071,782.4000244140625
2024-06-11,HDFCBANK,778.0,785.5,776.0999755859375,782.4000244140625,29545326,58.56549245706486,9.900203237815049,755.7699981689453,763.1799061841933,787.0750122070312
2024-06-12,HDFCBANK,787.5,794.1500244140625,783.2000122070312,787.0750122070312,39280436,59.96669740702969,10.539753786164965,758.6,765.4556305673207,790.375
2024-06-13,HDFCBANK,790.875,792.8499755859375,787.0,790.375,24120192,60.970050978493184,11.183961888315025,762.15625,767.8289038466235,798.4500122070312
2024-06-14,HDFCBANK,792.0,799.5,788.8499755859375,798.4500122070312,25540554,63.38812760566887,12.205391296676453,765.5725006103515,770.745199880948,803.9000244140625
2024-06-18,HDFCBANK,798.4500122070312,805.25,794.7249755859375,803.9000244140625,32415714,64.96575280983222,13.301322532886275,769.1650024414063,773.9028022174351,828.9249877929688
2024-06-19,HDFCBANK,806.7000122070312,834.9500122070312,802.0,828.9249877929688,90131196,71.11958891596056,16.004669468599786,774.1412506103516,779.1430103674859,834.6749877929688
2024-06-20,HDFCBANK,834.9000244140625,840.7249755859375,826.0,834.6749877929688,41408742,72.32256781198069,18.398976390100756,779.3950012207031,784.4317701222938,832.875
2024-06-21,HDFCBANK,836.4249877929688,836.4249877929688,821.5750122070312,832.875,51630776,71.32104980202936,19.92159416687923,783.7237518310546,789.0454110630277,836.2000122070312
2024-06-24,HDFCBANK,823.5,837.5499877929688,822.875,836.2000122070312,28544994,72.0899223214584,21.152744747344855,787.6037536621094,793.5363254576947,855.6749877929688
2024-06-25,HDFCBANK,835.5499877929688,858.4749755859375,835.5499877929688,855.6749877929688,74521548,76.12699477203329,23.42982379875491,792.1950042724609,799.4542932991493,850.75
2024-06-26,HDFCBANK,853.9749755859375,855.4500122070312,845.5499877929688,850.75,47596666,73.24178535944333,24.55397703448034,796.470004272461,804.3395986992304,848.0750122070312
2024-06-27,HDFCBANK,848.0499877929688,856.5,843.2999877929688,848.0750122070312,55074650,71.6533251753936,24.941517129874683,801.1662536621094,808.5048761761637,841.9000244140625
2024-06-28,HDFCBANK,848.7999877929688,853.2999877929688,839.5,841.9000244140625,26476046,67.98771050539439,24.46831997748393,805.390005493164,811.685366484535,852.5999755859375
2024-07-01,HDFCBANK,840.0,853.6500244140625,840.0,852.5999755859375,21187024,70.7774224168875,24.67229757291159,809.7312530517578,815.5819959227638,865.2999877929688
2024-07-02,HDFCBANK,857.5,867.4500122070312,851.375,865.2999877929688,45921690,73.7063007918517,25.564049681879737,813.6912536621094,820.3170427675452,884.3250122070312
2024-07-03,HDFCBANK,895.5,897.0,882.3250122070312,884.3250122070312,123217802,77.36603267445635,27.489053427841213,820.8287536621094,826.4130398570201,863.5750122070312
2024-07-04,HDFCBANK,879.875,879.875,862.4249877929688,863.5750122070312,45848658,66.49514349869305,27.028711024502286,825.2125030517578,829.9522753189259,824.0499877929688
2024-07-05,HDFCBANK,842.5,842.5,821.0999755859375,824.0499877929688,82242548,51.61706682520817,23.207030999972403,827.4225036621094,829.3901526974062,817.6749877929688
2024-07-08,HDFCBANK,822.6500244140625,827.4749755859375,813.5750122070312,817.6749877929688,39087800,49.6860585396977,19.43982265026989,828.9725036621094,828.2744227065074,818.25
2024-07-09,HDFCBANK,812.5,823.3499755859375,810.1749877929688,818.25,48550878,49.868232120250056,16.31263961616048,830.8525024414063,827.3197157820781,813.0499877929688
2024-07-10,HDFCBANK,814.9749755859375,820.0,810.375,813.0499877929688,45507182,48.169665192172026,13.261852622879587,832.3850006103515,825.9606940688296,810.9500122070312
2024-07-11,HDFCBANK,811.9749755859375,812.9249877929688,800.5,810.9500122070312,44177074,47.46652695819288,10.552983249517752,833.5787506103516,824.5311053200869,811.3499755859375
2024-07-12,HDFCBANK,811.0,819.2000122070312,805.5750122070312,811.3499755859375,56049960,47.62334481459812,8.342293688084283,834.6274993896484,823.2757596311203,811.0499877929688
2024-07-15,HDFCBANK,811.75,814.9000244140625,807.5999755859375,811.0499877929688,33375694,47.50879314182715,6.491272427828562,835.2574981689453,822.1114004084393,809.875
2024-07-16,HDFCBANK,810.375,813.5,808.4000244140625,809.875,28950324,47.03160918466538,4.8733362612052815,835.5562469482422,820.946028940969,807.4000244140625
2024-07-18,HDFCBANK,804.0,811.9749755859375,799.5750122070312,807.4000244140625,33717064,45.98390204057709,3.352751910001757,834.4799987792969,819.6559332717399,803.6500244140625
2024-07-19,HDFCBANK,808.0,811.5,801.75,803.6500244140625,26002152,44.371049008236824,1.8240575959819125,832.9287506103516,818.1315609995801,821.2750244140625
2024-07-22,HDFCBANK,808.5,825.5,806.3250122070312,821.2750244140625,53744822,52.757929235415716,2.0115585454423126,832.3487518310546,818.430938467626,809.2000122070312
2024-07-23,HDFCBANK,823.7750244140625,823.9000244140625,802.5,809.2000122070312,52002152,47.47682899242357,1.1722884175875379,830.9987518310547,817.5518026332836,802.0250244140625
2024-07-24,HDFCBANK,804.0750122070312,810.5,794.0250244140625,802.0250244140625,61728206,44.61876167040479,-0.07098251413196977,828.3162536621094,816.0730618505006,808.2999877929688
2024-07-25,HDFCBANK,796.5,812.5,796.5,808.2999877929688,25535732,47.5902728021488,-0.5436793846646424,826.1937530517578,815.3327690831167,809.0750122070312
2024-07-26,HDFCBANK,802.5,810.875,798.2249755859375,809.0750122070312,43810540,47.96166006423952,-0.8460048498044443,824.2437530517578,814.7367922377753,802.5250244140625
2024-07-29,HDFCBANK,807.5,815.9249877929688,799.1500244140625,802.5250244140625,51001148,45.055794314826564,-1.5957345982868674,822.2750030517578,813.573766730755,807.7750244140625
2024-07-30,HDFCBANK,801.0,817.375,799.5,807.7750244140625,54595834,47.78645666312931,-1.7461412719037526,820.0337554931641,813.0215055577366,807.875
2024-07-31,HDFCBANK,807.0,813.9500122070312,804.5999755859375,807.875,37820484,47.839619260816086,-1.8361069521054105,817.1625061035156,812.5313621712855,819.4000244140625
2024-08-01,HDFCBANK,811.4500122070312,825.0250244140625,808.9749755859375,819.4000244140625,26215174,53.69294589874761,-0.9662934212030905,813.9162567138671,813.1855204801215,829.5750122070312
2024-08-02,HDFCBANK,815.5,835.25,815.5,829.5750122070312,44119238,58.15729813916348,0.5378762451389321,812.2162567138672,814.7464244541129,807.875
2024-08-05,HDFCBANK,820.0499877929688,823.0,800.5,807.875,41333634,47.61439264571304,-0.020827995696890866,811.4075073242187,814.0920030775306,800.5999755859375
2024-08-06,HDFCBANK,815.0,816.4749755859375,796.6500244140625,800.5999755859375,45116050,44.68943162360504,-1.0386657103430252,810.5537567138672,812.8070480783313,811.75
2024-08-07,HDFCBANK,808.5,815.0,801.0999755859375,811.75,42346264,49.78125931458771,-0.9348196279856893,810.2287567138671,812.706376832776,821.3499755859375
2024-08-08,HDFCBANK,812.0,826.6500244140625,809.625,821.3499755859375,33976950,53.730715955428614,-0.07699550386462306,810.6437561035157,813.5295767140294,825.0999755859375
2024-08-09,HDFCBANK,826.0,831.2750244140625,822.9000244140625,825.0999755859375,26644618,55.212464536320965,0.8951116646502442,811.3512542724609,814.6315194637349,830.0499877929688
2024-08-12,HDFCBANK,826.0,837.9749755859375,823.6749877929688,830.0499877929688,39316196,57.16259892466703,2.041406156045923,812.2862548828125,816.0999450189,801.5999755859375
2024-08-13,HDFCBANK,814.0,816.2000122070312,800.5750122070312,801.5999755859375,54055042,45.027439252207465,0.6467195996719965,811.813754272461,814.7189955490941,803.9000244140625
2024-08-14,HDFCBANK,803.25,806.8499755859375,801.5999755859375,803.9000244140625,32334428,46.02505888753888,-0.2698738881172176,811.515005493164,813.6886173457577,816.0499877929688
2024-08-16,HDFCBANK,814.25,817.0750122070312,805.5,816.0499877929688,27849246,51.07590796288282,-0.01569935529732902,811.9475036621094,813.9135097693016,815.7750244140625
2024-08-19,HDFCBANK,818.8250122070312,818.8250122070312,811.8499755859375,815.7750244140625,19502164,50.95968724899329,0.16168474537880684,812.5537536621093,814.0907968783265,818.8499755859375
2024-08-20,HDFCBANK,813.7249755859375,823.0,813.7249755859375,818.8499755859375,31134494,52.26774654722112,0.544113581609281,812.4325012207031,814.5440519933371,812.9000244140625
2024-08-21,HDFCBANK,814.0499877929688,817.2750244140625,808.9000244140625,812.9000244140625,47630904,49.515572668802974,0.36289660959914727,812.6175018310547,814.3874779381681,815.6500244140625
2024-08-22,HDFCBANK,816.0,819.1500244140625,814.0,815.6500244140625,21300638,50.804913673079795,0.4361551459491011,813.2987518310547,814.5077204596818,812.5250244140625
2024-08-23,HDFCBANK,817.0,817.0,811.5,812.5250244140625,20333422,49.2651564920009,0.23929325681069713,813.5100036621094,814.3188922648609,819.9749755859375
2024-08-26,HDFCBANK,816.0999755859375,823.9749755859375,816.0999755859375,819.9749755859375,22364266,52.92783485720447,0.6766278444807767,814.0550018310547,814.8575668668682,818.875
2024-08-27,HDFCBANK,821.7000122070312,823.7000122070312,816.0999755859375,818.875,35773244,52.32716755920248,0.923810704381367,814.8725006103516,815.240179546214,818.5499877929688
2024-08-28,HDFCBANK,818.875,819.875,815.0999755859375,818.5499877929688,26921188,52.138883783225985,1.0810178321826243,815.4112487792969,815.5553993792382,819.2750244140625
2024-08-29,HDFCBANK,821.0,822.2000122070312,815.5750122070312,819.2750244140625,49052604,52.54906465455557,1.2497041974454532,815.98125,815.9096493825548,818.4500122070312
2024-08-30,HDFCBANK,828.0,831.0,810.5750122070312,818.4500122070312,445342100,52.00292281490645,1.3018112967635034,815.9337493896485,816.1515886991716,813.4749755859375
2024-09-02,HDFCBANK,823.4000244140625,823.4000244140625,811.5999755859375,813.4749755859375,34049680,48.71498480473301,0.9309314726459661,815.1287475585938,815.8966731645778,818.6749877929688
2024-09-03,HDFCBANK,817.0,819.9749755859375,812.2999877929688,818.6749877929688,37282860,52.12237032062407,1.0445629947942052,815.6687469482422,816.1612745577579,820.9000244140625
2024-09-04,HDFCBANK,819.5,822.4000244140625,816.0,820.9000244140625,24682744,53.54464681994485,1.2991824876778537,816.6837493896485,816.6125840678822,822.7249755859375
2024-09-05,HDFCBANK,823.0,824.9500122070312,821.0,822.7249755859375,22876318,54.7324304605107,1.629445346380976,817.2324981689453,817.1947165934113,818.4749755859375
2024-09-06,HDFCBANK,819.1500244140625,823.875,817.0499877929688,818.4749755859375,26029602,51.43423619312842,1.5305977815885399,817.0887481689454,817.3166460212709,823.25
2024-09-09,HDFCBANK,819.0,824.25,815.0499877929688,823.25,23792914,54.734652378397236,1.816624027028638,816.9962493896485,817.8817273525784,825.1749877929688
2024-09-10,HDFCBANK,827.0,827.0,819.0,825.1749877929688,26606646,56.031872051805564,2.173576675436152,816.7524993896484,818.5763235849965,821.9500122070312
2024-09-11,HDFCBANK,825.2000122070312,826.25,819.5999755859375,821.9500122070312,22226684,53.277186184109965,2.1712073170432404,817.7700012207031,818.8976272632856,833.2999877929688
2024-09-12,HDFCBANK,827.0,835.0,823.5250244140625,833.2999877929688,32424046,60.61577324726301,3.0500190366443576,819.2399993896485,820.269280647065,832.9749755859375
2024-09-13,HDFCBANK,837.0,837.0,828.5250244140625,832.9749755859375,23860532,60.32358681419106,3.677861785780692,820.0862487792969,821.4793468317195,835.4749755859375
2024-09-16,HDFCBANK,833.5,838.9000244140625,832.0250244140625,835.4749755859375,15172820,61.84703507587625,4.327278620166453,821.0712463378907,822.8122638559307,834.4000244140625
2024-09-17,HDFCBANK,839.0,839.0,832.0750122070312,834.4000244140625,20127122,60.766612270442344,4.7010161761860445,821.8487487792969,823.9158600995623,847.4000244140625
2024-09-18,HDFCBANK,835.9249877929688,849.4500122070312,835.5499877929688,847.4000244140625,40917342,68.03842012462945,5.9772947038231905,823.5737487792969,826.1524471771337,854.25
2024-09-19,HDFCBANK,849.5999755859375,859.5,849.5750122070312,854.25,30651776,71.08010140558899,7.455547503513117,825.5037475585938,828.8284045888353,870.5999755859375
2024-09-20,HDFCBANK,858.25,872.4749755859375,853.7750244140625,870.5999755859375,60623386,76.76413966106074,9.833030826324944,828.4074951171875,832.8066494457022,879.9000244140625
2024-09-23,HDFCBANK,874.5,883.1749877929688,870.125,879.9000244140625,26965350,79.26103382001605,12.32555834101288,831.4037475585938,837.2917327760223,884.0250244140625
2024-09-24,HDFCBANK,882.5,890.8250122070312,877.125,884.0250244140625,33039036,80.2735760514403,14.466990914161329,834.6612487792969,841.7425224558357,889.5499877929688
2024-09-25,HDFCBANK,880.0750122070312,894.0,880.0750122070312,889.5499877929688,31965312,81.57137972241367,16.42062330324552,838.2112487792969,846.2956143927055,891.7249755859375
2024-09-26,HDFCBANK,886.5250244140625,894.0,884.0250244140625,891.7249755859375,31899644,82.07143528469959,17.93762065933754,841.8337463378906,850.6222202206324,876.3250122070312
2024-09-27,HDFCBANK,888.5,889.0999755859375,875.0,876.3250122070312,35613502,68.00151660708697,17.693246914832116,844.7274963378907,853.070105171718,866.0250244140625
2024-09-30,HDFCBANK,874.4000244140625,875.7249755859375,862.2000122070312,866.0250244140625,26383534,60.527500889934025,16.478502112548767,847.3549987792969,854.3039070043221,863.0999755859375
2024-10-01,HDFCBANK,862.0,871.0,860.0499877929688,863.0999755859375,24572284,58.559111653768745,15.10565255053848,849.5762481689453,855.1416278216188,841.0
2024-10-03,HDFCBANK,857.8250122070312,863.0750122070312,836.6749877929688,841.0,48473398,46.3061679440247,12.094952960335604,850.5812469482422,853.7948061243218,828.8250122070312
2024-10-04,HDFCBANK,837.25,845.3250122070312,826.5,828.8250122070312,48683232,41.19257322452791,8.627084420876145,850.8862487792969,851.4167305131513,808.9000244140625
2024-10-07,HDFCBANK,826.0999755859375,829.5,806.5,808.9000244140625,94458296,34.481553709091116,4.222321331879016,850.4075012207031,847.3675204084761,825.5250244140625
2024-10-08,HDFCBANK,815.0,828.4000244140625,811.0,825.5250244140625,29734406,42.84813877489566,2.049389323897003,850.5212524414062,845.2872826947225,816.5750122070312
2024-10-09,HDFCBANK,824.75,828.375,814.3499755859375,816.5750122070312,41125642,39.894582673497275,-0.39036623532672365,850.0912536621094,842.5527807435138,831.2000122070312
2024-10-10,HDFCBANK,819.5,832.7249755859375,816.25,831.2000122070312,21754766,46.39679237555972,-1.1307403488459613,850.5537536621093,841.4715646924202,825.5
2024-10-11,HDFCBANK,832.2249755859375,832.2249755859375,821.625,825.5,23672594,44.3816071337429,-2.152621436080267,850.1637542724609,839.9504632931421,844.0499877929688
2024-10-14,HDFCBANK,828.0250244140625,846.0250244140625,827.0,844.0499877929688,18527508,51.72947833733889,-1.4489381171117657,850.7175048828125,840.3408941978876,842.0499877929688
2024-10-15,HDFCBANK,847.0,849.0,837.75,842.0499877929688,19651130,50.94795685029235,-1.0406513217134261,851.046255493164,840.5036650164667,849.9000244140625
2024-10-16,HDFCBANK,840.0499877929688,853.9749755859375,840.0499877929688,849.9000244140625,20470682,53.89239068245337,-0.0826954829327633,851.821255493164,841.3985563876663,836.5750122070312
2024-10-17,HDFCBANK,847.4749755859375,848.8250122070312,832.5999755859375,836.5750122070312,14695732,48.56351678833491,-0.3941818196861959,851.2800048828125,840.9391712276058,840.9249877929688
2024-10-18,HDFCBANK,831.5499877929688,845.5,827.0499877929688,840.9249877929688,24809724,50.29151161301634,-0.28672512145874407,850.6137542724609,840.9378204243071,864.3499755859375
2024-10-21,HDFCBANK,857.5,874.0750122070312,855.5250244140625,864.3499755859375,46548354,58.39690421523569,1.6693921170069643,850.3012542724609,843.1675494873195,857.2750244140625
2024-10-22,HDFCBANK,865.0250244140625,870.0,855.3499755859375,857.2750244140625,38875280,55.45574329513097,2.6185546221283857,849.1700042724609,844.5111185279618,867.9000244140625
2024-10-23,HDFCBANK,852.5250244140625,873.25,852.5250244140625,867.9000244140625,38036090,58.81081878458014,4.179937728737627,848.3637542724609,846.7386333742571,874.8250122070312
2024-10-24,HDFCBANK,869.0499877929688,884.3250122070312,869.0499877929688,874.8250122070312,30832258,60.879030282054764,5.908029642144129,847.6275054931641,849.4135265964261,871.7000122070312
2024-10-25,HDFCBANK,877.5,878.9249877929688,864.3499755859375,871.7000122070312,26130478,59.428840831651314,6.945332085501036,846.6262573242187,851.5360490355314,867.0999755859375
2024-10-28,HDFCBANK,871.0,875.5,864.4500122070312,867.0999755859375,22012142,57.26635866261447,7.311929858123449,846.165005493164,853.0183277546176,875.9249877929688
2024-10-29,HDFCBANK,863.0750122070312,882.0,862.5499877929688,875.9249877929688,35794926,60.25437722521729,8.21981307702822,846.6600036621094,855.1999144249368,867.2999877929688
2024-10-30,HDFCBANK,871.0,877.375,862.0999755859375,867.2999877929688,32715724,56.123993255068065,8.149410321731011,846.870004272461,856.3523023647493,867.8499755859375
2024-10-31,HDFCBANK,864.0,869.4500122070312,859.7000122070312,867.8499755859375,22895912,56.32956714374224,8.045254365062874,848.2125030517578,857.4473188620053,868.6500244140625
2024-11-01,HDFCBANK,866.5,872.0499877929688,863.0499877929688,868.6500244140625,1759692,56.647767346223205,7.93578844381932,850.2037536621094,858.5142432002964,857.0499877929688
2024-11-04,HDFCBANK,872.5,872.5,855.4500122070312,857.0499877929688,28089248,50.861127074702985,6.834229163169994,852.6112518310547,858.3747903043604,878.9249877929688
2024-11-05,HDFCBANK,851.5,881.3499755859375,848.9500122070312,878.9249877929688,44232406,59.30365456052195,7.638315434306037,855.28125,860.3319519699422,877.625
2024-11-06,HDFCBANK,885.75,885.75,872.6749877929688,877.625,27787910,58.65866106689304,8.077548495907536,858.3337493896485,861.9789089251859,873.2750244140625
2024-11-07,HDFCBANK,872.1500244140625,880.4749755859375,869.0,873.2750244140625,18895456,56.44637069875804,7.98261852881501,860.4375,863.0547294479361,877.2249755859375
2024-11-08,HDFCBANK,876.0,880.9000244140625,872.9249877929688,877.2249755859375,19902986,57.995526574216406,8.132369006726094,863.0237487792969,864.4042766991743,883.1500244140625
2024-11-11,HDFCBANK,877.2750244140625,891.4000244140625,875.5999755859375,883.1500244140625,24565362,60.27790574742769,8.62967177762664,864.9787506103515,866.189586005354,859.0999755859375
2024-11-12,HDFCBANK,886.0,887.5,854.3250122070312,859.0999755859375,31395406,48.70861481644454,7.002430204121538,865.83125,865.5143850130287,840.6749877929688
2024-11-13,HDFCBANK,858.375,864.7000122070312,836.5,840.6749877929688,35728500,42.04991231967315,4.177926466988879,865.3699981689454,863.1487281349278,846.375
2024-11-14,HDFCBANK,836.5499877929688,852.4249877929688,836.0499877929688,846.375,27146470,44.57425678910731,2.372086319460209,865.8599975585937,861.5512302173156,852.5499877929688
2024-11-18,HDFCBANK,850.0,859.4500122070312,847.5,852.5499877929688,27081968,47.25479795895209,1.422813591126669,866.4412475585938,860.6939690340445,871.125
2024-11-19,HDFCBANK,857.0,876.875,851.3499755859375,871.125,50981272,54.399132021075545,2.144634352211142,866.7799987792969,861.6874005546116,870.5999755859375
2024-11-21,HDFCBANK,874.7000122070312,879.5,867.0999755859375,870.5999755859375,35716512,54.17576506759024,2.6438408715719106,867.4462463378907,862.5362172242617,872.7999877929688
2024-11-22,HDFCBANK,871.7750244140625,877.1500244140625,864.7750244140625,872.7999877929688,24773612,55.00940585309824,3.180327399021394,867.6912445068359,863.5137191831861,892.7999877929688
2024-11-25,HDFCBANK,892.5250244140625,901.7750244140625,882.4500122070312,892.7999877929688,427737274,61.81101186000515,5.1598501495983555,868.5899932861328,866.302887622213,892.7750244140625
2024-11-26,HDFCBANK,905.0,905.0,884.9000244140625,892.7750244140625,30935566,61.798453717479724,6.649965195754817,869.6437438964844,868.8240435071511,906.1500244140625
2024-11-27,HDFCBANK,894.9500122070312,908.6749877929688,892.5750122070312,906.1500244140625,32714976,65.80687578043958,8.808602736808893,871.5962463378906,872.3788988316189,896.5750122070312
2024-11-28,HDFCBANK,909.5,918.0499877929688,894.0,896.5750122070312,35722392,60.8818283531576,9.635641400757095,872.6287475585938,874.6832905816582,898.0250244140625
2024-11-29,HDFCBANK,900.6500244140625,902.2999877929688,891.4500122070312,898.0250244140625,27669536,61.35352848522772,10.289468776197396,874.1649993896484,876.906312851411,902.3499755859375
2024-12-02,HDFCBANK,901.75,904.0750122070312,887.5,902.3499755859375,15110876,62.794606797457426,11.029478137889214,875.8899993896484,879.3295188261278,913.1500244140625
2024-12-03,HDFCBANK,911.3499755859375,918.7000122070312,908.0499877929688,913.1500244140625,43410242,66.18547009645502,12.345107850428235,878.1149993896485,882.550519358312,930.0499877929688
2024-12-04,HDFCBANK,919.0,932.5,915.5750122070312,930.0499877929688,44669084,70.68744245004324,14.583332107282672,881.7649993896484,887.0742782568508,932.875
2024-12-05,HDFCBANK,930.0,939.9749755859375,917.5999755859375,932.875,39682714,71.37354076427874,16.396091890766115,884.4625,891.4362517561983,927.9249877929688
2024-12-06,HDFCBANK,928.5,932.0999755859375,922.0,927.9249877929688,17783156,68.35449069367402,17.234622463694905,886.9774993896484,894.9113694739859,935.0
2024-12-09,HDFCBANK,926.8250122070312,940.0,924.5,935.0,26947912,70.2889377993612,18.259573345454328,890.0637481689453,898.7293342859873,934.0499877929688
2024-12-10,HDFCBANK,938.8499755859375,938.8499755859375,929.2750244140625,934.0499877929688,13325480,69.67305749690746,18.778726785070035,892.9049987792969,902.093206048557,931.5499877929688
2024-12-11,HDFCBANK,930.8499755859375,935.9500122070312,928.375,931.5499877929688,14045426,67.98488353216584,18.77203814904169,895.3249969482422,904.8986138337391,929.625
2024-12-12,HDFCBANK,925.5,934.3250122070312,924.3499755859375,929.625,17293790,66.64582992434052,18.399311124235282,898.8512481689453,907.2535077543353,935.875
2024-12-13,HDFCBANK,931.25,937.5,914.625,935.875,19009002,68.79488763287554,18.39618526577715,903.6112487792968,909.9793641586843,932.5999755859375
2024-12-16,HDFCBANK,932.5499877929688,934.9749755859375,927.625,932.5999755859375,13107082,66.38130092175867,17.92283758562678,907.9224975585937,912.1337081041371,916.625
2024-12-17,HDFCBANK,928.1749877929688,931.1749877929688,913.25,916.625,21079532,56.05125150834493,16.073375252891537,911.1262481689453,912.5614501894573,905.3499755859375
2024-12-18,HDFCBANK,914.9249877929688,918.0,903.5750122070312,905.3499755859375,23422312,50.12264542398824,13.541761788197732,912.8374969482422,911.8746430843602,896.75
2024-12-19,HDFCBANK,899.7999877929688,900.5499877929688,889.5,896.75,25380770,46.11597952346498,10.717943935349126,914.1449981689453,910.4342008858497,885.75
2024-12-20,HDFCBANK,891.0999755859375,898.7750244140625,883.5250244140625,885.75,25692348,41.54178671124631,7.505916341973716,914.7924987792969,908.0833246110069,900.5
2024-12-23,HDFCBANK,891.0,903.0,890.6500244140625,900.5,11044592,48.8659385175317,6.080471175175717,915.1774993896485,907.3611032194824,899.0499877929688
2024-12-24,HDFCBANK,901.0250244140625,904.3499755859375,894.7750244140625,899.0499877929688,14485834,48.226262996694715,4.778705798061651,915.4912475585937,906.5695684169573,895.375
2024-12-26,HDFCBANK,899.2750244140625,906.0,890.375,895.375,10481678,46.56262116052344,3.411184544210414,914.9524963378906,905.5034190439137,899.125
2024-12-27,HDFCBANK,897.4000244140625,902.9749755859375,894.5499877929688,899.125,7259330,48.514362962837104,2.6000361596352377,915.0799957275391,904.895950563541,888.9500122070312
2024-12-30,HDFCBANK,896.0999755859375,907.5,885.5,888.9500122070312,22222218,43.83598506355407,1.1232110639091388,914.6262451171875,903.3772897676829,886.4249877929688
2024-12-31,HDFCBANK,885.1500244140625,890.9000244140625,882.7999877929688,886.4249877929688,14117236,42.73464500725305,-0.24807221009098157,913.8299957275391,901.7627848177101,891.375
2025-01-01,HDFCBANK,886.7249755859375,897.0,880.5499877929688,891.375,7313806,45.619091551035815,-0.9247396451701206,912.741244506836,900.7734719779281,896.875
2025-01-02,HDFCBANK,888.5499877929688,901.7249755859375,886.5,896.875,18558576,48.71039067930474,-1.0056074117401295,911.0824951171875,900.4021889324111,874.5999755859375
2025-01-03,HDFCBANK,895.5,897.625,873.1500244140625,874.5999755859375,24426194,39.03284977196459,-2.8344304594711502,908.1687438964843,897.9448352803661,855.25
2025-01-06,HDFCBANK,870.0499877929688,878.5999755859375,852.9000244140625,855.25,18816348,32.915173786264916,-5.7785556238425215,904.5349945068359,893.8786604917598,856.7000122070312
2025-01-07,HDFCBANK,857.5,860.5,850.0,856.7000122070312,13527906,33.75308459583347,-7.903683418457604,900.6199951171875,890.3378368455951,847.1500244140625
2025-01-08,HDFCBANK,854.125,855.8250122070312,841.6749877929688,847.1500244140625,19738190,31.006214725003474,-10.240421504065921,896.2749969482422,886.2247118521158,833.9000244140625
2025-01-09,HDFCBANK,842.0750122070312,844.5,829.0499877929688,833.9000244140625,40420222,27.644705338351642,-13.011479303285114,891.3924987792968,881.2414082865869,828.375
2025-01-10,HDFCBANK,835.5,837.4500122070312,827.0,828.375,17453280,26.361323764502416,-15.474999705467098,886.3299987792968,876.2065122592928,815.4249877929688
2025-01-13,HDFCBANK,820.0,823.375,812.1500244140625,815.4249877929688,21669066,23.596245660720896,-18.261804416507175,880.3074981689454,870.4177956434525,823.2999877929688
2025-01-14,HDFCBANK,819.9500122070312,828.0999755859375,818.5,823.2999877929688,26661432,28.50721763156804,-19.608881561435965,874.8424987792969,865.9303853719779,821.5250244140625
2025-01-15,HDFCBANK,828.25,831.3499755859375,818.1500244140625,821.5250244140625,14022892,28.069284685092114,-20.58241336547883,870.0875,861.701303375986,826.0250244140625
2025-01-16,HDFCBANK,826.4249877929688,830.2750244140625,821.4249877929688,826.0250244140625,21212454,30.96483397122948,-20.75162018214519,866.1212524414062,858.3035625224694,818.375
2025-01-17,HDFCBANK,821.75,825.25,814.25,818.375,23112076,28.839444777203468,-21.25796228313766,862.2025024414063,854.5008422822342,825.625
2025-01-20,HDFCBANK,813.0,830.4749755859375,813.0,825.625,17557618,33.49813071947874,-20.83406549863753,859.1962524414063,851.7507620648786,821.2000122070312
2025-01-21,HDFCBANK,829.125,830.5250244140625,816.5250244140625,821.2000122070312,31158144,32.116136717931994,-20.617517864651745,855.2312530517578,848.8411668403216,833.0250244140625
2025-01-22,HDFCBANK,821.2000122070312,835.9500122070312,812.7249755859375,833.0250244140625,30619306,39.32059161751836,-19.269594751826844,851.9300048828125,847.3348675616303,832.4500122070312
2025-01-23,HDFCBANK,843.5,843.5,825.625,832.4500122070312,34909158,39.10326757408338,-18.03980303320202,848.7837554931641,845.9172622897638,824.9000244140625
2025-01-24,HDFCBANK,830.0,835.1500244140625,822.25,824.9000244140625,24236200,36.26878005369645,-17.47298743049123,845.0725067138671,843.9156205873161,814.9000244140625
2025-01-27,HDFCBANK,820.5499877929688,821.7999877929688,813.0,814.9000244140625,22804166,32.87016612884443,-17.627499565911762,841.3700073242187,841.1522304755777,835.2000122070312
2025-01-28,HDFCBANK,823.5,842.1500244140625,823.5,835.2000122070312,30179312,44.283950429480235,-15.928300650737583,838.8087585449218,840.5853525452399,838.6500244140625
2025-01-29,HDFCBANK,837.5,840.5750122070312,834.4249877929688,838.6500244140625,12619890,45.96544401136449,-14.140285704661437,836.172509765625,840.4010355803658,845.75
2025-01-30,HDFCBANK,840.5,848.9500122070312,836.2750244140625,845.75,25744846,49.35302228954518,-12.011896618063588,833.616259765625,840.9104607631881,849.375
2025-01-31,HDFCBANK,843.625,852.3499755859375,841.9749755859375,849.375,15821686,51.040697281844544,-9.91829381097898,832.3550109863281,841.7166073571701,845.4749755859375
2025-02-01,HDFCBANK,848.75,856.5,838.0250244140625,845.4749755859375,5587528,49.143361746691966,-8.476090780784034,831.866259765625,842.0745471884813,839.0
2025-02-03,HDFCBANK,835.0,843.4000244140625,831.7249755859375,839.0,20276540,46.08067971005707,-7.766088273603145,830.9812591552734,841.7817331705307,860.4500122070312
2025-02-04,HDFCBANK,844.3499755859375,862.9000244140625,840.0250244140625,860.4500122070312,28616502,55.88832388719737,-5.410203987659997,831.6462585449219,843.5596645073404,868.9000244140625
2025-02-05,HDFCBANK,866.5,872.0999755859375,859.4500122070312,868.9000244140625,23675506,59.04845471583355,-2.828695906799908,833.3962585449219,845.9730321175043,871.9249877929688
2025-02-06,HDFCBANK,867.75,874.5,862.0,871.9249877929688,26760716,60.14907466712798,-0.5326033698396486,835.5737579345703,848.4446469437389,866.375
2025-02-07,HDFCBANK,875.0,883.5,862.5,866.375,23509600,57.1160108760053,0.82966501460578,838.1212585449218,850.1522996157637,857.875
2025-02-10,HDFCBANK,858.6500244140625,861.7249755859375,854.25,857.875,17195950,52.73044525606244,1.2094517543893062,839.8500091552735,850.8877948904529,850.7000122070312
2025-02-11,HDFCBANK,851.5,855.5,844.3499755859375,850.7000122070312,22724704,49.29000861550321,0.9208588433345994,841.3087585449218,850.8699108253652,853.4000244140625
2025-02-12,HDFCBANK,846.5,856.0,840.5999755859375,853.4000244140625,22809570,50.59630229602317,0.8996447575327693,842.6775085449219,851.1108740242887,848.8499755859375
2025-02-13,HDFCBANK,849.5,857.125,846.7750244140625,848.8499755859375,12602434,48.336564339309206,0.5098048150450722,844.2012573242188,850.8955503634934,847.4249877929688
2025-02-14,HDFCBANK,850.9500122070312,850.9500122070312,840.0,847.4249877929688,19959892,47.619262837595684,0.08489067929735938,845.2912567138671,850.565020594872,858.6749877929688
2025-02-17,HDFCBANK,842.5999755859375,860.0,840.625,858.6749877929688,12938946,53.48766856803486,0.6484492261697596,847.165005493164,851.3373984232621,861.5250244140625
2025-02-18,HDFCBANK,856.5250244140625,865.7750244140625,853.0750122070312,861.5250244140625,16350910,54.867174742011635,1.3099473141351154,848.5900054931641,852.3076485176241,863.5999755859375
2025-02-19,HDFCBANK,858.5,868.9500122070312,856.2249755859375,863.5999755859375,11884112,55.89284257024266,1.9788100427573454,850.1475036621093,853.3831082384158,843.5499877929688
2025-02-20,HDFCBANK,855.5,857.3499755859375,842.6500244140625,843.5499877929688,26390510,45.20297856695521,0.8808680256547632,851.0800018310547,852.4466205769447,846.25
2025-02-21,HDFCBANK,840.4500122070312,847.4749755859375,838.625,846.25,15680940,46.68183983990998,0.22600425070049823,852.6475006103516,851.8564662362833,838.5499877929688
2025-02-24,HDFCBANK,840.5499877929688,842.0999755859375,830.5499877929688,838.5499877929688,20693646,43.10873216718492,-0.9038871934935742,852.8149993896484,850.5891825750152,841.1749877929688
2025-02-25,HDFCBANK,835.5499877929688,844.0,835.5499877929688,841.1749877929688,24138708,44.663732822026425,-1.5694273598164727,852.9412475585938,849.6925925957728,850.3499755859375
2025-02-27,HDFCBANK,841.2750244140625,855.375,841.2750244140625,850.3499755859375,35786800,49.82582844517671,-1.3410688928547643,853.1712463378906,849.755200499598,866.2000122070312
2025-02-28,HDFCBANK,842.5,868.625,842.5,866.2000122070312,54516728,57.24583185402332,0.11751765807559877,854.0124969482422,851.3213730431631,850.7750244140625
2025-03-03,HDFCBANK,869.9000244140625,871.5250244140625,847.0499877929688,850.7750244140625,21205364,49.56392820009636,0.028462309558221932,854.2774993896485,851.2693398403917,855.0
2025-03-04,HDFCBANK,849.0,857.1500244140625,846.625,855.0,19920958,51.48432562930597,0.2954003332781667,855.0774993896484,851.6246408079735,845.0
2025-03-05,HDFCBANK,850.9749755859375,855.4000244140625,844.125,845.0,21583872,46.92964805644614,-0.2965473727334711,854.3049987792969,850.9937226357855,845.5999755859375
2025-03-06,HDFCBANK,843.5,849.9500122070312,836.125,845.5999755859375,32966088,47.231280068515915,-0.7090833079358845,853.1399963378906,850.4800324405619,844.625
2025-03-07,HDFCBANK,841.0,850.5750122070312,838.7999877929688,844.625,13372914,46.76612082410527,-1.101990331739671,851.7749969482422,849.9224103033655,843.75
2025-03-10,HDFCBANK,844.5,849.9500122070312,841.5250244140625,843.75,15604050,46.32517221358981,-1.4670657454694265,850.6437469482422,849.334561703045,842.75
2025-03-11,HDFCBANK,841.2000122070312,847.0,835.0250244140625,842.75,19898430,45.79375028278496,-1.8161468730870638,849.8874969482422,848.7074605884693,855.5750122070312
2025-03-12,HDFCBANK,845.7750244140625,859.25,845.7750244140625,855.5750122070312,18784106,53.20754759110626,-1.0458687557242001,850.1312469482422,849.3615131235704,853.2999877929688
2025-03-13,HDFCBANK,858.0250244140625,860.4000244140625,850.0250244140625,853.2999877929688,15736264,51.85274488366423,-0.6119392010119782,850.1262451171875,849.7366059492274,855.2000122070312
2025-03-17,HDFCBANK,852.5,862.0,852.5,855.2000122070312,18950652,52.93069436658617,-0.1134233379248144,850.4437469482422,850.2569303547325,855.2000122070312
2025-03-18,HDFCBANK,855.2000122070312,855.2000122070312,855.2000122070312,855.2000122070312,0,52.93069436658617,0.27844434213420755,850.8324981689453,850.7277000549515,872.0499877929688
2025-03-19,HDFCBANK,867.5,875.5,866.0999755859375,872.0499877929688,15221406,61.74065334628521,1.9264476214901833,851.5012481689453,852.7583941252389,884.375
2025-03-20,HDFCBANK,877.0,887.0,874.6500244140625,884.375,17833978,66.65671424864834,4.1788563198770134,852.6437469482422,855.7694994466447,885.1749877929688
2025-03-21,HDFCBANK,877.7750244140625,887.0499877929688,877.7750244140625,885.1749877929688,33508264,66.95352899853343,5.959758385347072,853.7224975585938,858.5700221462946,900.0
2025-03-24,HDFCBANK,889.5,902.2000122070312,886.8250122070312,900.0,17393736,71.93871163983934,8.469756608309353,856.5449981689453,862.515734322838,910.7249755859375
2025-03-25,HDFCBANK,902.4500122070312,921.8499755859375,900.75,910.7249755859375,39101416,74.8898600781091,11.195311597732712,859.7687469482422,867.1070906336093,903.2750244140625
2025-03-26,HDFCBANK,912.5,913.75,901.0,903.2750244140625,24478442,69.42777462595303,12.608837930746972,863.0049987792969,870.5516557555572,912.6749877929688
2025-03-27,HDFCBANK,900.0,920.5,899.0499877929688,912.6749877929688,41658100,72.18442063269039,14.322465749736693,866.5799987792968,874.5634016638821,914.0999755859375
2025-03-28,HDFCBANK,914.5,918.0,902.9249877929688,914.0999755859375,28773648,72.58794082687221,15.615506904797371,869.7674987792968,878.3287896564589,883.9249877929688
2025-04-01,HDFCBANK,901.0,904.9500122070312,882.6749877929688,883.9249877929688,28511006,54.54358178432978,14.043497308841097,870.6537475585938,878.8617609075551,898.4500122070312
2025-04-02,HDFCBANK,885.3499755859375,899.5999755859375,885.3499755859375,898.4500122070312,11573564,59.732598183589076,13.810517409896534,873.0374969482422,880.7273086503624,897.4249877929688
2025-04-03,HDFCBANK,890.5499877929688,902.0,888.5,897.4249877929688,11250038,59.21884821383854,13.388830157921916,875.1587463378906,882.317563806801,908.6500244140625
2025-04-04,HDFCBANK,906.5,920.9749755859375,905.5499877929688,908.6500244140625,33540454,62.974454911894874,13.80131366352282,878.3412475585938,884.8254171979687,878.8499755859375
2025-04-07,HDFCBANK,881.4000244140625,889.9249877929688,869.0999755859375,878.8499755859375,37995450,49.8495598908382,11.58999270112588,880.0037475585938,884.2563275206323,884.5750122070312
2025-04-08,HDFCBANK,882.5,891.0,875.1500244140625,884.5750122070312,35563872,51.92264881041936,10.182094666729654,882.0012481689453,884.2866784431466,882.5
2025-04-09,HDFCBANK,882.5,887.5,876.75,882.5,22454608,51.09817728562676,8.797477345012453,883.9387481689453,884.1165185914183,903.375
2025-04-11,HDFCBANK,887.375,909.7000122070312,887.375,903.375,32775766,58.27603584552705,9.277649217228145,886.9699981689453,885.95065967795,932.4500122070312
2025-04-15,HDFCBANK,932.5,938.4000244140625,927.5,932.4500122070312,49298344,65.80464954151033,11.867498247961066,890.8137481689453,890.3791694426244,939.0
2025-04-16,HDFCBANK,941.9000244140625,941.9000244140625,930.25,939.0,19136820,67.23879937669614,14.283846249849603,895.0987487792969,895.0097247338031,953.3499755859375
2025-04-17,HDFCBANK,941.0,959.8499755859375,938.3499755859375,953.3499755859375,35703084,70.1886774561881,17.158944916305927,900.0062469482422,900.565939100673,963.5499877929688
2025-04-21,HDFCBANK,962.0,975.3499755859375,955.0,963.5499877929688,34247298,72.11093852216229,20.02964775222381,905.4237457275391,906.5644199285107,980.8499755859375
2025-04-22,HDFCBANK,967.5,985.2999877929688,967.5,980.8499755859375,45961750,75.04953260929555,23.430571817954956,910.8637451171875,913.6392347530276,961.9500122070312
2025-04-23,HDFCBANK,989.4500122070312,989.4500122070312,960.25,961.9500122070312,30570642,66.77201637255726,24.320409015091286,914.7424957275391,918.2402611772184,958.4000244140625
2025-04-24,HDFCBANK,955.0,961.9500122070312,952.5499877929688,958.4000244140625,25931754,65.3148322006474,24.457229342581286,918.4037475585938,922.0650005331083,955.5999755859375
2025-04-25,HDFCBANK,962.4000244140625,966.5,945.9000244140625,955.5999755859375,18500878,64.12611563133419,24.06234417307121,921.1837463378906,925.2588076809968,960.0999755859375
2025-04-28,HDFCBANK,955.5999755859375,964.8499755859375,954.2000122070312,960.0999755859375,13920492,65.22160368365903,23.837720816069577,923.6524963378906,928.577014148134,954.4000244140625
2025-04-29,HDFCBANK,959.4000244140625,964.4000244140625,950.0999755859375,954.4000244140625,18918308,62.61340963006608,22.93538195780127,926.2087463378906,931.0363484591749,962.5
2025-04-30,HDFCBANK,956.5,968.4500122070312,955.1500244140625,962.5,31936870,64.7694884550603,22.61320133828906,928.6999969482422,934.0328867011582,960.9500122070312
2025-05-02,HDFCBANK,964.9000244140625,970.9500122070312,960.0,960.9500122070312,17840404,64.0087811555704,21.979434574978086,931.0424987792969,936.5964224636223,968.4000244140625
2025-05-05,HDFCBANK,969.5,976.0,966.1500244140625,968.4000244140625,15068024,66.07143342183451,21.826718744740106,935.2662506103516,939.6253369350927,965.8499755859375
2025-05-06,HDFCBANK,965.0,970.0499877929688,962.1500244140625,965.8499755859375,17490156,64.70452224620126,21.254909355902782,938.6362487792969,942.1229215685065,972.7999877929688
2025-05-07,HDFCBANK,967.0,974.3499755859375,961.2000122070312,972.7999877929688,21420778,66.72505399582968,21.119106285939893,942.4049987792969,945.0445469232171,964.25
2025-05-08,HDFCBANK,977.4000244140625,977.4000244140625,959.5499877929688,964.25,34803430,62.02122459799922,20.0899839851229,945.1849975585938,946.8736376924346,944.8499755859375
2025-05-09,HDFCBANK,955.0499877929688,959.5,943.4000244140625,944.8499755859375,17188796,52.907402738631056,17.507165602619125,948.4849975585937,946.6809079680063,978.5999755859375
2025-05-12,HDFCBANK,958.7999877929688,979.9500122070312,956.1500244140625,978.5999755859375,18618972,63.073504920518886,17.97638578039971,953.186245727539,949.720819169714,961.2999877929688
2025-05-13,HDFCBANK,975.0,980.8499755859375,960.0,961.2999877929688,24242102,56.357510444439335,16.75909332331969,957.1262451171875,950.8235971338335,955.2999877929688
2025-05-14,HDFCBANK,961.0499877929688,965.0999755859375,951.5,955.2999877929688,15445308,54.2019108176976,15.13575486465777,959.7224945068359,951.2499200537511,966.9000244140625
2025-05-15,HDFCBANK,956.75,972.4000244140625,948.5,966.9000244140625,32241458,57.58006229248138,14.616780305683392,961.4449951171875,952.7404061833046,967.3499755859375
2025-05-16,HDFCBANK,966.9000244140625,971.9000244140625,964.2000122070312,967.3499755859375,15868010,57.71036588777236,14.079496852326656,962.8624938964844,954.1317937454601,969.3499755859375
2025-05-19,HDFCBANK,968.5,972.5,965.5,969.3499755859375,10202964,58.323182058785584,13.657642330724343,963.6624938964844,955.5811443969342,957.4500122070312
2025-05-20,HDFCBANK,964.0499877929688,967.2999877929688,956.5,957.4500122070312,23879090,53.36781296880007,12.22220205330882,963.3574951171875,955.7591318074195,963.4000244140625
2025-05-21,HDFCBANK,963.5,973.4500122070312,960.5499877929688,963.4000244140625,15132040,55.40790423279606,11.432929851868153,962.4849975585937,956.486835865195,959.9500122070312
2025-05-22,HDFCBANK,957.5999755859375,962.0999755859375,952.5999755859375,959.9500122070312,21306670,53.93451316298687,10.409049747593258,962.3849975585938,956.8166621834652,966.7999877929688
2025-05-23,HDFCBANK,960.0499877929688,968.5,957.25,966.7999877929688,9566072,56.41283664113171,10.034679630043911,962.8049957275391,957.767455098656,970.0999755859375
2025-05-26,HDFCBANK,967.5,974.9500122070312,963.4500122070312,970.0999755859375,10802860,57.59640407334552,9.890261274935483,963.529995727539,958.9419808593495,963.1500244140625
2025-05-27,HDFCBANK,965.7999877929688,974.0,958.1500244140625,963.1500244140625,26162148,54.25500526412113,9.109991401525122,963.6824981689454,959.3427469121793,961.75
2025-05-28,HDFCBANK,960.0999755859375,967.25,958.8499755859375,961.75,18157594,53.58066424796279,8.28316842606148,964.0499969482422,959.5720091110194,963.75
2025-05-29,HDFCBANK,964.0,970.4000244140625,953.6500244140625,963.75,28917794,54.45161149809471,7.700521725330077,964.1124969482422,959.9699130052079,972.4500122070312
2019-02-05,TCS,2050.0,2055.0,2028.0,2044.550048828125,1111404,74.73514875785588,37.040507595834924,1926.5375122070313,1953.7224396144952,2074.800048828125
2019-02-06,TCS,2049.89990234375,2086.85009765625,2041.050048828125,2074.800048828125,1789812,77.93184204293723,41.88202922453297,1935.9300170898437,1965.2536404919838,2082.89990234375
2019-02-07,TCS,2074.75,2097.949951171875,2067.0,2082.89990234375,1339945,78.70866764753396,45.844098254251776,1945.647509765625,1976.458046382628,2061.39990234375
2019-02-08,TCS,2075.0,2089.5,2051.0,2061.39990234375,1684474,71.51273914764539,46.71074381025096,1956.5900024414063,1984.547746950354,2065.89990234375
2019-02-11,TCS,2060.0,2096.0,2048.89990234375,2065.89990234375,1778730,72.08793401097742,47.21639780642954,1969.2224975585937,1992.2955712735345,2051.60009765625
2019-02-12,TCS,2070.0,2070.0,2018.0,2051.60009765625,2422903,67.42873165802932,45.93376169951648,1978.4125,1997.9436214052216,2044.5999755859375
2019-02-14,TCS,2060.050048828125,2075.0,2033.050048828125,2044.5999755859375,1724085,65.20694161745459,43.8469714027417,1987.1349975585938,2002.387083708147,2029.699951171875
2019-02-15,TCS,2049.0,2052.0,2010.949951171875,2029.699951171875,1930065,60.62768422745985,40.52373521807567,1993.9049926757812,2004.9883091808829,1970.300048828125
2019-02-18,TCS,2037.5999755859375,2041.949951171875,1962.6500244140625,1970.300048828125,2942184,46.582996691613204,32.71979744804571,1997.3874938964843,2001.6846653377631,1904.800048828125
2019-02-19,TCS,1970.0,1971.0,1892.0,1904.800048828125,4408554,36.53298598910231,21.00765477981099,1997.1924987792968,1992.4575590035117,1914.75
2019-02-20,TCS,1915.0,1933.800048828125,1881.300048828125,1914.75,4645778,38.69663951046902,12.385799451972616,1997.8349975585938,1985.0568390984154,1914.199951171875
2019-02-21,TCS,1914.75,1940.0,1897.050048828125,1914.199951171875,4683919,38.61826093967093,5.4457573432805475,1999.7649963378906,1978.3085640577924,1925.6500244140625
2019-02-22,TCS,1917.199951171875,1930.0,1905.0999755859375,1925.6500244140625,2271955,41.28432071409261,0.8597386581459432,2000.9699951171874,1973.2934650441039,1985.1500244140625
2019-02-25,TCS,1932.5,1990.0,1930.5,1985.1500244140625,2934880,52.76543410928358,2.003345230668401,2004.1874938964843,1974.4226611745762,2038.699951171875
2019-02-26,TCS,1984.0,2045.1500244140625,1972.25,2038.699951171875,6453309,60.29109182209865,7.148292170097875,2008.372491455078,1980.5443078409855,2058.10009765625
2019-02-27,TCS,2040.0,2074.949951171875,2022.0,2058.10009765625,4732082,62.61496859094119,12.645361518317713,2012.1399963378906,1987.9305735376774,1983.449951171875
2019-02-28,TCS,2060.0,2071.35009765625,1977.5999755859375,1983.449951171875,8454295,50.39380317713222,10.85307810841664,2012.2424926757812,1987.503847598077,1995.4000244140625
2019-03-01,TCS,1995.050048828125,2005.0,1980.3499755859375,1995.4000244140625,4148548,52.008616455351614,10.278467853786424,2011.3074951171875,1988.2558644376948,1988.0999755859375
2019-03-05,TCS,2005.0,2007.0,1976.5999755859375,1988.0999755859375,2449622,50.9181830218329,9.128801020094215,2009.2149963378906,1988.2410178803846,1999.5999755859375
2019-03-06,TCS,1989.300048828125,2015.0,1985.050048828125,1999.5999755859375,2635047,52.60404454755902,9.04141189375332,2006.6824951171875,1989.3228233761515,2013.300048828125
2019-03-07,TCS,2005.0,2024.050048828125,2000.199951171875,2013.300048828125,2539884,54.60447758373179,9.962791932107848,2005.1199951171875,1991.606368657292,2022.699951171875
2019-03-08,TCS,2025.0,2033.0,2010.050048828125,2022.699951171875,2031071,55.97739253293455,11.320984548757451,2002.514990234375,1994.5676622301096,2014.800048828125
2019-03-11,TCS,2028.9000244140625,2033.0,2003.6500244140625,2014.800048828125,3111689,54.48597779969787,11.625889864309102,1999.1099975585937,1996.4945561918253,2012.449951171875
2019-03-12,TCS,2014.050048828125,2024.800048828125,2003.0,2012.449951171875,2658550,54.02484273673842,11.544814844207849,1996.6625,1998.0141176184966,2000.5
2019-03-13,TCS,2013.0,2015.9000244140625,1978.5999755859375,2000.5,1833163,51.6319310576265,10.39645722962905,1993.3925048828125,1998.250868321497,1987.4000244140625
2019-03-14,TCS,2004.949951171875,2007.800048828125,1981.0,1987.4000244140625,1905495,49.06623654616494,8.333256405315751,1990.1825012207032,1997.217454616027,2039.949951171875
2019-03-15,TCS,1998.9000244140625,2068.949951171875,1991.0,2039.949951171875,5184318,58.06784420254106,10.81383958739957,1989.95,2001.2872161927744,2022.800048828125
2019-03-18,TCS,2043.0,2064.60009765625,2011.0,2022.800048828125,2349915,54.671957764853545,11.26599842243786,1989.6050048828124,2003.3360573961413,2022.800048828125
2019-03-19,TCS,2030.0,2030.0,1995.0999755859375,2022.800048828125,2373993,54.671957764853545,11.491866473565324,1992.2300048828124,2005.1897708658541,2015.050048828125
2019-03-20,TCS,2028.0,2044.800048828125,2000.0,2015.050048828125,3091165,53.0461080506219,10.919633562356921,1997.7425048828125,2006.1288449574988,2005.6500244140625
2019-03-22,TCS,2015.0,2016.0,1983.300048828125,2005.6500244140625,3148149,51.06261454172847,9.597003167982166,2002.2875061035156,2006.083243000981,1984.25
2019-03-25,TCS,2007.800048828125,2007.800048828125,1977.199951171875,1984.25,2429205,46.774590400623325,6.744262271347452,2005.7900085449219,2004.003886524697,1982.6500244140625
2019-03-26,TCS,1984.0,1994.949951171875,1958.050048828125,1982.6500244140625,2316539,46.46045175116555,4.3047177925263895,2008.6400085449218,2001.9701853713032,1967.9000244140625
2019-03-27,TCS,1994.0,1998.0,1961.0,1967.9000244140625,2266166,43.55625986788694,1.1676989809998304,2007.7775085449218,1998.72540813728,2000.300048828125
2019-03-28,TCS,1980.0,2014.5999755859375,1972.800048828125,2000.300048828125,4054489,50.82740783452581,1.281230931141863,2005.8575134277344,1998.8753739173603,2031.6500244140625
2019-04-01,TCS,2010.0,2039.949951171875,2008.25,2031.6500244140625,2095740,56.64688607591282,3.856432295730883,2004.535009765625,2001.9967692027606,2079.300048828125
2019-04-02,TCS,2037.0999755859375,2086.0,2037.0,2079.300048828125,3719663,63.68230315537869,9.631233804770318,2009.3275146484375,2009.358986309938,2079.300048828125
2019-04-03,TCS,2085.0,2089.60009765625,2058.10009765625,2079.300048828125,2939886,63.68230315537869,14.04589329128521,2013.5225158691405,2016.0200398830987,2014.5
2019-04-04,TCS,2078.14990234375,2079.699951171875,2007.4000244140625,2014.5,4397518,50.70458455926013,12.175370266895015,2014.8425170898438,2015.8752741799465,2048.300048828125
2019-04-05,TCS,2028.6500244140625,2054.39990234375,2018.800048828125,2048.300048828125,3152103,55.7679925118184,13.267410307956425,2017.277520751953,2018.9633479559634,2070.75
2019-04-08,TCS,2059.0,2075.0,2032.699951171875,2070.75,2194294,58.79536082039308,15.762680971410873,2020.1500183105468,2023.8954100553956,2091.5
2019-04-09,TCS,2070.0,2098.0,2057.64990234375,2091.5,2690970,61.423445922614775,19.19330407273378,2023.590020751953,2030.3339424310723,2040.25
2019-04-10,TCS,2083.0,2085.5,2036.0,2040.25,3313062,52.51438296596115,17.57406799459386,2024.8625183105469,2031.2783288662083,2019.5
2019-04-11,TCS,2045.0,2055.0,2013.6500244140625,2019.5,3422442,49.39080148636045,14.449890805229643,2025.215020751953,2030.1565832599026,2014.5
2019-04-12,TCS,2038.0,2039.0,2007.0,2014.5,3198471,48.640034727978026,11.438642114927461,2025.915020751953,2028.665480092293,2113.300048828125
2019-04-15,TCS,2070.0,2119.800048828125,2041.0,2113.300048828125,9189201,61.192880820851684,16.83053216875851,2032.2100219726562,2036.7259152099912,2131.800048828125
2019-04-16,TCS,2120.0,2155.949951171875,2115.550048828125,2131.800048828125,5771952,63.015662196045774,22.3389299924861,2036.8025268554688,2045.7805946021945,2150.050048828125
2019-04-18,TCS,2149.89990234375,2155.0,2114.199951171875,2150.050048828125,3413728,64.77346027945333,27.855892048199166,2043.1650268554688,2055.711018814188,2161.449951171875
2019-04-22,TCS,2148.0,2176.0,2145.60009765625,2161.449951171875,2007135,65.86484036084508,32.770246073137514,2050.097521972656,2065.781393324444,2155.050048828125
2019-04-23,TCS,2163.0,2165.5,2134.050048828125,2155.050048828125,2163524,64.65380444503096,35.7365398251045,2057.097521972656,2074.2831700390802,2183.449951171875
2019-04-24,TCS,2158.0,2195.0,2156.10009765625,2183.449951171875,3003071,67.50875091819256,39.91882440662994,2065.987518310547,2084.6800063374417,2195.0
2019-04-25,TCS,2175.0,2205.0,2168.050048828125,2195.0,4211526,68.61888471762263,43.661999134494636,2076.525018310547,2095.186672400542,2238.550048828125
2019-04-26,TCS,2203.0,2243.949951171875,2193.14990234375,2238.550048828125,2716958,72.44222209946791,49.571191216581155,2089.32001953125,2108.8403272984074,2260.35009765625
2019-04-30,TCS,2238.550048828125,2266.949951171875,2230.10009765625,2260.35009765625,3488395,74.14064354477233,55.37502148693693,2103.942523193359,2123.2698292372493,2215.39990234375
2019-05-02,TCS,2255.0,2259.39990234375,2211.10009765625,2215.39990234375,2457699,65.21557794787225,55.705357013005596,2114.6975158691407,2132.044121914059,2132.0
2019-05-03,TCS,2185.0,2186.050048828125,2125.0,2132.0,3780886,52.570633676976826,48.676364352013934,2119.7150146484373,2132.0399198270056,2157.85009765625
2019-05-06,TCS,2110.0,2165.0,2108.5,2157.85009765625,2891422,55.45372435384165,44.67671846937628,2123.6425170898438,2134.498032001219,2151.949951171875
2019-05-07,TCS,2160.050048828125,2184.35009765625,2138.800048828125,2151.949951171875,2201698,54.63735640279446,40.56328942901928,2127.275012207031,2136.160119541282,2152.85009765625
2019-05-08,TCS,2151.0,2168.0,2130.39990234375,2152.85009765625,1824895,54.74681237999452,36.950064237419156,2134.192517089844,2137.749641266517,2172.550048828125
2019-05-09,TCS,2145.0,2184.10009765625,2136.10009765625,2172.550048828125,2264162,57.18184996879129,35.26961252281171,2140.4050170898436,2141.0639657961938,2135.800048828125
2019-05-10,TCS,2175.0,2192.0,2125.85009765625,2135.800048828125,2039633,51.6034215011897,30.61946246124944,2143.65751953125,2140.5626403706633,2128.75
2019-05-13,TCS,2133.0,2167.0,2121.64990234375,2128.75,1701744,50.58392519137056,26.064845697824694,2145.52001953125,2139.437627002029,2092.35009765625
2019-05-14,TCS,2135.0,2159.800048828125,2072.35009765625,2092.35009765625,2456110,45.57726415450074,19.295682568599204,2148.1250244140624,2134.953100397669,2095.39990234375
2019-05-15,TCS,2097.0,2124.0,2084.5,2095.39990234375,2346876,46.05900240341355,14.01560262682824,2151.92001953125,2131.1861291544387,2108.75
2019-05-16,TCS,2096.0,2124.0,2077.050048828125,2108.75,1946529,48.219692508407995,10.784030945576887,2156.63251953125,2129.049354949254,2095.449951171875
2019-05-17,TCS,2112.60009765625,2135.0,2090.0,2095.449951171875,1947908,46.23278767711616,7.068305295109894,2155.7400146484374,2125.8494117323607,2143.949951171875
2019-05-20,TCS,2125.0,2151.39990234375,2050.0,2143.949951171875,2625116,53.721469457833884,7.94551961118168,2156.347509765625,2127.573272631362,2109.75
2019-05-21,TCS,2148.050048828125,2148.699951171875,2102.550048828125,2109.75,1863157,48.582926848950606,5.81404731962175,2154.3325073242186,2125.875818095042,2081.75
2019-05-22,TCS,2110.0,2121.949951171875,2075.0,2081.75,2595795,44.804340138340564,1.8442152129050555,2150.347509765625,2121.673359228848,2054.050048828125
2019-05-23,TCS,2098.0,2115.35009765625,2050.0,2054.050048828125,2541294,41.37588355391219,-3.4967515193202416,2145.297509765625,2115.2330439525886,2048.0
2019-05-24,TCS,2070.0,2070.0,2032.25,2048.0,2274208,40.64433500935269,-8.12404557194759,2138.525012207031,2108.829896909485,2055.14990234375
2019-05-27,TCS,2054.800048828125,2068.949951171875,2040.0999755859375,2055.14990234375,2329820,41.95056538132582,-11.086474109155006,2131.532507324219,2103.717516474653,2073.75
2019-05-28,TCS,2060.0,2097.5,2045.0,2073.75,5872979,45.32167300862256,-11.797355069042169,2123.2925048828124,2100.863467286591,2107.550048828125
2019-05-29,TCS,2080.0,2123.699951171875,2077.10009765625,2107.550048828125,3281320,50.90160269674188,-9.523570101820951,2115.6525024414063,2101.500284576261,2146.300048828125
2019-05-30,TCS,2123.0,2156.550048828125,2114.39990234375,2146.300048828125,4971725,56.39553758178259,-4.54241583859266,2112.197509765625,2105.7669287907243,2196.550048828125
2019-05-31,TCS,2160.0,2204.949951171875,2152.25,2196.550048828125,4265370,62.288563020937175,3.420510331613059,2115.425012207031,2114.4129402228577,2242.300048828125
2019-06-03,TCS,2201.0,2247.64990234375,2185.64990234375,2242.300048828125,3682419,66.70099794352748,13.269862626428221,2119.647509765625,2126.5926648519307,2183.10009765625
2019-06-04,TCS,2224.0,2224.0,2175.0,2183.10009765625,2408658,57.35008097350488,16.112864899237138,2121.2050170898438,2131.974325119009,2166.10009765625
2019-06-06,TCS,2199.0,2199.0,2152.0,2166.10009765625,3735467,54.967013880715704,16.80054058421001,2121.8675170898437,2135.2243986939843,2181.75
2019-06-07,TCS,2174.0,2189.800048828125,2142.10009765625,2181.75,2659446,56.74876933688113,18.39628393650537,2122.3275146484375,2139.6554083421765,2231.5
2019-06-10,TCS,2196.699951171875,2235.85009765625,2185.5,2231.5,2080593,61.90833814449863,23.405526916947565,2127.112512207031,2148.4025123095885,2252.800048828125
2019-06-11,TCS,2237.0,2263.949951171875,2231.0,2252.800048828125,3048937,63.8942653383392,28.76256702846149,2133.3150146484377,2158.345134835163,2260.89990234375
2019-06-12,TCS,2245.0,2266.89990234375,2219.0,2260.89990234375,2404448,64.64903753523414,33.27804184609704,2141.7425048828127,2168.1122555502666,2254.10009765625
2019-06-13,TCS,2264.0,2285.0,2243.050048828125,2254.10009765625,3320916,63.44988479913521,35.89413551052803,2149.6775146484374,2176.3015738460745,2254.5
2019-06-14,TCS,2257.25,2263.10009765625,2234.0,2254.5,2131408,63.49277257106066,37.56663260825326,2156.9650146484373,2183.749043003591,2249.199951171875
2019-06-17,TCS,2256.0,2262.0,2241.449951171875,2249.199951171875,1489497,62.44692972558076,38.0260878910276,2164.6525146484373,2189.9824628291417,2250.85009765625
2019-06-18,TCS,2244.0,2260.0,2231.199951171875,2250.85009765625,1877447,62.653193481005026,38.08434986470638,2169.997521972656,2195.7793804317234,2259.89990234375
2019-06-19,TCS,2255.0,2276.0,2243.14990234375,2259.89990234375,1652817,63.826651545256475,38.4179087665666,2177.505017089844,2201.8860968042973,2277.949951171875
2019-06-20,TCS,2230.0,2284.0,2212.0,2277.949951171875,2199377,66.1136346149745,39.68132309742941,2187.3150146484377,2209.1302734107335,2249.85009765625
2019-06-21,TCS,2285.0,2292.5,2242.0,2249.85009765625,3871804,59.777527061853576,37.97738506369751,2197.105017089844,2213.0083519103064,2275.5
2019-06-24,TCS,2254.14990234375,2280.0,2250.800048828125,2275.5,1382424,63.24063371354625,38.25574622066006,2208.480017089844,2218.959937442658,2267.800048828125
2019-06-25,TCS,2270.0,2274.449951171875,2250.5,2267.800048828125,1386077,61.52802936452649,37.423631407183166,2219.1125244140626,2223.611376622226,2254.199951171875
2019-06-26,TCS,2265.0,2266.800048828125,2250.0,2254.199951171875,1762224,58.513921612332645,35.26030139661361,2228.1350219726564,2226.524574198383,2252.550048828125
2019-06-27,TCS,2255.0,2264.0,2241.300048828125,2252.550048828125,2813464,58.14180830676331,33.03194178374133,2235.3850219726564,2229.003190829787,2227.199951171875
2019-06-28,TCS,2260.0,2261.949951171875,2222.5,2227.199951171875,2372928,52.60627318948477,28.887413592716257,2239.4300170898437,2228.8314537195097,2239.550048828125
2019-07-01,TCS,2235.0,2255.0,2206.60009765625,2239.550048828125,2769940,54.86102234191049,26.29626780203853,2241.5800170898438,2229.8522723012825,2252.10009765625
2019-07-02,TCS,2244.89990234375,2257.0,2216.449951171875,2252.10009765625,1771746,57.09483454816049,24.96763875230363,2242.07001953125,2231.9711128112795,2237.64990234375
2019-07-03,TCS,2252.199951171875,2258.800048828125,2232.0,2237.64990234375,1656881,53.79387103742115,22.48943643767052,2244.797509765625,2232.51194990961,2242.64990234375
2019-07-04,TCS,2234.0,2252.0,2230.10009765625,2242.64990234375,984140,54.76833866206005,20.690395462528613,2248.625,2233.4774691890516,2163.10009765625
2019-07-05,TCS,2247.0,2250.0,2140.0,2163.10009765625,4088470,40.23106035200617,12.699249077160857,2247.6925048828125,2226.7748623764037,2175.39990234375
2019-07-08,TCS,2149.0,2188.800048828125,2132.10009765625,2175.39990234375,2788062,42.76088393580133,7.274839615523433,2244.8875,2221.8820090399604,2133.35009765625
2019-07-09,TCS,2174.0,2174.39990234375,2104.550048828125,2133.35009765625,3977224,36.99566304001534,-0.4123583664209036,2238.915002441406,2213.450398431988,2108.199951171875
2019-07-10,TCS,2080.0,2127.85009765625,2071.300048828125,2108.199951171875,6343581,34.0395921478334,-8.43667207904673,2231.2800048828126,2203.4265463119773,2102.550048828125
2019-07-11,TCS,2128.0,2129.0,2086.050048828125,2102.550048828125,2400346,33.394059294933456,-15.07808760121452,2223.702502441406,2193.8192608373247,2107.60009765625
2019-07-12,TCS,2102.10009765625,2119.75,2093.10009765625,2107.60009765625,1560725,34.58812957443362,-19.706792874729672,2216.3575073242187,2185.6079119629367,2145.699951171875
2019-07-15,TCS,2125.0,2153.60009765625,2098.0,2145.699951171875,2900415,42.90445636995167,-20.069387975242535,2211.182507324219,2181.8071537923593,2106.0
2019-07-16,TCS,2126.0,2132.5,2100.0,2106.0,2735399,37.54761608700006,-23.291709153455486,2203.9400024414062,2174.587424859754,2117.25
2019-07-17,TCS,2108.0,2125.0,2092.10009765625,2117.25,1802969,39.839867817858064,-24.653451282785227,2196.807507324219,2169.1267177302534,2065.949951171875
2019-07-18,TCS,2116.199951171875,2116.199951171875,2060.0,2065.949951171875,3072096,33.755591248883704,-29.531703840113096,2186.2075073242186,2159.300359010408,2076.949951171875
2019-07-19,TCS,2077.0,2097.0,2062.5,2076.949951171875,1953177,36.01215763568744,-32.13966007345971,2177.5625,2151.457463025786,2109.89990234375
2019-07-22,TCS,2077.0,2117.449951171875,2068.800048828125,2109.89990234375,1920167,42.347417397141214,-31.188180560821365,2169.2824951171874,2147.4996001036875,2112.449951171875
2019-07-23,TCS,2127.89990234375,2130.0,2102.39990234375,2112.449951171875,3538588,42.81925782910789,-29.883875844564045,2161.514990234375,2144.161538300658,2096.800048828125
2019-07-24,TCS,2110.0,2120.800048828125,2076.5,2096.800048828125,2413196,40.621978467148445,-29.769852953612826,2153.6449951171876,2139.650920255655,2127.89990234375
2019-07-25,TCS,2108.89990234375,2135.0,2092.550048828125,2127.89990234375,2544464,46.49756326075854,-26.860361200725038,2147.412487792969,2138.5317756926165,2109.050048828125
2019-07-26,TCS,2129.800048828125,2129.800048828125,2095.0,2109.050048828125,1720592,43.67653234566683,-25.7784359061111,2141.504992675781,2135.7239921817127,2130.0
2019-07-29,TCS,2110.800048828125,2142.0,2103.300048828125,2130.0,1647090,47.48966700763263,-22.9657811127895,2136.027490234375,2135.1788500691687,2179.14990234375
2019-07-30,TCS,2130.0,2185.0,2120.449951171875,2179.14990234375,2851672,55.15952449758644,-16.57962596110974,2132.37998046875,2139.366569333414,2205.699951171875
2019-07-31,TCS,2171.75,2211.699951171875,2147.14990234375,2205.699951171875,3000677,58.67126176871213,-9.2693338307854,2130.7824829101564,2145.6840342704104,2180.050048828125
2019-08-01,TCS,2200.0,2217.5,2166.25,2180.050048828125,2375236,54.25084338001104,-5.482409598484992,2127.652490234375,2148.9569880378117,2205.300048828125
2019-08-02,TCS,2173.0,2210.0,2165.5,2205.300048828125,2500816,57.634675697327964,-0.4387235521135153,2129.762487792969,2154.3229938273653,2248.60009765625
2019-08-05,TCS,2199.89990234375,2252.25,2195.60009765625,2248.60009765625,3039682,62.72613066560501,6.972016972525125,2133.422497558594,2163.3017656205925,2214.89990234375
2019-08-06,TCS,2232.800048828125,2251.949951171875,2211.449951171875,2214.89990234375,2885467,56.98592216551114,10.010364857526838,2137.4999877929686,2168.215873879941,2213.449951171875
2019-08-07,TCS,2230.0,2238.5,2207.25,2213.449951171875,2165362,56.74531154308073,12.161092994657338,2142.762487792969,2172.5238812410776,2258.10009765625
2019-08-08,TCS,2228.89990234375,2281.0,2218.89990234375,2258.10009765625,2073298,62.05807812595459,17.269383499770356,2150.539990234375,2180.6739970901417,2246.25
2019-08-09,TCS,2260.0,2267.89990234375,2241.35009765625,2246.25,1744550,59.95340280087701,20.12949637877955,2157.4724853515627,2186.9193307006044,2199.449951171875
2019-08-13,TCS,2245.0,2246.25,2194.300048828125,2199.449951171875,1647281,52.39567437360066,18.407592358907095,2160.1599853515627,2188.1127231264395,2204.39990234375
2019-08-14,TCS,2181.10009765625,2217.85009765625,2167.39990234375,2204.39990234375,1945002,53.06953731413431,17.243617025323147,2165.07998046875,2189.6638830518978,2165.10009765625
2019-08-16,TCS,2241.39990234375,2241.39990234375,2143.25,2165.10009765625,3755507,47.33990564653259,13.000134928209263,2167.4724853515627,2187.324474918979,2163.0
2019-08-19,TCS,2180.0,2186.0,2157.699951171875,2163.0,974884,47.04758966287334,9.359790623952449,2172.324987792969,2185.0078582600286,2186.75
2019-08-20,TCS,2172.0,2205.0,2166.5,2186.75,1843611,50.7512344809844,8.295591632025207,2177.814990234375,2185.173776520978,2186.199951171875
2019-08-21,TCS,2184.949951171875,2202.0,2182.25,2186.199951171875,1214408,50.66285416229013,7.323402297279699,2181.629992675781,2185.2715074401112,2216.0
2019-08-22,TCS,2187.0,2235.64990234375,2170.0,2216.0,2131601,55.21334263219228,8.85546979284527,2186.8074951171875,2188.198030541053,2247.699951171875
2019-08-23,TCS,2214.949951171875,2259.89990234375,2213.89990234375,2247.699951171875,2826425,59.493279658486735,12.48366157324881,2194.352490234375,2193.864880124941,2276.300048828125
2019-08-26,TCS,2247.0,2282.0,2225.0,2276.300048828125,2345475,62.93478797681231,17.465487293171464,2201.772497558594,2201.7158485728633,2236.5
2019-08-27,TCS,2270.0,2274.85009765625,2229.0,2236.5,3432106,55.82653047263248,17.994657539948548,2208.1449951171876,2205.028624899257,2239.25
2019-08-28,TCS,2240.0,2252.14990234375,2216.0,2239.25,1294621,56.19468736488297,18.423555510614733,2213.6074951171877,2208.28780348028,2233.449951171875
2019-08-29,TCS,2222.199951171875,2248.199951171875,2222.199951171875,2233.449951171875,1670652,55.15067440316674,18.086949677860503,2216.3224975585936,2210.6841984985276,2259.60009765625
2019-08-30,TCS,2241.0,2266.0,2218.0,2259.60009765625,2583625,58.861623047058735,19.70315964607562,2219.0175048828123,2215.342855561168,2251.60009765625
2019-09-03,TCS,2270.0,2296.199951171875,2236.949951171875,2251.60009765625,2545060,57.29962197217908,20.10670694714372,2222.595007324219,2218.7959262368904,2245.39990234375
2019-09-04,TCS,2265.0,2270.0,2233.0,2245.39990234375,2228092,56.05800735076752,19.699137748440535,2224.6,2221.3296382470676,2215.300048828125
2019-09-05,TCS,2242.199951171875,2253.64990234375,2207.300048828125,2215.300048828125,2055943,50.35361473312096,16.754197637116704,2222.9349975585938,2220.7553916357397,2197.5
2019-09-06,TCS,2216.0,2233.5,2192.60009765625,2197.5,1890550,47.28901661332576,12.836030433840278,2222.0650024414062,2218.540592432336,2182.85009765625
2019-09-09,TCS,2200.0,2202.85009765625,2179.800048828125,2182.85009765625,1703945,44.86863441843625,8.451308586942105,2220.535009765625,2215.1414976917563,2154.0
2019-09-11,TCS,2186.0,2195.0,2146.550048828125,2154.0,2627440,40.4751474059119,2.6182417019854256,2215.3300048828123,2209.318497911589,2133.60009765625
2019-09-12,TCS,2155.0,2165.0,2120.35009765625,2133.60009765625,2118859,37.66656003580726,-3.609005095154771,2209.697509765625,2202.107221696795,2141.949951171875
2019-09-13,TCS,2135.0,2157.949951171875,2115.550048828125,2141.949951171875,2291174,39.51655882080542,-7.780688714514781,2206.822509765625,2196.3779578372787,2150.0
2019-09-16,TCS,2159.949951171875,2173.39990234375,2126.39990234375,2150.0,2597948,41.324609819066445,-10.318263852060227,2204.1025146484376,2191.9610094718237,2122.64990234375
2019-09-17,TCS,2154.949951171875,2156.550048828125,2105.60009765625,2122.64990234375,2796530,37.25034263582121,-14.370579640641154,2201.9800048828124,2185.359951650102,2138.550048828125
2019-09-18,TCS,2126.39990234375,2142.949951171875,2113.14990234375,2138.550048828125,1454663,40.89844154418644,-16.113315884899293,2200.7575073242188,2180.901865667057,2101.949951171875
2019-09-19,TCS,2135.0,2135.800048828125,2091.0,2101.949951171875,1652691,35.74666955330737,-20.214745907709585,2196.5175048828123,2173.3826357151347,2065.449951171875
2019-09-20,TCS,2104.89990234375,2129.39990234375,2057.0,2065.449951171875,6941979,31.486995227848084,-26.109430445151247,2190.4800048828124,2163.1033324253003,2015.800048828125
2019-09-23,TCS,2099.0,2099.0,1975.0,2015.800048828125,6323401,26.807423545914432,-34.39090563501077,2180.470007324219,2149.0744482731884,2044.699951171875
2019-09-24,TCS,2015.0,2061.0,2013.0,2044.699951171875,4620978,33.045061467883556,-38.18191643001501,2170.3200073242188,2139.134019977825,2088.449951171875
2019-09-25,TCS,2065.0,2092.0,2060.050048828125,2088.449951171875,4002232,41.212807281051354,-37.22693153800901,2160.9275024414064,2134.30696580583,2087.60009765625
2019-09-26,TCS,2097.89990234375,2107.0,2063.0,2087.60009765625,4234281,41.10790241917447,-36.122280047934964,2153.4825073242187,2129.858692648727,2056.14990234375
2019-09-27,TCS,2085.0,2085.199951171875,2051.39990234375,2056.14990234375,2046795,37.32181902608491,-37.35400993052099,2144.327502441406,2122.838807857777,2099.300048828125
2019-09-30,TCS,2061.85009765625,2104.0,2060.0,2099.300048828125,2620039,44.82964577014411,-34.451176814927294,2137.620007324219,2120.597021283524,2059.949951171875
2019-10-01,TCS,2095.949951171875,2095.949951171875,2039.699951171875,2059.949951171875,3342877,40.111075876401,-34.9233104910727,2127.6375,2114.8211098443194,2060.25
2019-10-03,TCS,2070.0,2081.14990234375,2046.1500244140625,2060.25,2317618,40.16279452780022,-34.8712938295007,2118.0699951171873,2109.6238612877173,2079.35009765625
2019-10-04,TCS,2060.60009765625,2087.949951171875,2054.949951171875,2079.35009765625,2163251,43.507223206810664,-32.90949185905856,2109.7675048828123,2106.740645703768,2047.699951171875
2019-10-07,TCS,2080.0,2094.5,2041.0,2047.699951171875,2177916,39.56132163488073,-33.522228589128645,2101.3875,2101.1177224150165,2020.0999755859375
2019-10-09,TCS,2060.0,2060.0,2015.5,2020.0999755859375,2066920,36.45623083583943,-35.82198073391237,2092.517498779297,2093.401746526533,2004.449951171875
2019-10-10,TCS,2028.0,2039.050048828125,1997.0999755859375,2004.449951171875,2881452,34.7888507893787,-38.46398814266922,2083.597491455078,2084.9301469689462,1986.8499755859375
2019-10-11,TCS,1931.0,1995.0,1925.0,1986.8499755859375,12593069,32.96297605595309,-41.49958757641207,2075.239990234375,2075.5891782658027,2021.0
2019-10-14,TCS,1995.0,2032.75,1968.0,2021.0,3510704,39.5884164709033,-40.68075797635424,2069.6099853515625,2070.390208907155,2037.300048828125
2019-10-15,TCS,2032.0,2047.0,2022.699951171875,2037.300048828125,2261310,42.50908209823467,-38.27533763701331,2064.377490234375,2067.2387650901046,2046.4000244140625
2019-10-16,TCS,2038.0,2056.0,2016.0,2046.4000244140625,3034082,44.13295969087728,-35.22863888979646,2059.1974914550783,2065.2541231209575,2030.949951171875
2019-10-17,TCS,2014.0,2038.0,1999.300048828125,2030.949951171875,3818774,41.96564038300974,-33.67264270671217,2054.6124938964845,2061.987059125807,2057.35009765625
2019-10-18,TCS,2037.5,2063.89990234375,2025.0,2057.35009765625,3087901,46.7754950547794,-29.963828966718893,2050.5524963378907,2061.545443747754,2051.39990234375
2019-10-22,TCS,2080.0,2111.5,2040.050048828125,2051.39990234375,5552505,45.853083213211185,-27.191254534767722,2048.0249938964844,2060.579201709277,2070.10009765625
2019-10-23,TCS,2060.0,2083.85009765625,2052.5,2070.10009765625,2348134,49.24090057677299,-23.217384290677273,2048.257501220703,2061.485953704227,2082.0
2019-10-24,TCS,2084.0,2099.0,2061.300048828125,2082.0,2798671,51.3278352653384,-18.89008765274957,2051.567498779297,2063.4396723990626,2124.949951171875
2019-10-25,TCS,2094.0,2130.0,2075.050048828125,2124.949951171875,3954245,58.03429649246757,-11.85827694376485,2055.579998779297,2069.2977941869494,2115.699951171875
2019-10-27,TCS,2129.0,2129.0,2108.800048828125,2115.699951171875,224405,56.23708455192715,-6.951778217993706,2056.942498779297,2073.7170472331327,2194.85009765625
2019-10-29,TCS,2121.5,2201.699951171875,2121.5,2194.85009765625,5064173,65.95307603808548,3.285539058420909,2062.304998779297,2085.2535282258104,2252.800048828125
2019-10-30,TCS,2225.0,2260.0,2176.85009765625,2252.800048828125,5195136,71.0251751676946,15.891575319369167,2072.1375061035155,2101.2103397117453,2269.64990234375
2019-10-31,TCS,2250.0,2284.949951171875,2237.0,2269.64990234375,4879261,72.31656558253373,26.931146740796066,2080.654998779297,2117.2522028195554,2200.89990234375
2019-11-01,TCS,2264.0,2275.0,2195.0,2200.89990234375,4172620,60.47352357354045,29.789145469939285,2087.702496337891,2125.218650393288,2193.949951171875
2019-11-04,TCS,2207.0,2229.199951171875,2180.89990234375,2193.949951171875,2646411,59.41424594325,31.134428762879907,2094.3874938964846,2131.7644885626773,2201.85009765625
2019-11-05,TCS,2197.0,2211.0,2169.0,2201.85009765625,2693475,60.26625094726664,32.46382845538574,2100.5124938964846,2138.439308476351,2188.5
2019-11-06,TCS,2200.0,2210.800048828125,2179.0,2188.5,2540719,58.04859474812604,32.07045770678951,2107.5524963378907,2143.2069933833654,2185.35009765625
2019-11-07,TCS,2204.5,2204.5,2175.199951171875,2185.35009765625,1915598,57.510861062020766,31.145511688794613,2115.8150024414062,2147.2206223617354,2129.949951171875
2019-11-08,TCS,2189.60009765625,2189.60009765625,2124.0,2129.949951171875,2788759,48.92632825992899,25.646519371796785,2122.0900024414063,2145.5757965341295,2100.949951171875
2019-11-11,TCS,2135.0,2139.0,2091.0,2100.949951171875,2983768,45.1288698961101,18.73253371749024,2127.795001220703,2141.3257160234384,2178.60009765625
2019-11-13,TCS,2118.0,2183.800048828125,2118.0,2178.60009765625,3823365,55.16368306918043,19.296430901986696,2135.6750061035154,2144.875657131325,2196.800048828125
2019-11-14,TCS,2187.5,2200.0,2146.699951171875,2196.800048828125,2995915,57.14206116067193,20.970176300679213,2143.650006103516,2149.8208372929253,2174.449951171875
2019-11-15,TCS,2196.0,2211.5,2168.75,2174.449951171875,2724180,53.9914264665859,20.25962514701132,2150.0525024414064,2152.1664671861586,2152.60009765625
2019-11-18,TCS,2178.39990234375,2187.75,2148.75,2152.60009765625,1611089,51.029222954019666,17.72903834848057,2156.135009765625,2152.207765326167,2108.800048828125
2019-11-19,TCS,2153.0,2154.64990234375,2105.0,2108.800048828125,2975313,45.62532866213628,12.050323561651112,2158.7075073242186,2148.0736970882585,2108.550048828125
2019-11-20,TCS,2121.949951171875,2135.0,2094.5,2108.550048828125,2894129,45.59564883361829,7.443919400327104,2161.5650146484377,2144.309540111103,2118.10009765625
2019-11-21,TCS,2112.0,2126.60009765625,2107.39990234375,2118.10009765625,2052574,47.01362794404935,4.5119095576551445,2163.9650146484373,2141.8134027344504,2071.699951171875
2019-11-22,TCS,2097.0,2107.0,2060.5,2071.699951171875,3742049,41.371580281161016,-1.5381031105162037,2163.4500122070312,2135.1359311570623,2081.5
2019-11-25,TCS,2074.550048828125,2084.949951171875,2052.199951171875,2081.5,2737010,42.92940627632253,-5.478843008286731,2161.2775146484373,2130.0277472373423,2046.6500244140625
2019-11-26,TCS,2089.85009765625,2097.89990234375,2035.050048828125,2046.6500244140625,6561580,38.96445142387878,-11.28393536230351,2157.825018310547,2122.0870117303634,2054.300048828125
2019-11-27,TCS,2052.0,2071.699951171875,2046.550048828125,2054.300048828125,2907521,40.26861179370949,-15.09323442871846,2150.7975158691406,2115.631110501579,2077.35009765625
2019-11-28,TCS,2067.050048828125,2094.39990234375,2060.0,2077.35009765625,2924429,44.141468033545245,-16.066974993851545,2142.025018310547,2111.985299754405,2053.25
2019-11-29,TCS,2085.0,2085.0,2045.800048828125,2053.25,2064271,41.13812526654721,-18.569292628641506,2131.2050231933595,2106.391461682557,2021.050048828125
2019-12-02,TCS,2060.0,2067.699951171875,2016.0,2021.050048828125,3809860,37.46985570185288,-22.88683910119198,2122.212530517578,2098.263708077373,2051.0
2019-12-03,TCS,2027.699951171875,2062.0,2010.0,2051.0,4664774,42.59701500928753,-23.619543633197736,2115.0650329589844,2093.7624025461946,2078.5
2019-12-04,TCS,2053.0,2082.0,2045.5,2078.5,3334301,46.90213901531304,-21.730699108322824,2108.897528076172,2092.3088403989377,2121.300048828125
2019-12-05,TCS,2083.0,2126.800048828125,2068.35009765625,2121.300048828125,3902721,52.831398330753345,-16.58894296028484,2105.537530517578,2095.0699078683842,2123.60009765625
2019-12-06,TCS,2124.0,2128.0,2101.0,2123.60009765625,1829461,53.13426835655588,-12.187974072139241,2102.450030517578,2097.787068800562,2060.449951171875
2019-12-09,TCS,2127.949951171875,2127.949951171875,2053.5,2060.449951171875,2244747,44.65603374813678,-13.638645755996095,2098.975030517578,2094.231152835925,2012.8499755859375
2019-12-10,TCS,2060.0,2060.85009765625,2003.25,2012.8499755859375,4520045,39.53529353171559,-18.416934777201277,2094.570031738281,2086.4805645264023,2041.9000244140625
2019-12-11,TCS,2025.4000244140625,2048.0,2006.75,2041.9000244140625,4943024,43.772922489034386,-19.633346100662948,2087.735028076172,2082.2347988014176,2020.9000244140625
2019-12-12,TCS,2051.10009765625,2083.64990234375,1984.0,2020.9000244140625,7137306,41.50821484426244,-22.03784675464931,2078.9400268554687,2076.3933917169074,2071.25
2019-12-13,TCS,2023.0,2077.39990234375,2007.0,2071.25,5711133,48.4012492049136,-19.654048966676328,2073.780029296875,2075.9035448867257,2126.75
2019-12-16,TCS,2096.0,2136.0,2080.300048828125,2126.75,5574177,54.73366345356485,-13.135072933743686,2072.4875244140626,2080.7460644213234,2164.949951171875
2019-12-17,TCS,2126.5,2169.0,2119.0,2164.949951171875,6059673,58.508066795368336,-4.830636085869628,2075.29501953125,2088.7654822070904,2167.75
2019-12-18,TCS,2174.0,2203.449951171875,2153.0,2167.75,8251081,58.77938250058546,1.9541047822117434,2078.255017089844,2096.2878172349865,2229.050048828125
2019-12-19,TCS,2179.800048828125,2236.5,2167.550048828125,2229.050048828125,6251505,64.28539303416278,12.137548334294024,2083.8025146484374,2108.9318392914756,2222.89990234375
2019-12-20,TCS,2220.0,2246.699951171875,2208.25,2222.89990234375,5548338,63.370814183312625,19.48710013464415,2091.362512207031,2119.7859405345494,2231.699951171875
2019-12-23,TCS,2210.0,2241.949951171875,2210.0,2231.699951171875,2247329,64.15659675893346,25.72521897152501,2098.872509765625,2130.444417738104,2215.60009765625
2019-12-24,TCS,2239.0,2243.550048828125,2211.14990234375,2215.60009765625,1805896,61.55488500318916,29.03515032713358,2107.3200134277345,2138.5544824922135,2201.949951171875
2019-12-26,TCS,2216.39990234375,2229.0,2195.199951171875,2201.949951171875,1880367,59.35707364557275,30.20861591095536,2114.702508544922,2144.592146175991,2198.5
2019-12-27,TCS,2208.0,2226.39990234375,2176.0,2198.5,2720261,58.785778566380614,30.508530267350125,2120.7600036621093,2149.7262274925633,2183.199951171875
2019-12-30,TCS,2207.0,2225.0,2177.10009765625,2183.199951171875,2288830,56.2022898802067,29.175313628466483,2127.257501220703,2152.9142011763074,2161.699951171875
2019-12-31,TCS,2189.0,2197.0,2157.449951171875,2161.699951171875,1909289,52.697555673459085,26.08318875608211,2134.2899963378904,2153.750939271123,2167.60009765625
2020-01-01,TCS,2168.0,2183.89990234375,2154.0,2167.60009765625,1354908,53.55353400202429,23.834006438795313,2140.120001220703,2155.0699067363735,2157.64990234375
2020-01-02,TCS,2179.949951171875,2179.949951171875,2149.199951171875,2157.64990234375,2380752,51.84950380853847,21.006466177373568,2144.077496337891,2155.3156206037424,2200.64990234375
2020-01-03,TCS,2164.0,2223.0,2164.0,2200.64990234375,4655761,58.06015956171756,21.981966357999227,2148.044989013672,2159.6331712456476,2200.449951171875
2020-01-06,TCS,2205.0,2225.949951171875,2187.89990234375,2200.449951171875,3023209,58.022681711632906,22.479789866339615,2151.887481689453,2163.520483619574,2205.85009765625
2020-01-07,TCS,2200.5,2214.64990234375,2183.800048828125,2205.85009765625,2429317,58.79625139927782,23.044423504205497,2159.1574890136717,2167.551875432591,2255.25
2020-01-08,TCS,2205.0,2260.0,2202.050048828125,2255.25,5197454,65.12729892181605,27.164918723638948,2171.277490234375,2175.904077772344,2214.35009765625
2020-01-09,TCS,2248.75,2251.949951171875,2210.0,2214.35009765625,3734173,57.279959922602266,26.82098494821048,2179.8999938964844,2179.565603475573,2213.550048828125
2020-01-10,TCS,2228.0,2234.0,2208.0,2213.550048828125,1915807,57.134935883166136,26.182047354982387,2189.5324951171874,2182.8022173186732,2190.35009765625
2020-01-13,TCS,2217.85009765625,2218.949951171875,2184.699951171875,2190.35009765625,2843893,52.948484187358915,23.532375957915974,2195.4875,2183.521063065109,2206.89990234375
2020-01-14,TCS,2195.0,2229.800048828125,2195.0,2206.89990234375,2948452,55.45589264187019,22.508459699298328,2199.4949951171875,2185.7476191868845,2226.89990234375
2020-01-15,TCS,2213.0,2231.0,2194.199951171875,2226.89990234375,2620681,58.34485525025781,23.04518103856617,2202.592492675781,2189.6668842494432,2238.800048828125
2020-01-16,TCS,2226.949951171875,2249.0,2215.0,2238.800048828125,3117214,60.00690371798809,24.152365499269763,2206.1449951171876,2194.346233256937,2219.10009765625
2020-01-17,TCS,2240.75,2253.550048828125,2213.0,2219.10009765625,3281059,56.02188573592789,23.173071003212044,2205.647497558594,2196.7037441521097,2170.35009765625
2020-01-20,TCS,2194.89990234375,2242.199951171875,2156.199951171875,2170.35009765625,5817599,47.598008928893066,18.25284801053749,2203.0200073242186,2194.193873057266,2171.050048828125
2020-01-21,TCS,2169.949951171875,2186.550048828125,2158.050048828125,2171.050048828125,1902980,47.71956350043312,14.245799343258113,2199.987512207031,2191.9896993211573,2206.89990234375
2020-01-22,TCS,2181.0,2210.0,2173.699951171875,2206.89990234375,1773686,53.64988995845746,13.803845832040679,2199.5525024414064,2193.4097186566423,2190.949951171875
2020-01-23,TCS,2209.800048828125,2217.75,2183.699951171875,2190.949951171875,2069866,50.88434791234489,12.02791639692532,2199.0025024414062,2193.1754550866644,2183.39990234375
2020-01-24,TCS,2190.949951171875,2190.949951171875,2170.0,2183.39990234375,1319430,49.58146358919674,9.897165321620832,2198.2474975585938,2192.2444500635297,2169.25
2020-01-27,TCS,2189.699951171875,2193.449951171875,2165.0,2169.25,1549101,47.145076147503616,6.986218106178512,2197.55,2190.054502438432,2183.75
2020-01-28,TCS,2174.0,2187.800048828125,2152.0,2183.75,1743024,49.86387463977348,5.782641591445554,2198.6525024414063,2189.4540736347717,2154.60009765625
2020-01-29,TCS,2185.0,2186.949951171875,2150.0,2154.60009765625,2306761,44.86726987061654,2.448421154002517,2198.0025024414062,2186.134647351103,2137.85009765625
2020-01-30,TCS,2160.0,2165.0,2125.0,2137.85009765625,2098567,42.24756112648584,-1.527944387059506,2197.0125122070312,2181.5361188087363,2079.050048828125
2020-01-31,TCS,2139.39990234375,2144.35009765625,2071.60009765625,2079.050048828125,3287223,34.60830236556012,-9.316520208801194,2190.93251953125,2171.775540715345,2102.5
2020-02-03,TCS,2152.0,2194.699951171875,2093.199951171875,2102.5,4728073,39.32067130540369,-13.441858206896086,2186.035021972656,2165.1778701710264,2107.75
2020-02-04,TCS,2129.0,2136.699951171875,2086.60009765625,2107.75,3509339,40.35695467046908,-16.101973638943036,2181.130017089844,2159.708549202357,2146.550048828125
2020-02-05,TCS,2115.0,2156.699951171875,2104.300048828125,2146.550048828125,2439322,47.49379587747219,-14.907450795836212,2175.69501953125,2158.4553586905254,2128.35009765625
2020-02-06,TCS,2145.0,2174.199951171875,2115.5,2128.35009765625,2640065,44.786616036619066,-15.253533553029683,2171.39501953125,2155.5881909729756,2136.550048828125
2020-02-07,TCS,2139.0,2151.0,2119.0,2136.550048828125,2083442,46.27255889693338,-14.696724411159721,2167.54501953125,2153.775034578228,2161.949951171875
2020-02-10,TCS,2140.89990234375,2167.0,2119.0,2161.949951171875,2383032,50.69866562609184,-12.06679085764381,2166.1250122070314,2154.553598063337,2153.39990234375
2020-02-11,TCS,2163.0,2174.800048828125,2147.60009765625,2153.39990234375,1335820,49.22850888995093,-10.550843497359892,2163.4500122070312,2154.443722280519,2170.75
2020-02-12,TCS,2151.10009765625,2185.0,2150.0,2170.75,1620407,52.25417187022476,-7.858844544531621,2160.6425170898438,2155.996701110946,2191.949951171875
2020-02-13,TCS,2172.949951171875,2197.0,2171.0,2191.949951171875,1645948,55.72606520974243,-3.9690048778124947,2158.300012207031,2159.420820164368,2184.199951171875
2020-02-14,TCS,2188.0,2212.0,2171.0,2184.199951171875,1500115,54.17516896628075,-1.4944124907497098,2156.5550048828127,2161.780737403178,2203.25
2020-02-17,TCS,2196.949951171875,2217.0,2190.199951171875,2203.25,1774724,57.31953152972707,1.9810630750412201,2158.2,2165.730190983828,2215.75
2020-02-18,TCS,2199.949951171875,2221.0,2186.050048828125,2215.75,2486223,59.29330016164328,5.678588796672102,2160.4349975585938,2170.4939823187015,2196.35009765625
2020-02-19,TCS,2215.75,2230.0,2190.5,2196.35009765625,1760463,55.03914834592562,6.96322683837252,2159.907507324219,2172.956469493706,2156.800048828125
2020-02-20,TCS,2204.5,2214.39990234375,2151.25,2156.800048828125,2317278,47.54914164419542,4.735366972066458,2158.2000122070312,2171.417762763651,2115.35009765625
2020-02-24,TCS,2156.0,2178.949951171875,2106.699951171875,2115.35009765625,3092877,41.21828977550293,-0.37062038957128607,2154.7975219726563,2166.0779851343746,2156.14990234375
2020-02-25,TCS,2115.5,2176.64990234375,2111.0,2156.14990234375,2674567,48.488433137093814,-1.1121289697484826,2154.1425170898438,2165.132453440029,2123.60009765625
2020-02-26,TCS,2154.0,2163.89990234375,2112.949951171875,2123.60009765625,2686842,43.83089826970977,-4.276974767240517,2151.1350219726564,2161.176990984431,2105.5
2020-02-27,TCS,2119.949951171875,2119.949951171875,2086.199951171875,2105.5,2349001,41.44678945360481,-8.151696788939262,2148.6800170898437,2155.8744204144855,2000.1500244140625
2020-02-28,TCS,2068.0,2069.5,1990.0,2000.1500244140625,4298076,30.908649954347908,-19.4985374875655,2141.7950134277344,2141.043525557302,2001.300048828125
2020-03-02,TCS,2035.0,2053.949951171875,1985.699951171875,2001.300048828125,2667076,31.11455066625487,-28.074566999183844,2137.9075134277346,2127.734623011666,2036.199951171875
2020-03-03,TCS,2020.0,2060.0,2012.0,2036.199951171875,2757585,37.22820079191788,-31.68970256064631,2134.5925109863283,2119.0170352174,2083.199951171875
2020-03-04,TCS,2056.0,2094.449951171875,2025.0,2083.199951171875,3237002,44.38652622211334,-30.411649766229402,2133.3650085449217,2115.6058843559213,2125.050048828125
2020-03-05,TCS,2085.699951171875,2147.75,2084.050048828125,2125.050048828125,3937056,49.86854446994051,-25.725285515788983,2132.290008544922,2116.505328591369,2116.449951171875
2020-03-06,TCS,2098.0,2123.64990234375,2071.60009765625,2116.449951171875,2595027,48.803895273708704,-22.44651464240087,2131.695001220703,2116.500054551417,1972.3499755859375
2020-03-09,TCS,2075.0,2079.89990234375,1935.0,1972.3499755859375,4940975,35.231507208330015,-31.117031074466013,2123.484997558594,2102.771475602324,1953.699951171875
2020-03-11,TCS,1933.0,1987.300048828125,1920.0,1953.699951171875,6796449,33.91683558479801,-39.04331192379277,2113.0724975585936,2088.5741875613285,1769.8499755859375
2020-03-12,TCS,1904.0,1908.4000244140625,1758.3499755859375,1769.8499755859375,8728786,24.29319241664598,-59.47451791318326,2093.8950012207033,2058.2195007065293,1806.300048828125
2020-03-13,TCS,1687.9000244140625,1820.0,1506.050048828125,1806.300048828125,8029720,28.617677202095393,-71.89640259879116,2075.672503662109,2034.227171956205,1696.4000244140625
2020-03-16,TCS,1755.0,1842.25,1675.8499755859375,1696.4000244140625,7844271,24.14027837498628,-89.57626972625758,2050.8950073242186,2002.0531579045723,1658.0
2020-03-17,TCS,1730.0,1731.0,1623.1500244140625,1658.0,5713248,22.79810521710928,-105.47045509589316,2024.585009765625,1969.2861904850893,1654.4000244140625
2020-03-18,TCS,1676.800048828125,1713.550048828125,1627.75,1654.4000244140625,7258778,22.67084673042008,-117.00839946248107,1997.142510986328,1939.2970318116581,1636.3499755859375
2020-03-19,TCS,1559.699951171875,1685.449951171875,1546.75,1636.3499755859375,5135111,22.007527240916062,-126.15456034609724,1968.172509765625,1910.4449312187323,1797.449951171875
2020-03-20,TCS,1630.0,1869.0,1627.0,1797.449951171875,8547498,39.12672661709254,-119.03141699909975,1948.2275024414062,1899.6835045476032,1669.699951171875
2020-03-23,TCS,1620.0,1750.0,1617.75,1669.699951171875,7003490,32.95026449212172,-122.28500649077841,1923.8724975585938,1877.7803089880101,1703.1500244140625
2020-03-24,TCS,1653.050048828125,1770.0,1632.8499755859375,1703.1500244140625,6350865,35.80765977298546,-120.7721718282919,1903.2624938964843,1861.1488533143008,1750.300048828125
2020-03-25,TCS,1700.0,1810.0,1680.0,1750.300048828125,2765520,39.70799987051812,-114.4493259505407,1882.9700012207031,1850.5918243156175,1790.949951171875
2020-03-26,TCS,1831.5999755859375,1832.050048828125,1722.550048828125,1790.949951171875,4556067,42.927640257217966,-104.94853624738198,1866.3374938964844,1844.9116459209754,1824.5
2020-03-27,TCS,1820.0,1850.0,1750.4000244140625,1824.5,4331250,45.51378397743476,-93.63254570451682,1852.2874938964844,1842.9676796427873,1778.5
2020-03-30,TCS,1766.0,1905.0,1763.550048828125,1778.5,8513547,42.65953223772118,-87.36921925977026,1841.2049926757813,1836.8279006291884,1826.0999755859375
2020-03-31,TCS,1837.4000244140625,1855.0,1780.0,1826.0999755859375,3927593,46.40500906111169,-77.66924499837273,1832.4449890136718,1835.8061934822122,1708.75
2020-04-01,TCS,1825.9000244140625,1834.75,1702.0,1708.75,4941878,39.54669950479917,-78.54568207680109,1816.072491455078,1823.7056036267634,1654.199951171875
2020-04-03,TCS,1740.0,1740.0,1650.0,1654.199951171875,5735369,36.82236328963469,-82.68881266212338,1794.622491455078,1807.562208154869,1775.199951171875
2020-04-07,TCS,1710.0,1785.8499755859375,1705.0,1775.199951171875,5427577,45.749798822465735,-75.34011083965925,1777.1299865722656,1804.480088442203,1705.449951171875
2020-04-08,TCS,1760.0,1806.0,1701.0,1705.449951171875,6285615,42.06020735751122,-74.28810672417148,1756.5799865722656,1795.04864679741,1766.1500244140625
2020-04-09,TCS,1750.449951171875,1778.800048828125,1731.199951171875,1766.1500244140625,5307397,46.13168600722412,-67.77512777990637,1746.2699890136719,1792.296397046615,1759.25
2020-04-13,TCS,1761.0,1787.0,1746.0,1759.25,2990438,45.73822596290796,-62.450429668228935,1736.5474914550782,1789.1491211374137,1735.1500244140625
2020-04-15,TCS,1785.0,1812.0,1727.800048828125,1735.1500244140625,4761399,44.31649515639188,-59.489477010172095,1734.8124938964843,1784.0063500209042,1716.050048828125
2020-04-16,TCS,1709.949951171875,1764.9000244140625,1675.050048828125,1716.050048828125,6245533,43.1711598006504,-58.0153443247018,1730.2999938964845,1777.5343213358776,1806.199951171875
2020-04-17,TCS,1800.0,1851.949951171875,1753.0,1806.199951171875,9895823,49.769730862948215,-49.007808337727056,1735.789990234375,1780.2643813202583,1818.6500244140625
2020-04-20,TCS,1830.0,1830.0,1802.5,1818.6500244140625,3244282,50.62244220659274,-40.39896024499126,1743.822491455078,1783.9201568530016,1737.6500244140625
2020-04-21,TCS,1765.0,1794.5999755859375,1727.699951171875,1737.6500244140625,5122541,45.241356055731934,-39.655287690910654,1747.9849914550782,1779.5134775731026,1769.5
2020-04-22,TCS,1737.6500244140625,1790.0,1719.1500244140625,1769.5,3829836,47.60002349830892,-36.07998735033493,1754.6424926757813,1778.559813042331,1878.25
2020-04-23,TCS,1780.0,1900.0,1760.8499755859375,1878.25,5934366,54.764696609104654,-24.192444492615095,1758.6824951171875,1788.054116562109,1818.550048828125
2020-04-24,TCS,1840.699951171875,1851.949951171875,1807.800048828125,1818.550048828125,2987102,50.668919407312174,-19.36553443269804,1766.125,1790.9584910636343,1836.5999755859375
2020-04-27,TCS,1832.300048828125,1875.0,1825.0,1836.5999755859375,3374741,51.84163717203744,-13.923197243448158,1772.7974975585937,1795.3052991133775,1859.050048828125
2020-04-28,TCS,1865.0,1868.0,1832.5999755859375,1859.050048828125,2678505,53.32777265713559,-7.709699902140983,1778.2349975585937,1801.376227657639,1905.6500244140625
2020-04-29,TCS,1874.0,1912.550048828125,1850.050048828125,1905.6500244140625,4241510,56.339580139223145,0.9636615932272434,1783.9700012207031,1811.307065443965,2014.449951171875
2020-04-30,TCS,1980.0,2032.0,1942.199951171875,2014.449951171875,5915544,62.43471073327853,16.427244824201807,1793.4674987792969,1830.654006941861,1930.449951171875
2020-05-04,TCS,1966.0,1966.0,1913.6500244140625,1930.449951171875,3729348,55.94143190322994,21.654528041356116,1801.0649963378905,1840.1583825828147,1932.75
2020-05-05,TCS,1955.0999755859375,1977.0,1927.0,1932.75,2905528,56.07613604195572,25.686682285628194,1806.3974975585938,1848.976631860642,1903.5999755859375
2020-05-06,TCS,1939.800048828125,1953.699951171875,1893.5999755859375,1903.5999755859375,3517431,53.829873720619986,26.227693694285108,1816.1399963378906,1854.1788550725748,1891.6500244140625
2020-05-07,TCS,1910.0,1934.449951171875,1883.3499755859375,1891.6500244140625,3166754,52.89445844467641,25.39939947716539,1828.0125,1857.7475378670024,1893.4000244140625
2020-05-08,TCS,1939.0999755859375,1939.5,1886.25,1893.4000244140625,2686530,53.02320070258937,24.600600310166783,1833.9225036621094,1861.1430127762462,1935.300048828125
2020-05-11,TCS,1909.0,1951.4000244140625,1909.0,1935.300048828125,2449841,56.115763839074006,27.03686387548987,1845.4150085449219,1868.20558763833,1949.5
2020-05-12,TCS,1933.4000244140625,1956.5,1910.25,1949.5,3256595,57.14541405090416,29.770264609889864,1854.5825073242188,1875.9479126251558,1949.6500244140625
2020-05-13,TCS,1994.0,1994.0,1925.6500244140625,1949.6500244140625,2656665,57.156851319552025,31.58452337659719,1864.1025085449219,1882.9671613669564,1902.3499755859375
2020-05-14,TCS,1910.0,1923.0999755859375,1891.0999755859375,1902.3499755859375,2263146,52.40781585781701,28.872790328593283,1872.4625061035156,1884.8131436735262,1892.9000244140625
2020-05-15,TCS,1916.0,1917.4000244140625,1865.199951171875,1892.9000244140625,3173682,51.48738616606431,25.66533624788667,1881.3050048828125,1885.5833227916723,1945.5999755859375
2020-05-18,TCS,1907.0,1952.949951171875,1872.0999755859375,1945.5999755859375,3727694,56.11614604763442,27.063875893546765,1888.2750061035156,1891.2991944863643,1948.6500244140625
2020-05-19,TCS,1903.0,1966.449951171875,1903.0,1948.6500244140625,3198693,56.37557649274501,28.094486338475008,1894.7750061035156,1896.7611782890021,1953.5999755859375
2020-05-20,TCS,1950.0,1962.9000244140625,1931.699951171875,1953.5999755859375,2778505,56.82170550836393,28.97664747754584,1905.5725036621093,1902.1743970791865,1991.199951171875
2020-05-21,TCS,1946.0,1998.0,1941.1500244140625,1991.199951171875,3400908,60.15501591592776,32.337009414128715,1916.6575012207031,1910.6530212784903,2020.3499755859375
2020-05-22,TCS,1977.0999755859375,2032.0,1961.25,2020.3499755859375,3663418,62.56766018484299,36.926616760275465,1923.7625,1921.100350260152,1943.0
2020-05-26,TCS,2015.0,2024.0,1925.0,1943.0,4575317,53.33842408420383,33.931278403417764,1929.9849975585937,1923.1860311877565,2005.300048828125
2020-05-27,TCS,1959.0,2010.0,1941.25,2005.300048828125,3482160,58.63139608114298,36.16762656705873,1938.4200012207032,1931.0064138201726,2004.300048828125
2020-05-28,TCS,1988.5,2014.0,1971.300048828125,2004.300048828125,3475681,58.516655779134915,37.427812432395285,1945.6825012207032,1937.9867600114062,1972.3499755859375
2020-05-29,TCS,1982.0,2002.6500244140625,1962.4000244140625,1972.3499755859375,7237735,54.825002104578026,35.439885972157754,1949.0174987792968,1941.2594472089806,2045.25
2020-06-01,TCS,1990.0,2060.0,1981.0999755859375,2045.25,3747773,60.8880551082104,39.29390694976405,1950.5575012207032,1951.1633093795538,2047.1500244140625
2020-06-02,TCS,2060.199951171875,2081.0,2040.050048828125,2047.1500244140625,2443886,61.03484152255887,42.01721414246026,1956.3925048828125,1960.3049012876022,2046.1500244140625
2020-06-03,TCS,2051.85009765625,2063.75,2020.0,2046.1500244140625,3699799,60.90528569994599,43.592258647935296,1962.0625061035157,1968.480627299646,2091.550048828125
2020-06-04,TCS,2046.75,2100.0,2046.75,2091.550048828125,4048593,64.58111066621287,47.95114436875451,1971.460009765625,1980.2015245880725,2048.25
2020-06-05,TCS,2091.60009765625,2098.0,2040.300048828125,2048.25,3573289,58.89360429055548,47.36563903702472,1979.2900085449219,1986.682331770161,2071.75
2020-06-08,TCS,2078.25,2095.0,2062.10009765625,2071.75,2957841,60.905899844134446,48.24177430091686,1988.2075073242188,1994.7840144587171,2072.050048828125
2020-06-09,TCS,2063.10009765625,2095.5,2060.25,2072.050048828125,2909439,60.93219708069583,48.40237677258142,1995.0450073242187,2002.1426843986608,2108.75
2020-06-10,TCS,2077.050048828125,2132.0,2073.5,2108.75,5168397,64.1120415612582,50.90424231511656,2003.0075073242188,2012.2957620749787,2067.64990234375
2020-06-11,TCS,2100.0,2105.0,2061.800048828125,2067.64990234375,2269513,58.381157243312465,49.00564778680223,2008.9075012207031,2017.5675849577187,2039.5
2020-06-12,TCS,2011.199951171875,2049.199951171875,2011.0,2039.5,2842642,54.77002263127582,44.71409977523922,2015.7650024414063,2019.6563863903168,2029.9000244140625
2020-06-15,TCS,2039.0999755859375,2059.0,2000.949951171875,2029.9000244140625,2399022,53.55345462952575,40.076403425703575,2022.6150024414062,2020.6319709640068,2045.800048828125
2020-06-16,TCS,2065.0,2073.949951171875,2031.0,2045.800048828125,2146528,55.32350219245011,37.254547510514385,2027.6250061035157,2023.0289307605894,2047.800048828125
2020-06-17,TCS,2046.0,2058.85009765625,2026.550048828125,2047.800048828125,2703527,55.55295390869337,34.77868264806693,2032.5825073242188,2025.3880848622596,2038.0999755859375
2020-06-18,TCS,2045.0,2059.199951171875,2025.199951171875,2038.0999755859375,1944389,54.10166940999723,31.668769204914042,2036.8075073242187,2026.5987411216574,2044.5999755859375
2020-06-19,TCS,2042.0,2090.0,2032.0,2044.5999755859375,5681758,54.95095549877442,29.389848197259653,2039.4775085449219,2028.31314440397,2027.949951171875
2020-06-22,TCS,2050.0,2052.25,2019.1500244140625,2027.949951171875,3196138,52.28226788382526,25.941234654559366,2039.8575073242187,2028.278554572342,2035.300048828125
2020-06-23,TCS,2027.0,2044.0,2010.0,2035.300048828125,4205944,53.35911049911644,23.530035428104384,2044.472509765625,2028.9472683109882,2042.199951171875
2020-06-24,TCS,2034.0,2064.25,2031.5999755859375,2042.199951171875,2560937,54.39945456631758,21.923190233339255,2046.3175048828125,2030.2094285834535,2016.0999755859375
2020-06-25,TCS,2035.0,2060.0,2009.25,2016.0999755859375,3043931,49.86822638020343,18.332379675219727,2046.9075012207031,2028.8656711551187,2118.85009765625
2020-06-26,TCS,2025.0,2132.0,2019.949951171875,2118.85009765625,6300722,62.95155614046334,23.506741486572537,2054.2325073242187,2037.4356165361787,2101.64990234375
2020-06-29,TCS,2108.0,2127.60009765625,2091.300048828125,2101.64990234375,3076341,60.12289566395709,25.920750214281497,2057.0525024414064,2043.5512628035665,2082.14990234375
2020-06-30,TCS,2100.0,2111.89990234375,2075.050048828125,2082.14990234375,3071725,56.996059681850646,25.961118873150326,2058.8024963378907,2047.2273237121556,2092.050048828125
2020-07-01,TCS,2079.699951171875,2113.949951171875,2079.5,2092.050048828125,2503466,58.18507706818586,26.486648808360542,2061.0974975585937,2051.4961546755812,2157.14990234375
2020-07-02,TCS,2102.0,2165.0,2098.0,2157.14990234375,3758699,65.03171500096101,31.78969734222619,2064.377490234375,2061.558416358264,2199.64990234375
2020-07-03,TCS,2163.64990234375,2205.0,2160.25,2199.64990234375,4185208,68.64160143237208,38.972545084232024,2071.9474853515626,2074.7099864521197,2263.199951171875
2020-07-06,TCS,2205.0,2269.89990234375,2205.0,2263.199951171875,5190366,73.11149783887431,49.22552034321234,2081.519982910156,2092.661411663525,2269.89990234375
2020-07-07,TCS,2275.0,2302.699951171875,2232.14990234375,2269.89990234375,5630055,73.53972903513328,57.23197261574569,2091.4124755859375,2109.541267918785,2218.89990234375
2020-07-08,TCS,2270.0,2274.39990234375,2207.60009765625,2218.89990234375,2793358,65.04743384535239,58.784241802309225,2096.919970703125,2119.956375959258,2204.35009765625
2020-07-09,TCS,2229.0,2244.5,2191.050048828125,2204.35009765625,3443998,62.818672922408645,58.169833049732915,2103.75498046875,2127.9938732637333,2222.35009765625
2020-07-10,TCS,2205.25,2249.85009765625,2176.0,2222.35009765625,9610320,64.44187358420115,58.461452026492225,2112.8974853515624,2136.980180348735,2220.0
2020-07-13,TCS,2220.0,2244.949951171875,2210.0,2220.0,2963503,64.04872573335754,57.83622888155742,2122.402484130859,2144.8868298393318,2171.949951171875
2020-07-14,TCS,2210.0,2239.0,2165.0,2171.949951171875,2976738,56.46381347933593,52.854227036626526,2128.7099792480467,2147.464269966241,2233.89990234375
2020-07-15,TCS,2185.0,2260.0,2181.10009765625,2233.89990234375,5569321,62.61147828247966,53.29049831101429,2138.014971923828,2155.696234954575,2234.75
2020-07-16,TCS,2244.0,2333.0,2220.10009765625,2234.75,8582118,62.68933665099696,53.0928212215199,2147.8474731445312,2163.2251649589016,2200.75
2020-07-17,TCS,2237.0,2243.89990234375,2190.050048828125,2200.75,4509135,57.529320827823156,49.6206489010151,2155.6549743652345,2166.7989587723396,2207.89990234375
2020-07-20,TCS,2201.0,2226.89990234375,2190.800048828125,2207.89990234375,2952646,58.30651833396135,46.90517107161986,2164.652471923828,2170.7133343505693,2225.050048828125
2020-07-21,TCS,2230.0,2238.64990234375,2201.14990234375,2225.050048828125,2665286,60.18844932135679,45.61123094111372,2174.139971923828,2175.888259538908,2190.949951171875
2020-07-22,TCS,2231.0,2231.0,2184.199951171875,2190.949951171875,2861534,54.883850156423705,41.3574383655332,2181.577471923828,2177.3227063610957,2171.199951171875
2020-07-23,TCS,2190.949951171875,2190.949951171875,2163.0,2171.199951171875,2265766,52.02402471066908,35.97788648021515,2189.332470703125,2176.7395868192652,2157.39990234375
2020-07-24,TCS,2154.5,2163.0,2125.10009765625,2157.39990234375,3665100,50.061143890178556,30.252274851808124,2191.2599609375,2174.8977121073112,2206.800048828125
2020-07-27,TCS,2165.0,2215.0,2163.5,2206.800048828125,4248480,56.402521991578084,29.362393952501407,2196.517468261719,2177.936029890246,2309.75
2020-07-28,TCS,2215.0,2320.0,2215.0,2309.75,8092319,66.07170335898175,36.54311135903481,2207.8974731445314,2190.48974132927,2276.050048828125
2020-07-29,TCS,2292.0,2342.0,2246.050048828125,2276.050048828125,6090431,61.28056298046713,39.064268648345205,2217.0974731445312,2198.6383420434468,2279.5
2020-07-30,TCS,2285.89990234375,2358.0,2272.25,2279.5,7098496,61.587650821173035,40.86956726025301,2223.214978027344,2206.3394523250236,2281.39990234375
2020-07-31,TCS,2303.14990234375,2334.800048828125,2257.449951171875,2281.39990234375,4723290,61.767483858991284,41.969784111701756,2227.3024780273436,2213.4880666125214,2254.14990234375
2020-08-03,TCS,2290.449951171875,2303.85009765625,2230.699951171875,2254.14990234375,4012337,57.60208380129764,40.17970005956931,2226.8499755859375,2217.360622396448,2249.699951171875
2020-08-04,TCS,2259.949951171875,2269.64990234375,2225.050048828125,2249.699951171875,2927928,56.926952619806535,37.964342374705666,2225.839978027344,2220.440558470298,2259.5
2020-08-05,TCS,2260.0,2300.0,2253.0,2259.5,3800641,58.09189820402439,36.577791475421236,2227.869982910156,2224.160505282651,2308.10009765625
2020-08-06,TCS,2275.0,2319.5,2265.35009765625,2308.10009765625,4748047,63.38119347847408,38.95155236194614,2233.057482910156,2232.1547521753746,2295.35009765625
2020-08-07,TCS,2308.0,2328.0,2287.0,2295.35009765625,3165491,61.19895817594348,39.35035018059716,2236.707482910156,2238.1733565068866,2282.800048828125
2020-08-10,TCS,2318.0,2325.0,2276.050048828125,2282.800048828125,2929353,59.04400955328645,38.21321807865752,2239.8474853515627,2242.423517680338,2279.89990234375
2020-08-11,TCS,2283.0,2312.0,2275.60009765625,2279.89990234375,2774423,58.531102351449114,36.655473628769414,2245.244982910156,2245.9926971720915,2257.35009765625
2020-08-12,TCS,2288.35009765625,2296.39990234375,2246.550048828125,2257.35009765625,3415751,54.56226859314632,33.21844756186283,2246.4174926757814,2247.074354361059,2254.449951171875
2020-08-13,TCS,2273.0,2300.0,2250.5,2254.449951171875,2695682,54.0546111186033,29.915712347591125,2247.402490234375,2247.776792152565,2242.14990234375
2020-08-14,TCS,2277.0,2281.300048828125,2233.10009765625,2242.14990234375,2270405,51.85113563423994,26.00597901282663,2249.4724853515627,2247.240897885059,2253.39990234375
2020-08-17,TCS,2263.0,2270.0,2238.25,2253.39990234375,2625630,53.70977502687787,23.54386908943161,2251.7474853515623,2247.8274697382676,2269.75
2020-08-18,TCS,2262.800048828125,2289.0,2248.300048828125,2269.75,3493374,56.34716330582509,22.650840682262697,2253.9824829101562,2249.9153297631947,2256.60009765625
2020-08-19,TCS,2276.35009765625,2284.60009765625,2252.5,2256.60009765625,2843005,53.69729640582474,20.644050253984915,2257.264990234375,2250.551974324438,2252.85009765625
2020-08-20,TCS,2257.0,2276.550048828125,2240.050048828125,2252.85009765625,2895164,52.93280894299566,18.537373419818778,2261.3474975585937,2250.770843213182,2248.60009765625
2020-08-21,TCS,2260.0,2271.0,2241.050048828125,2248.60009765625,1975294,52.02873580253091,16.336559678864432,2265.907507324219,2250.5641055410933,2248.10009765625
2020-08-24,TCS,2250.60009765625,2259.949951171875,2230.0,2248.10009765625,2167966,51.91639206015319,14.386217748728086,2267.972509765625,2250.329438123489,2242.64990234375
2020-08-25,TCS,2245.0,2250.0,2233.550048828125,2242.64990234375,1663419,50.63298077579019,12.259453160316298,2264.6175048828127,2249.598053763514,2253.5
2020-08-26,TCS,2242.0,2259.89990234375,2216.449951171875,2253.5,2618149,53.11769567545731,11.319010595987038,2263.4900024414064,2249.9696676907984,2248.39990234375
2020-08-27,TCS,2266.0,2287.35009765625,2241.75,2248.39990234375,3579393,51.7979751533153,10.046359650262275,2261.9349975585938,2249.820166229175,2238.550048828125
2020-08-28,TCS,2268.39990234375,2279.949951171875,2235.10009765625,2238.550048828125,2941136,49.25284481909047,8.149036724014877,2259.7925048828124,2248.7468217147893,2257.25
2020-08-31,TCS,2240.0,2276.199951171875,2228.0,2257.25,6018154,53.88550151691528,8.061397639110055,2259.947509765625,2249.556648218143,2246.35009765625
2020-09-01,TCS,2269.0,2278.0,2241.300048828125,2246.35009765625,3610908,50.965001100429745,7.031358879764866,2259.7800170898436,2249.251262450344,2265.14990234375
2020-09-02,TCS,2247.0,2268.75,2241.64990234375,2265.14990234375,2084137,55.449869815661174,7.643918529083749,2260.0625122070314,2250.765418630668,2299.5
2020-09-03,TCS,2268.0,2324.0,2268.0,2299.5,4654146,62.244729235009245,10.776912728004845,2259.6325073242188,2255.4068073325093,2288.800048828125
2020-09-04,TCS,2275.0,2324.25,2262.949951171875,2288.800048828125,5231303,59.2150138202461,12.255166633927729,2259.3050048828127,2258.5871160463776,2327.050048828125
2020-09-07,TCS,2289.0,2343.5,2283.35009765625,2327.050048828125,4620401,65.6514065948803,16.3249648037081,2261.5175048828123,2265.107395358925,2348.199951171875
2020-09-08,TCS,2335.949951171875,2390.449951171875,2327.050048828125,2348.199951171875,7453998,68.60197793588115,21.014685325360006,2264.932507324219,2273.0209721030155,2327.64990234375
2020-09-09,TCS,2325.0,2359.0,2320.0,2327.64990234375,3866535,62.94424592133724,22.81016405745504,2268.4474975585936,2278.223727364038,2331.14990234375
2020-09-10,TCS,2335.0,2348.5,2324.300048828125,2331.14990234375,2308813,63.49642632324882,24.236135553455824,2272.2824951171874,2283.264315457344,2374.10009765625
2020-09-11,TCS,2330.949951171875,2383.0,2330.14990234375,2374.10009765625,4145424,69.50227700606717,28.503380818231562,2278.8800048828125,2291.9153423334305,2491.39990234375
2020-09-14,TCS,2384.10009765625,2505.75,2381.85009765625,2491.39990234375,7512131,79.44759425422733,40.879088669486464,2290.7800048828126,2310.913871858223,2491.39990234375
2020-09-15,TCS,2491.39990234375,2538.0,2464.60009765625,2491.39990234375,7318770,79.44759425422733,50.10929751397998,2301.8625,2328.1030176187496,2503.0
2020-09-16,TCS,2488.949951171875,2507.60009765625,2477.300048828125,2503.0,3074003,80.18856470552306,57.69526041014751,2314.1824951171875,2344.7598730836307,2460.949951171875
2020-09-17,TCS,2480.0,2495.75,2450.60009765625,2460.949951171875,4828176,70.29501191434932,59.62676293897357,2324.5874877929687,2355.8255948063206,2449.89990234375
2020-09-18,TCS,2485.0,2500.39990234375,2436.39990234375,2449.89990234375,4183256,67.92341052718933,59.57905574946881,2334.652478027344,2364.785052667028,2465.300048828125
2020-09-21,TCS,2465.0,2504.89990234375,2452.14990234375,2465.300048828125,4598809,69.4693706309888,60.091216437362164,2345.5124755859374,2374.3579094442757,2522.949951171875
2020-09-22,TCS,2485.0,2555.0,2458.0,2522.949951171875,7499613,74.43634052280066,64.4065343548732,2359.527478027344,2388.509532465952,2467.449951171875
2020-09-23,TCS,2510.0,2519.85009765625,2409.0,2467.449951171875,7502280,63.693270417290755,62.62615341440596,2370.2249755859375,2396.027667580802,2332.25
2020-09-24,TCS,2450.0,2450.0,2302.60009765625,2332.25,8424708,46.20050846686184,49.73239841412533,2374.41748046875,2389.953604001678,2422.300048828125
2020-09-25,TCS,2368.0,2440.0,2352.10009765625,2422.300048828125,8228267,55.05456901787332,46.247182312853965,2383.60498046875,2393.0342177946727,2426.300048828125
2020-09-28,TCS,2440.0,2444.0,2366.0,2426.300048828125,4347166,55.405648052679354,43.30865479974591,2392.057482910156,2396.202392178811,2488.39990234375
2020-09-29,TCS,2434.85009765625,2511.050048828125,2426.300048828125,2488.39990234375,6995811,60.55682512786684,45.46667819898721,2404.1599731445312,2404.9831074326144,2492.300048828125
2020-09-30,TCS,2489.0,2505.0,2460.0,2492.300048828125,3917166,60.8625942898973,46.95042128604655,2415.51748046875,2413.299006613139,2523.449951171875
2020-10-01,TCS,2510.0,2540.0,2492.300048828125,2523.449951171875,2610337,63.309070441881964,50.062743022292125,2426.714978027344,2423.7895727615905,2705.800048828125
2020-10-05,TCS,2620.0,2728.10009765625,2603.050048828125,2705.800048828125,17412105,73.68087617651794,66.47710267970933,2447.564978027344,2450.647713339356,2714.300048828125
2020-10-06,TCS,2736.0,2736.0,2650.10009765625,2714.300048828125,9846367,74.04912826545765,79.2578448309082,2466.9274780273436,2475.7574595763817,2735.949951171875
2020-10-07,TCS,2742.0,2770.0,2703.0,2735.949951171875,9656101,75.00828919072619,90.09508123512796,2486.314978027344,2500.5376968711907,2825.699951171875
2020-10-08,TCS,2800.0,2885.0,2800.0,2825.699951171875,19839329,78.54801911310668,104.71861310470013,2511.21748046875,2531.505530614113,2812.949951171875
2020-10-09,TCS,2810.0,2829.85009765625,2780.0,2812.949951171875,7739245,76.88207793177325,113.965327667986,2535.307482910156,2558.3097611434237,2830.0
2020-10-12,TCS,2815.5,2854.0,2800.75,2830.0,4623203,77.56726135739271,121.27127228741438,2558.1024780273438,2584.185021986907,2826.550048828125
2020-10-13,TCS,2845.0,2854.89990234375,2812.199951171875,2826.550048828125,4209878,77.06950976874097,125.33808439106315,2574.8599853515625,2607.2674054955946,2809.60009765625
2020-10-14,TCS,2842.0,2842.0,2787.550048828125,2809.60009765625,4395936,74.53871862707726,125.74384609512754,2590.7699951171876,2626.5371857013715,2740.60009765625
2020-10-15,TCS,2811.0,2827.75,2727.0,2740.60009765625,6629355,65.15855382749507,119.12449875677203,2602.65,2637.400320173265,2763.300048828125
2020-10-16,TCS,2750.10009765625,2771.64990234375,2731.300048828125,2763.300048828125,5273773,66.64565815364264,114.39167858508472,2617.7675048828123,2649.390770521347,2711.550048828125
2020-10-19,TCS,2774.0,2774.0,2706.60009765625,2711.550048828125,3331194,60.32433593611208,105.2518145920526,2630.8500122070313,2655.310701788659,2739.0
2020-10-20,TCS,2725.0,2759.89990234375,2717.949951171875,2739.0,3406273,62.3635402340599,99.08124130532997,2644.535009765625,2663.28111114212,2675.39990234375
2020-10-21,TCS,2739.0,2749.0,2663.050048828125,2675.39990234375,4570143,55.27486451028512,88.04410354622723,2652.157507324219,2664.4352817327513,2671.14990234375
2020-10-22,TCS,2661.0,2686.64990234375,2638.10009765625,2671.14990234375,5262294,54.82638788357256,78.05439044668856,2662.3425048828126,2665.074769409989,2686.800048828125
2020-10-23,TCS,2687.800048828125,2702.0,2670.10009765625,2686.800048828125,3499091,56.23456579849263,70.5866281600861,2680.0700073242188,2667.1438436402877,2688.199951171875
2020-10-26,TCS,2689.949951171875,2709.949951171875,2670.5,2688.199951171875,2672752,56.36559430554901,64.04308435429948,2693.3650024414064,2669.149187214725,2630.14990234375
2020-10-27,TCS,2699.75,2718.14990234375,2624.10009765625,2630.14990234375,3537502,49.718361476606724,53.555767399325305,2703.5574951171875,2665.4349696079653,2622.199951171875
2020-10-28,TCS,2650.0,2655.949951171875,2606.0,2622.199951171875,3569445,48.86839570386408,44.094702256796154,2710.2474975585938,2661.317348804528,2632.64990234375
2020-10-29,TCS,2608.0,2655.0,2600.25,2632.64990234375,3105968,50.076553532708104,37.01329744081295,2717.264990234375,2658.5871158082637,2664.85009765625
2020-10-30,TCS,2636.10009765625,2674.35009765625,2621.60009765625,2664.85009765625,3427003,53.70636807011793,33.61206084420701,2724.334997558594,2659.183590269977,2604.60009765625
2020-11-02,TCS,2660.0,2664.85009765625,2600.050048828125,2604.60009765625,2571196,46.84340639045882,25.757963102202666,2719.275,2653.985162402003,2633.60009765625
2020-11-03,TCS,2604.0,2665.0,2601.050048828125,2633.60009765625,2879269,50.145688295199804,21.624319992629808,2715.2400024414064,2652.043727664312,2653.14990234375
2020-11-04,TCS,2610.0,2721.85009765625,2610.0,2653.14990234375,4893928,52.29713491228352,19.698808300740893,2711.1,2652.1490776337823,2685.699951171875
2020-11-05,TCS,2685.0,2710.0,2667.0,2685.699951171875,2816502,55.723217361816964,20.562313767165506,2704.1,2655.344398923124,2707.449951171875
2020-11-06,TCS,2699.0,2713.25,2681.300048828125,2707.449951171875,3884421,57.899107429232394,22.73956376203205,2698.825,2660.306832470624,2726.60009765625
2020-11-09,TCS,2731.10009765625,2744.0,2695.10009765625,2726.60009765625,3646592,59.77354169139762,25.71389309280903,2693.6550048828126,2666.6204767740173,2649.60009765625
2020-11-10,TCS,2697.199951171875,2713.14990234375,2638.35009765625,2649.60009765625,4760020,50.1124192108684,21.608722134382788,2684.807507324219,2664.999488286611,2687.800048828125
2020-11-11,TCS,2667.949951171875,2692.800048828125,2643.39990234375,2687.800048828125,3242441,54.077910542738614,21.193456409903774,2678.7175048828126,2667.1709702429457,2671.050048828125
2020-11-12,TCS,2686.0,2713.0,2661.75,2671.050048828125,2437505,52.12150799326162,19.290402564115993,2675.2400024414064,2667.540406298677,2656.85009765625
2020-11-13,TCS,2655.75,2664.89990234375,2636.0,2656.85009765625,2548093,50.45503027532554,16.44681267619444,2669.9175048828124,2666.522281666065,2670.35009765625
2020-11-14,TCS,2677.949951171875,2689.0,2660.050048828125,2670.35009765625,298819,52.02548259154699,15.108423873108222,2667.8575073242187,2666.886835569892,2666.050048828125
2020-11-17,TCS,2695.0,2695.0,2650.050048828125,2666.050048828125,2827273,51.46589379811029,13.54462904824004,2664.210009765625,2666.8071415944855,2626.64990234375
2020-11-18,TCS,2661.0,2664.199951171875,2607.050048828125,2626.64990234375,2893762,46.52764368058121,9.022047297259633,2661.772509765625,2662.9826426182253,2636.89990234375
2020-11-19,TCS,2637.0,2676.14990234375,2630.85009765625,2636.89990234375,4167501,47.92746623206543,6.193562480425953,2660.060009765625,2660.498572115894,2660.25
2020-11-20,TCS,2655.0,2676.0,2627.550048828125,2660.25,2711471,51.06992143902036,5.769617066819137,2658.7325073242187,2660.474898581047,2724.25
2020-11-23,TCS,2690.0,2730.0,2665.0,2724.25,3706418,58.46800358956651,10.477128585311675,2660.535009765625,2666.5487177638042,2722.050048828125
2020-11-24,TCS,2734.39990234375,2743.0,2705.0,2722.050048828125,3120516,58.142575338731184,13.870457703350894,2665.130017089844,2671.834558817549,2701.300048828125
2020-11-25,TCS,2729.0,2732.949951171875,2688.199951171875,2701.300048828125,3302249,55.03131318644576,14.715710343371484,2669.0850219726562,2674.6407959614135,2720.60009765625
2020-11-26,TCS,2686.0,2730.949951171875,2680.0,2720.60009765625,2341099,57.31902674347579,16.749849949695545,2673.482531738281,2679.017872313303,2679.64990234375
2020-11-27,TCS,2705.0,2717.699951171875,2669.050048828125,2679.64990234375,6086808,51.34986927530852,14.88598534340008,2674.222521972656,2679.078065649536,2726.800048828125
2020-12-01,TCS,2679.0,2735.89990234375,2624.449951171875,2726.800048828125,3605017,56.91360098413643,17.017316948692496,2680.33251953125,2683.6230164284493,2749.550048828125
2020-12-02,TCS,2719.0,2754.699951171875,2702.449951171875,2749.550048828125,2509032,59.330371485934705,20.308048924933246,2686.130017089844,2689.9017814188946,2709.449951171875
2020-12-03,TCS,2773.89990234375,2773.89990234375,2700.800048828125,2709.449951171875,2852548,53.62111248614673,19.455958792146248,2688.94501953125,2691.76351187156,2727.550048828125
2020-12-04,TCS,2710.800048828125,2738.85009765625,2699.0,2727.550048828125,2686527,55.69358810146506,20.01052891377003,2691.0375244140623,2695.1717534864706,2737.699951171875
2020-12-07,TCS,2715.0,2744.0,2706.14990234375,2737.699951171875,1996400,56.857813013855626,21.026659778204248,2692.5500244140626,2699.2220580279377,2797.300048828125
2020-12-08,TCS,2740.0,2805.550048828125,2732.449951171875,2797.300048828125,4277818,63.00508140028116,26.337577393535867,2696.0850219726562,2708.562819056527,2810.800048828125
2020-12-09,TCS,2815.0,2840.0,2793.14990234375,2810.800048828125,3659996,64.2477487619351,31.27533247798692,2704.14501953125,2718.2996980823937,2784.300048828125
2020-12-10,TCS,2818.0,2827.300048828125,2780.25,2784.300048828125,2127801,59.98809156172339,32.673569852094715,2708.97001953125,2724.585445772463,2783.60009765625
2020-12-11,TCS,2792.699951171875,2807.699951171875,2764.550048828125,2783.60009765625,1795408,59.87517177156711,33.34087003915738,2714.597521972656,2730.205888809014,2797.699951171875
2020-12-14,TCS,2802.0,2804.0,2756.25,2797.699951171875,2483658,61.449400006758786,34.608505280533336,2721.6400146484375,2736.6338947483346,2761.550048828125
2020-12-15,TCS,2786.0,2794.699951171875,2755.0,2761.550048828125,2365509,55.443446803036686,32.32351498033722,2726.2000122070312,2739.006861803553,2814.199951171875
2020-12-16,TCS,2779.0,2819.800048828125,2760.449951171875,2814.199951171875,2565149,61.36600150581007,34.364913479339975,2733.6075073242187,2746.1681084100596,2838.199951171875
2020-12-17,TCS,2811.0,2853.699951171875,2805.0,2838.199951171875,2863460,63.73253701308564,37.48720673662865,2744.185009765625,2754.9330458159466,2861.0
2020-12-18,TCS,2868.0,2898.0,2846.199951171875,2861.0,6076692,65.8713448199405,41.32505057137314,2755.3900146484375,2765.034660500142,2820.14990234375
2020-12-21,TCS,2861.0,2886.5,2785.0,2820.14990234375,2705195,59.14172434619833,40.60227028047393,2763.385009765625,2770.2837311519143,2872.5
2020-12-22,TCS,2834.0,2883.64990234375,2818.64990234375,2872.5,2881737,64.19065595967515,43.74936165727104,2770.797509765625,2780.018613899351,2908.75
2020-12-23,TCS,2876.050048828125,2919.0,2865.449951171875,2908.75,2790988,67.21205986229621,48.60820120710014,2780.1325073242188,2792.278745908937,2909.35009765625
2020-12-24,TCS,2909.0,2921.35009765625,2883.199951171875,2909.35009765625,1807144,67.26130602251028,51.90891575339538,2790.535009765625,2803.4283984563,2929.39990234375
2020-12-28,TCS,2910.0,2949.699951171875,2902.0,2929.39990234375,2108994,68.93985720128092,55.502805692049606,2800.975,2815.425684540819,2930.5
2020-12-29,TCS,2920.0,2952.0,2920.0,2930.5,1994151,69.03367143399456,57.773777899276865,2813.5175048828123,2826.385143155979,2909.300048828125
2020-12-30,TCS,2934.39990234375,2947.699951171875,2902.0,2909.300048828125,2637968,64.9616448878814,57.20347480120836,2822.6425048828123,2834.281800839041,2862.75
2020-12-31,TCS,2900.0,2905.0,2845.0,2862.75,4040956,57.00978054981244,52.391370475392705,2828.3025024414064,2836.9930579019892,2928.25
2021-01-01,TCS,2880.0,2940.0,2879.0,2928.25,2681440,63.73629350083005,53.24922183863828,2839.2425048828127,2845.684195244657,3039.449951171875
2021-01-04,TCS,2950.0,3050.75,2940.949951171875,3039.449951171875,5113293,71.80263820859484,62.18515024419503,2854.8375,2864.1380767615346,3093.0
2021-01-05,TCS,3039.60009765625,3114.25,3039.60009765625,3093.0,5801309,74.71898430463203,72.74936983889256,2872.602502441406,2885.9344504032933,3051.5
2021-01-06,TCS,3100.0,3113.5,3037.199951171875,3051.5,3726716,68.78184403364433,76.88658610438051,2885.3125,2901.7025979839323,3032.800048828125
2021-01-07,TCS,3075.0,3080.85009765625,3000.25,3032.800048828125,3717827,66.22816601623677,77.76006045132999,2896.4125,2914.1880694929027,3120.89990234375
2021-01-08,TCS,3090.0,3128.0,3060.0,3120.89990234375,5879039,71.5813810501232,84.58616045715144,2913.2424926757812,2933.874910716793,3176.449951171875
2021-01-11,TCS,3230.0,3230.0,3146.550048828125,3176.449951171875,9508039,74.34297764155032,93.40164258524192,2932.8849853515626,2956.9772955220387,3174.85009765625
2021-01-12,TCS,3176.449951171875,3210.0,3150.0,3174.85009765625,3611458,74.11958405486781,99.1163295266847,2951.7424926757812,2977.7270862014875,3158.949951171875
2021-01-13,TCS,3175.0,3177.0,3126.25,3158.949951171875,3572801,71.81006444354414,101.195729780894,2971.6124877929688,2994.986406674858,3250.699951171875
2021-01-14,TCS,3155.0,3266.5,3120.39990234375,3250.699951171875,6931542,76.38307022167976,108.99075015349808,2993.4374877929686,3019.3400775793357,3233.35009765625
2021-01-15,TCS,3235.0,3274.0,3210.0,3233.35009765625,4131692,73.94040518546268,112.4718661176421,3013.1949951171873,3039.7219842533273,3221.75
2021-01-18,TCS,3250.0,3256.75,3187.39990234375,3221.75,4160906,72.27617841840754,112.99214159141411,3031.2324951171877,3057.0579857530106,3260.699951171875
2021-01-19,TCS,3233.0,3279.0,3232.0,3260.699951171875,2975735,74.36274459085354,115.21922370461698,3053.2599975585936,3076.4524586500456,3308.800048828125
2021-01-20,TCS,3270.0,3327.949951171875,3267.10009765625,3308.800048828125,3453446,76.69537000517094,119.48809384902506,3075.075,3098.580800571767,3273.85009765625
2021-01-21,TCS,3305.0,3309.14990234375,3262.10009765625,3273.85009765625,2778546,71.59785203924199,118.68293225786783,3093.3300048828123,3115.2731145798134,3303.10009765625
2021-01-22,TCS,3241.89990234375,3325.0,3241.89990234375,3303.10009765625,3052459,73.2030861458907,119.03292893422167,3113.0175048828123,3133.1613986823313,3291.300048828125
2021-01-25,TCS,3308.949951171875,3339.800048828125,3278.64990234375,3291.300048828125,2272887,71.44870412959463,117.00932780337462,3131.112512207031,3148.2222225057403,3261.050048828125
2021-01-27,TCS,3300.0,3306.449951171875,3227.0,3261.050048828125,2786662,67.01474770219937,111.67734027574988,3147.6400146484375,3158.967729774539,3196.550048828125
2021-01-28,TCS,3230.0,3275.0,3183.800048828125,3196.550048828125,3083938,58.656213772983435,101.0818817823033,3162.0025146484377,3162.5469982558325,3111.35009765625
2021-01-29,TCS,3210.050048828125,3216.85009765625,3100.0,3111.35009765625,5445659,49.81720793493388,84.83208905968377,3174.43251953125,3157.671102960634,3139.35009765625
2021-02-01,TCS,3100.0,3165.0,3044.10009765625,3139.35009765625,3985846,52.35807567036114,73.36764075495648,3184.9875244140626,3155.9262453125975,3203.449951171875
2021-02-02,TCS,3174.0,3224.0,3150.0,3203.449951171875,2881837,57.64513548238037,68.66280329517804,3193.1875244140624,3160.4523125372907,3200.050048828125
2021-02-03,TCS,3213.0,3236.0,3162.64990234375,3200.050048828125,2505866,57.28202616827288,63.92297771043559,3198.5400268554686,3164.22352551737,3188.449951171875
2021-02-04,TCS,3216.050048828125,3237.85009765625,3176.0,3188.449951171875,2057261,55.98623249812635,58.55560824883696,3205.3875244140627,3166.5308041511325,3157.949951171875
2021-02-05,TCS,3198.949951171875,3205.85009765625,3129.0,3157.949951171875,2366135,52.616012201997,51.25005544275473,3211.64501953125,3165.7135800578703,3214.10009765625
2021-02-08,TCS,3189.5,3226.0,3155.14990234375,3214.10009765625,2526592,57.66820035262532,49.42149948297947,3216.305029296875,3170.3218198291443,3176.89990234375
2021-02-09,TCS,3195.0,3245.800048828125,3164.0,3176.89990234375,2658751,53.59137752261071,44.45812525044357,3216.327526855469,3170.9483038781545,3213.300048828125
2021-02-10,TCS,3185.0,3219.39990234375,3157.300048828125,3213.300048828125,2127983,56.80890489378686,42.96651182199139,3218.2500244140624,3174.9818033971997,3206.0
2021-02-11,TCS,3215.0,3219.300048828125,3185.050048828125,3206.0,1165882,55.97081135611424,40.725881886664865,3220.6025268554686,3177.935917359371,3190.800048828125
2021-02-12,TCS,3184.199951171875,3245.5,3182.0,3190.800048828125,2777404,54.17853712709873,37.29375826109754,3217.607531738281,3179.1610727373477,3139.85009765625
2021-02-15,TCS,3209.0,3209.0,3131.550048828125,3139.85009765625,2630853,48.564815610963485,30.115388851160333,3212.9325317382813,3175.417170348672,3108.800048828125
2021-02-16,TCS,3150.0,3167.64990234375,3100.0,3108.800048828125,3435770,45.47255461895634,21.671187967043807,3207.2850341796875,3169.07268258481,3073.10009765625
2021-02-17,TCS,3105.10009765625,3132.85009765625,3045.550048828125,3073.10009765625,3678426,42.149504514888136,11.960536605753987,3197.9050415039064,3159.9324364011377,3057.35009765625
2021-02-18,TCS,3065.0,3097.89990234375,3031.0,3057.35009765625,4189909,40.735161977883344,2.9597637545361977,3185.3325439453124,3150.1626898540057,3071.85009765625
2021-02-19,TCS,3058.0,3087.14990234375,3016.14990234375,3071.85009765625,3725028,42.64333668762603,-2.969158151740885,3175.2325439453125,3142.704347739934,2958.449951171875
2021-02-22,TCS,3096.0,3096.0,2943.14990234375,2958.449951171875,5366696,33.54636573442028,-16.626653858811096,3158.000036621094,3125.1563099715477,2980.199951171875
2021-02-23,TCS,2970.0,3028.0,2968.0,2980.199951171875,3832829,36.350946230150164,-25.402450736330138,3142.445031738281,3111.350942466817,2948.10009765625
2021-02-24,TCS,2972.0,3003.35009765625,2921.14990234375,2948.10009765625,3774549,34.06588756765852,-34.54926052781093,3126.7975341796873,3095.8032429610485,2995.300048828125
2021-02-25,TCS,2974.0,3029.89990234375,2968.449951171875,2995.300048828125,4224073,40.034911182832005,-37.556602458676025,3116.7350341796873,3086.2315101864842,2894.300048828125
2021-02-26,TCS,2960.0,2972.35009765625,2880.0,2894.300048828125,5553153,33.124459417288406,-47.5417666215053,3105.882531738281,3067.9523233904497,2924.199951171875
2021-03-01,TCS,2926.0,2965.0,2901.800048828125,2924.199951171875,3265871,36.612673148311416,-52.43793702796438,3095.1250244140624,3054.2616212743947,3006.35009765625
2021-03-02,TCS,2960.0,3025.0,2948.0,3006.35009765625,3306469,45.08749018994253,-49.1230966066023,3085.2700317382814,3049.6986190250473,3059.10009765625
2021-03-03,TCS,3035.0,3064.0,2996.89990234375,3059.10009765625,3509857,49.7347264251609,-41.758214833664624,3078.2225341796875,3050.5939979423047,3049.699951171875
2021-03-04,TCS,3023.0,3081.449951171875,3016.050048828125,3049.699951171875,3916760,48.93988005143153,-36.26200045950509,3071.2850341796875,3050.5088506308352,3008.050048828125
2021-03-05,TCS,3016.10009765625,3063.199951171875,2996.60009765625,3008.050048828125,3203686,45.47224110291645,-34.86510675834552,3063.7900390625,3046.4651552210535,3006.949951171875
2021-03-08,TCS,3016.0,3033.0,2996.0,3006.949951171875,2003125,45.380778228411124,-33.4611082954475,3053.4325317382813,3042.701802454465,3050.949951171875
2021-03-09,TCS,3006.949951171875,3066.89990234375,2992.10009765625,3050.949951171875,1942397,49.7355513242845,-28.46981481830062,3047.1350341796874,3043.4873404275513,3070.949951171875
2021-03-10,TCS,3075.0,3093.199951171875,3060.0,3070.949951171875,3053778,51.62360998213374,-22.63937332118121,3040.017529296875,3046.1028271651057,3057.949951171875
2021-03-12,TCS,3075.0,3117.0,3041.35009765625,3057.949951171875,2938317,50.30100764898096,-18.85040208188593,3032.615026855469,3047.23112468956,3066.14990234375
2021-03-15,TCS,3041.0,3099.0,3041.0,3066.14990234375,3097083,51.151142694777334,-15.012888315658074,3026.38251953125,3049.032913037578,3110.050048828125
2021-03-16,TCS,3060.0,3141.0,3060.0,3110.050048828125,4894756,55.536301331976084,-8.333196177373338,3024.8925170898438,3054.844068827154,3112.949951171875
2021-03-17,TCS,3105.0,3155.0,3085.300048828125,3112.949951171875,3838390,55.81844737299251,-2.77352270625488,3025.1000122070313,3060.3779623837945,3036.5
2021-03-18,TCS,3125.949951171875,3146.449951171875,2987.050048828125,3036.5,3656306,47.2975465473891,-4.484617684687237,3023.2700073242186,3058.103870728195,3050.199951171875
2021-03-19,TCS,3030.0,3099.0,3005.0,3050.199951171875,5776626,48.80573483009533,-4.681238811518597,3022.9125,3057.351116484736,3129.64990234375
2021-03-22,TCS,3048.699951171875,3139.449951171875,3018.64990234375,3129.64990234375,2821646,56.56808160335272,1.5559485907037924,3025.802490234375,3064.2367151379754,3142.60009765625
2021-03-23,TCS,3140.0,3169.0,3122.85009765625,3142.60009765625,3305973,57.69408622698362,7.457966283006499,3035.0099975585936,3071.69989442543,3121.10009765625
2021-03-24,TCS,3111.199951171875,3152.300048828125,3111.14990234375,3121.10009765625,2207104,55.13826157155914,10.281963434719728,3042.0550048828127,3076.404675685508,3064.85009765625
2021-03-25,TCS,3112.199951171875,3130.85009765625,3050.0,3064.85009765625,3179786,49.019827496882954,7.890143956036809,3047.8925048828123,3075.304239682722,3066.800048828125
2021-03-26,TCS,3090.64990234375,3118.0,3043.050048828125,3066.800048828125,3697370,49.23014674320309,6.081846806037902,3051.4675048828126,3074.494316744189,3158.550048828125
2021-03-30,TCS,3083.0,3188.449951171875,3060.89990234375,3158.550048828125,4694008,58.008384159631284,11.914869303263913,3064.6800048828127,3082.4996245617067,3177.85009765625
2021-03-31,TCS,3155.0,3205.0,3132.0,3177.85009765625,3530069,59.59114388015912,17.888724222670135,3077.362512207031,3091.5806219992824,3165.0
2021-04-01,TCS,3191.10009765625,3215.0,3145.0,3165.0,4285076,58.02300218433273,21.340155765607506,3085.2950073242187,3098.5729437136365,3238.89990234375
2021-04-05,TCS,3171.0,3263.0,3151.0,3238.89990234375,5317862,63.9055577195429,29.69622504443987,3094.2849975585937,3111.937415964124,3264.699951171875
2021-04-06,TCS,3275.0,3275.0,3230.0,3264.699951171875,2291562,65.71213463439972,37.96270800366756,3105.0349975585937,3126.4862288410527,3271.39990234375
2021-04-07,TCS,3259.0,3277.550048828125,3234.800048828125,3271.39990234375,2491268,66.18545529083761,44.54114280305566,3118.202490234375,3140.2875310794047,3317.35009765625
2021-04-08,TCS,3270.0,3335.0,3266.050048828125,3317.35009765625,2578118,69.31408715661877,52.853138436587415,3133.7224975585937,3157.1506326581516,3322.25
2021-04-09,TCS,3354.0,3354.35009765625,3308.0,3322.25,2911129,69.63670219330936,59.1539461605189,3147.2875,3172.874381928804,3246.550048828125
2021-04-12,TCS,3322.25,3338.10009765625,3213.199951171875,3246.550048828125,3791828,59.269335197924235,57.37761484036628,3156.0675048828125,3179.8911121096917,3104.050048828125
2021-04-13,TCS,3214.0,3214.0,3073.050048828125,3104.050048828125,8654596,45.52839218407043,43.96450494747933,3158.372509765625,3172.668153701923,3218.949951171875
2021-04-15,TCS,3160.300048828125,3237.25,3087.449951171875,3218.949951171875,6062760,54.65667915713993,42.12044234147106,3166.0125122070312,3177.075943937157,3195.14990234375
2021-04-16,TCS,3229.0,3247.0,3182.60009765625,3195.14990234375,3224657,52.6871313996312,38.29707951182536,3170.2675048828123,3178.7972733092133,3161.800048828125
2021-04-19,TCS,3169.0,3189.0,3135.10009765625,3161.800048828125,2679106,49.9698650093714,32.204746193770006,3172.710009765625,3177.1784900253006,3144.550048828125
2021-04-20,TCS,3225.0,3225.35009765625,3126.35009765625,3144.550048828125,3141893,48.57441246532467,25.688476543512934,3178.112512207031,3174.0710194350936,3118.800048828125
2021-04-22,TCS,3148.0,3148.0,3105.25,3118.800048828125,1988980,46.48744632573375,18.23625984837099,3181.542517089844,3168.8071174725255,3109.5
2021-04-23,TCS,3105.0,3119.0,3091.050048828125,3109.5,1615309,45.72336651518213,11.447923672458728,3180.535021972656,3163.15882057038,3100.800048828125
2021-04-26,TCS,3102.050048828125,3153.0,3088.050048828125,3100.800048828125,2490260,44.97859140445256,5.30495280101195,3178.44501953125,3157.2198899282607,3132.0
2021-04-27,TCS,3106.0,3136.10009765625,3103.0,3132.0,1471417,48.235042778944134,2.920513575827954,3178.9900146484374,3154.8179956493786,3124.10009765625
2021-04-28,TCS,3149.949951171875,3151.0,3112.0,3124.10009765625,1639037,47.46896103822644,0.38888933977705165,3181.9525146484375,3151.892481554795,3115.25
2021-04-29,TCS,3145.60009765625,3157.35009765625,3105.5,3115.25,1621395,46.57649787947611,-2.304999425602091,3184.3750122070314,3148.402721406719,3035.64990234375
2021-04-30,TCS,3099.0,3132.050048828125,3020.0,3035.64990234375,3072305,39.40119573060161,-10.739193577031983,3178.2300048828124,3137.6643576864362,3037.0
2021-05-03,TCS,3024.89990234375,3055.0,3004.0,3037.0,1545831,39.571236607667906,-17.117096377487997,3171.1875,3128.077276002014,3049.75
2021-05-04,TCS,3062.800048828125,3090.0,3035.0,3049.75,1990777,41.247886782222295,-20.90186812852926,3165.425,3120.617535430394,3095.699951171875
2021-05-05,TCS,3070.0,3099.39990234375,3052.39990234375,3095.699951171875,1939289,46.95958458067758,-19.96342404365714,3158.265002441406,3118.244432167678,3111.449951171875
2021-05-06,TCS,3105.5,3134.0,3074.0,3111.449951171875,1791671,48.79704070788953,-17.744262164698284,3150.602502441406,3117.5973387395065,3132.89990234375
2021-05-07,TCS,3133.0,3159.85009765625,3111.800048828125,3132.89990234375,1912540,51.27281916747302,-14.092281543088575,3143.6775024414064,3119.0547257494345,3145.5
2021-05-10,TCS,3145.949951171875,3164.199951171875,3125.0,3145.5,2137153,52.71904218916124,-10.065311367903178,3135.084997558594,3121.5733232971074,3122.60009765625
2021-05-11,TCS,3125.0,3128.10009765625,3091.14990234375,3122.60009765625,2415625,49.82467981318474,-8.622346188351912,3125.102502441406,3121.6711113313117,3087.60009765625
2021-05-12,TCS,3120.0,3120.0,3070.60009765625,3087.60009765625,1978558,45.69537680014281,-10.185580350374948,3117.1550048828126,3118.4262528860677,3051.5
2021-05-14,TCS,3098.5,3098.5,3040.0,3051.5,2043935,41.84339548735221,-14.174041340487747,3114.5275024414063,3112.0523240397756,3069.75
2021-05-17,TCS,3055.0,3075.199951171875,3036.0,3069.75,2890462,44.395289697643804,-15.681535947094744,3107.0675048828125,3108.0235312740824,3088.800048828125
2021-05-18,TCS,3100.0,3124.0,3078.0,3088.800048828125,2098538,47.0091502580665,-15.164252487953036,3101.7500122070314,3106.1927234220866,3082.0
2021-05-19,TCS,3084.0,3118.0,3067.10009765625,3082.0,1986041,46.174747022295406,-15.12861546792874,3097.760009765625,3103.888654524745,3060.0
2021-05-20,TCS,3067.10009765625,3088.800048828125,3052.10009765625,3060.0,2329027,43.48548435231819,-16.68327460645196,3093.532507324219,3099.7087826652455,3080.5
2021-05-21,TCS,3061.0,3088.199951171875,3055.10009765625,3080.5,1685566,46.60607233061074,-16.07586197017872,3091.6175048828127,3097.879374792365,3081.5
2021-05-24,TCS,3081.5,3105.0,3072.0,3081.5,1652260,46.760505706486256,-15.336996093096332,3090.2175048828126,3096.319434335949,3114.0
2021-05-25,TCS,3092.0,3128.25,3082.10009765625,3114.0,1841613,51.654601697930424,-11.990739396316258,3090.8775024414062,3098.0032977325254,3158.5
2021-05-26,TCS,3120.0,3165.0,3103.800048828125,3158.5,1923753,57.42557056560628,-5.6825241564301905,3092.202502441406,3103.764888424666,3180.0
2021-05-27,TCS,3161.949951171875,3217.75,3161.800048828125,3180.0,5959785,59.91520934989071,1.039667546117471,3094.9974975585938,3111.025375241364,3143.60009765625
2021-05-28,TCS,3189.5,3198.0,3135.64990234375,3143.60009765625,1763701,54.142589366161026,3.39079798028024,3096.415002441406,3114.1277297570678,3159.14990234375
2021-05-31,TCS,3150.0,3170.35009765625,3128.60009765625,3159.14990234375,1652799,56.08893197853507,6.4346504267864475,3102.5900024414063,3118.415555717704,3153.0
2021-06-01,TCS,3168.60009765625,3169.949951171875,3132.0,3153.0,1377441,55.092989928019755,8.25551525714809,3108.390002441406,3121.709312316018,3129.449951171875
2021-06-02,TCS,3150.85009765625,3159.449951171875,3115.0,3129.449951171875,2240078,51.33400710497895,7.709402437015797,3112.375,3122.446516016576,3141.25
2021-06-03,TCS,3154.550048828125,3154.550048828125,3122.64990234375,3141.25,1281706,53.06212780638057,8.134994265799378,3114.6525024414063,3124.2373240149973,3143.75
2021-06-04,TCS,3128.0,3156.85009765625,3125.0,3143.75,1836060,53.439359624496475,8.575158869366533,3116.2675048828123,3126.095674108807,3183.199951171875
2021-06-07,TCS,3145.0,3190.449951171875,3133.60009765625,3183.199951171875,2559821,59.0343111187382,11.969299220694666,3118.782507324219,3131.534176686242,3200.14990234375
2021-06-08,TCS,3198.0,3231.0,3187.199951171875,3200.14990234375,2574057,61.192077583506155,15.844256578372551,3121.515002441406,3138.069007701243,3200.25
2021-06-09,TCS,3202.0,3220.0,3186.199951171875,3200.25,1710925,61.2050732708223,18.707615499805343,3125.397497558594,3143.9910069677912,3216.800048828125
2021-06-10,TCS,3210.0,3224.0,3193.0,3216.800048828125,1874324,63.388110096010806,22.058027490068525,3131.8574951171877,3150.9252014306803,3273.800048828125
2021-06-11,TCS,3211.550048828125,3309.0,3211.0,3273.800048828125,3452954,69.70998471085433,28.978629163464575,3142.9724975585937,3162.6275678494844,3276.35009765625
2021-06-14,TCS,3279.0,3308.699951171875,3270.35009765625,3276.35009765625,1847360,69.95989463685035,34.273934892004945,3153.3025024414064,3173.458284973938,3262.75
2021-06-15,TCS,3298.0,3298.0,3251.550048828125,3262.75,1304985,66.79467349072107,36.947184468658634,3162.0,3181.9622578335634,3274.35009765625
2021-06-16,TCS,3262.10009765625,3294.699951171875,3253.0,3274.35009765625,1635552,68.11957418337589,39.54592415549632,3171.6175048828127,3190.7610997214383,3317.75
2021-06-17,TCS,3265.5,3336.050048828125,3260.0,3317.75,2273413,72.53495071582523,44.59340843721611,3184.5050048828125,3202.855280700349,3297.300048828125
2021-06-18,TCS,3350.89990234375,3358.0,3275.0,3297.300048828125,3380431,67.77193798007508,46.408468012462436,3195.345007324219,3211.8500205220416,3273.10009765625
2021-06-21,TCS,3265.0,3286.0,3251.699951171875,3273.10009765625,1130569,62.53848111060238,45.37117136952929,3204.925012207031,3217.68336120149,3301.199951171875
2021-06-22,TCS,3304.0,3327.050048828125,3285.0,3301.199951171875,1708688,65.83734647121145,46.2830079397645,3214.285009765625,3225.6373221510503,3261.39990234375
2021-06-23,TCS,3329.0,3329.0,3256.39990234375,3261.39990234375,1467104,58.041202627357876,43.29503545505895,3219.4300048828127,3229.0432821694026,3373.60009765625
2021-06-24,TCS,3284.0,3383.0,3278.5,3373.60009765625,4155204,69.13665868930777,49.411083585075176,3229.110009765625,3242.810597930055,3380.800048828125
2021-06-25,TCS,3375.25,3399.64990234375,3350.0,3380.800048828125,2722861,69.69054530472144,54.21412499312828,3240.970007324219,3255.9524503965376,3336.75
2021-06-28,TCS,3391.5,3391.5,3333.0,3336.75,1355238,62.32140703825919,53.84540282804164,3249.8500122070313,3263.647455120677,3340.85009765625
2021-06-29,TCS,3342.0,3366.300048828125,3326.5,3340.85009765625,1497322,62.71658346998488,53.26996843392226,3259.2425170898437,3271.0000877431125,3345.75
2021-06-30,TCS,3346.0,3382.0,3338.5,3345.75,1693146,63.213138068600784,52.60293975445347,3270.05751953125,3278.1191270056734,3341.5
2021-07-01,TCS,3358.0,3362.0,3332.35009765625,3341.5,990310,62.436398661344114,51.141843897268245,3280.07001953125,3284.155400624181,3325.449951171875
2021-07-02,TCS,3331.0,3339.699951171875,3295.199951171875,3325.449951171875,1682274,59.464735427250794,48.13395186449816,3289.1550170898436,3288.0882149620566,3321.0
2021-07-05,TCS,3342.0,3374.0,3302.0,3321.0,1972858,58.63152157388525,44.873824373665684,3296.04501953125,3291.222670679956,3262.300048828125
2021-07-06,TCS,3313.0,3328.0,3256.10009765625,3262.300048828125,2159420,48.898275336619044,37.125593632109485,3299.1525268554688,3288.468135265496,3274.949951171875
2021-07-07,TCS,3275.0,3282.699951171875,3241.60009765625,3274.949951171875,2640710,50.79401455892323,31.64106781207738,3302.8875244140627,3287.180689161342,3258.5
2021-07-08,TCS,3298.0,3298.0,3231.89990234375,3258.5,2485811,48.285471070492996,25.671245861736224,3304.972521972656,3284.4491949555,3208.14990234375
2021-07-09,TCS,3250.0,3282.0,3201.0,3208.14990234375,6365067,41.525506482210865,16.684953114825475,3301.6900146484377,3277.182595659143,3193.10009765625
2021-07-12,TCS,3235.0,3236.0,3188.35009765625,3193.10009765625,1892226,39.73484022804167,8.253714228472745,3297.5275146484373,3269.174738706486,3187.550048828125
2021-07-13,TCS,3214.0,3214.0,3175.0,3187.550048828125,1809339,39.06580783777294,1.1112443770525715,3293.7675170898438,3261.400958718071,3214.550048828125
2021-07-14,TCS,3187.0,3222.0,3185.0,3214.550048828125,2044279,44.005215740311904,-2.343525385479552,3290.7775146484373,3256.9389672999805,3202.949951171875
2021-07-15,TCS,3227.60009765625,3231.85009765625,3194.0,3202.949951171875,2232968,42.41443584432174,-5.948910905506182,3285.0375122070313,3251.7971562401613,3194.800048828125
2021-07-16,TCS,3213.0,3219.85009765625,3192.0,3194.800048828125,1256526,41.28522247493907,-9.355983953968462,3279.9125122070313,3246.368860296158,3184.60009765625
2021-07-19,TCS,3180.0,3199.800048828125,3176.0,3184.60009765625,1597058,39.85508932142478,-12.732393598765611,3275.487512207031,3240.486120997119,3205.800048828125
2021-07-20,TCS,3184.60009765625,3215.0,3156.14990234375,3205.800048828125,1811945,44.18292137507158,-13.54146609196141,3270.7175170898436,3237.182685552453,3216.35009765625
2021-07-22,TCS,3190.0,3224.949951171875,3190.0,3216.35009765625,2859334,46.25549457459891,-13.179436758837255,3268.4650268554688,3235.1986295623383,3212.85009765625
2021-07-23,TCS,3230.0,3241.550048828125,3206.64990234375,3212.85009765625,1776193,45.64990152984961,-13.024804811132526,3260.427526855469,3233.0701979522346,3197.550048828125
2021-07-26,TCS,3200.0,3224.25,3190.85009765625,3197.550048828125,1259611,42.99962222302887,-13.975740316329393,3251.265026855469,3229.6873266070816,3182.949951171875
2021-07-27,TCS,3200.0,3210.0,3161.14990234375,3182.949951171875,1121367,40.57861204042417,-15.726187715300057,3243.5750244140627,3225.2361479942047,3197.800048828125
2021-07-28,TCS,3188.0,3204.449951171875,3132.39990234375,3197.800048828125,1660654,44.03038728779273,-15.733781873364933,3236.4225219726563,3222.6231861688634,3195.800048828125
2021-07-29,TCS,3200.25,3225.449951171875,3190.300048828125,3195.800048828125,1731997,43.66251771956125,-15.719973514317644,3228.9250244140626,3220.0686016602217,3167.449951171875
2021-07-30,TCS,3219.0,3223.5,3162.35009765625,3167.449951171875,2999943,38.723655085249895,-17.791556253861017,3220.222521972656,3215.0573016137123,3219.39990234375
2021-08-02,TCS,3180.0,3224.89990234375,3167.0,3219.39990234375,2608669,49.9057109477031,-15.067682736899314,3214.92001953125,3215.4708826356205,3284.89990234375
2021-08-03,TCS,3229.0,3290.0,3218.949951171875,3284.89990234375,3804735,59.85333051145693,-7.536811089856656,3213.1150146484374,3222.083170226871,3273.949951171875
2021-08-04,TCS,3300.0,3305.199951171875,3261.199951171875,3273.949951171875,2929598,57.7873818055418,-2.4241663192474334,3213.697509765625,3227.0228636502047,3283.949951171875
2021-08-05,TCS,3275.0,3315.0,3262.5,3283.949951171875,2534521,59.17333208391113,2.406813672759199,3214.147509765625,3232.4444910332213,3309.800048828125
2021-08-06,TCS,3272.550048828125,3324.0,3265.0,3309.800048828125,2292362,62.592431376686356,8.226457483259765,3216.712512207031,3239.8116870136887,3322.699951171875
2021-08-09,TCS,3323.89990234375,3337.0,3310.0,3322.699951171875,1510489,64.20351143341486,13.721310712831837,3222.4400146484377,3247.7058074097067,3333.89990234375
2021-08-10,TCS,3315.60009765625,3349.89990234375,3315.60009765625,3333.89990234375,2040777,65.589203577127,18.763470337029958,3229.4800048828124,3255.9147688319963,3344.199951171875
2021-08-11,TCS,3350.0,3360.0,3327.10009765625,3344.199951171875,1929707,66.85974833168439,23.32170789399197,3237.3125,3264.322881435794,3351.75
2021-08-12,TCS,3326.0,3368.0,3326.0,3351.75,1310205,67.79832313502536,27.2294852836676,3244.172497558594,3272.649273680004,3463.39990234375
2021-08-13,TCS,3360.75,3480.0,3357.5,3463.39990234375,4363584,77.80772593679696,38.887371627403354,3257.1949951171873,3290.8160002194086,3472.949951171875
2021-08-16,TCS,3460.0,3494.35009765625,3436.5,3472.949951171875,2083489,78.42546221472665,48.33970959095086,3271.102490234375,3308.1620907863103,3553.050048828125
2021-08-17,TCS,3482.10009765625,3560.800048828125,3463.0,3553.050048828125,4336019,82.76006304695262,61.58425898122641,3289.5249877929687,3331.4847534569594,3560.550048828125
2021-08-18,TCS,3573.85009765625,3595.0,3536.60009765625,3560.550048828125,2631309,83.10239363026146,71.85751837268208,3307.262487792969,3353.300495873261,3559.5
2021-08-20,TCS,3506.0,3575.0,3500.0,3559.5,2836148,82.85433281544755,79.0037146461068,3324.4199829101562,3372.9385438853315,3637.39990234375
2021-08-23,TCS,3580.0,3673.0,3561.89990234375,3637.39990234375,3744176,86.1559081221689,89.91649636186821,3345.6474731445314,3398.1253399289903,3613.199951171875
2021-08-24,TCS,3657.0,3667.35009765625,3594.39990234375,3613.199951171875,2511141,80.94155293642122,95.5112267139325,3366.429968261719,3418.6086362378364,3659.0
2021-08-25,TCS,3610.0,3697.75,3607.050048828125,3659.0,2123263,83.03432883852531,102.45968058045446,3390.232470703125,3441.503051834233,3671.85009765625
2021-08-26,TCS,3660.0,3687.60009765625,3647.89990234375,3671.85009765625,1902533,83.57915249206957,107.76107324526038,3413.9349731445313,3463.4408657220442,3720.14990234375
2021-08-27,TCS,3666.0,3729.5,3651.10009765625,3720.14990234375,3944728,85.46814253404565,114.53951547058978,3440.1524658203125,3487.889345400302,3701.300048828125
2021-08-30,TCS,3715.0,3740.35009765625,3687.60009765625,3701.300048828125,2033114,81.52647445005209,117.04127516188782,3466.844970703125,3508.21417429819,3786.449951171875
2021-08-31,TCS,3709.39990234375,3804.10009765625,3703.449951171875,3786.449951171875,3207480,84.9116321584075,124.4601243928978,3495.197473144531,3534.7128197147313,3714.949951171875
2021-09-01,TCS,3796.0,3816.699951171875,3707.0,3714.949951171875,2643336,72.8414392735092,123.15056040701757,3516.6999755859374,3551.8782608058877,3836.75
2021-09-02,TCS,3734.0,3859.14990234375,3722.0,3836.75,3403717,78.45890982230247,130.4373667587056,3544.839978027344,3579.0089026338983,3842.050048828125
2021-09-03,TCS,3825.0,3856.89990234375,3804.550048828125,3842.050048828125,1746812,78.66569982858678,135.08273327399593,3572.744982910156,3604.060440366682,3852.0
2021-09-06,TCS,3849.699951171875,3877.60009765625,3814.0,3852.0,1723693,79.07187920008222,137.97658937491133,3599.85498046875,3627.673731760331,3815.89990234375
2021-09-07,TCS,3864.0,3869.949951171875,3808.25,3815.89990234375,1585039,73.59703352063693,135.79169289592846,3624.5149780273437,3645.6000337206565,3774.14990234375
2021-09-08,TCS,3810.0,3815.0,3756.0,3774.14990234375,4147175,67.7542579895383,129.20191140503448,3646.527478027344,3657.8428783514273,3791.39990234375
2021-09-09,TCS,3789.699951171875,3808.699951171875,3765.0,3791.39990234375,1441148,68.85445908498902,123.94265910983177,3668.8874755859374,3670.562594922125,3845.35009765625
2021-09-13,TCS,3767.0,3852.39990234375,3767.0,3845.35009765625,1691473,72.06472663488118,122.71342962587187,3693.56748046875,3687.209023753946,3885.89990234375
2021-09-14,TCS,3849.949951171875,3896.5,3825.0,3885.89990234375,1991188,74.21591071968352,123.5866567046678,3714.69248046875,3706.1319645720223,3954.550048828125
2021-09-15,TCS,3882.10009765625,3980.0,3866.0,3954.550048828125,2461369,77.39027853805341,128.33877898789524,3738.7724853515624,3729.7908297392705,3903.300048828125
2021-09-16,TCS,3930.0,3981.75,3892.10009765625,3903.300048828125,2946666,70.42016905991476,126.51108244070383,3756.2849853515627,3746.3155172715424,3827.85009765625
2021-09-17,TCS,3920.0,3945.0,3805.0,3827.85009765625,6477148,61.621176467846695,117.61860519553875,3769.6499877929687,3754.080715403419,3823.5
2021-09-20,TCS,3809.0,3871.0,3807.85009765625,3823.5,2002008,61.146787846703276,108.96416531640034,3782.849987792969,3760.692075841189,3862.949951171875
2021-09-21,TCS,3858.0,3871.550048828125,3821.64990234375,3862.949951171875,1568129,63.863726247559924,104.08886903373332,3794.127490234375,3770.430921110778,3862.14990234375
2021-09-22,TCS,3862.5,3896.85009765625,3852.449951171875,3862.14990234375,1744067,63.76633968033968,99.01917296234978,3806.574987792969,3779.166062180585,3869.25
2021-09-23,TCS,3870.0,3879.0,3835.0,3869.25,2003869,64.28682180152421,94.48515479395974,3817.0874877929687,3787.745484830053,3871.300048828125
2021-09-24,TCS,3890.0,3944.39990234375,3855.0,3871.300048828125,2320754,64.44562936008806,90.01964411505423,3827.0599853515623,3795.703062353679,3836.949951171875
2021-09-27,TCS,3900.0,3904.0,3802.89990234375,3836.949951171875,1673362,59.658619498473,82.75498101666653,3832.8999877929687,3799.631337479221,3779.14990234375
2021-09-28,TCS,3850.0,3850.0,3751.25,3779.14990234375,2253075,52.58103740011423,71.50938659127951,3836.79248046875,3797.680724609176,3791.89990234375
2021-09-29,TCS,3759.800048828125,3806.0,3722.14990234375,3791.89990234375,2489161,53.88078867173522,62.90090792077672,3837.064978027344,3797.130170107707,3775.550048828125
2021-09-30,TCS,3805.0,3805.0,3750.10009765625,3775.550048828125,2252412,51.91564275917029,54.13529206747535,3840.0949829101564,3795.0749204620324,3730.199951171875
2021-10-01,TCS,3781.75,3810.0,3725.0,3730.199951171875,1578374,46.81531747335248,43.033046305928565,3834.76748046875,3788.896351958208,3773.300048828125
2021-10-04,TCS,3724.800048828125,3783.64990234375,3707.449951171875,3773.300048828125,1356860,51.67447452401902,37.28248495187108,3831.32998046875,3787.410989755343,3833.300048828125
2021-10-05,TCS,3754.0,3840.0,3741.60009765625,3833.300048828125,1877966,57.49629528017173,37.13851255251711,3830.394982910156,3791.781376333703,3810.89990234375
2021-10-06,TCS,3836.0,3857.449951171875,3795.0,3810.89990234375,1678154,54.84007215166663,34.815576479596984,3830.144982910156,3793.60218833466,3892.89990234375
2021-10-07,TCS,3830.0,3899.0,3820.050048828125,3892.89990234375,1647233,61.79770927557692,39.14016415489277,3836.082482910156,3803.0591134783826,3935.64990234375
2021-10-08,TCS,3925.0,3989.89990234375,3900.0,3935.64990234375,2934339,64.83912095392637,45.49258852550929,3843.2949829101562,3815.6868076560368,3685.60009765625
2021-10-11,TCS,3755.0,3757.5,3660.0,3685.60009765625,11845402,43.183231483485756,30.00413216245488,3835.307482910156,3803.297597179867,3652.85009765625
2021-10-12,TCS,3706.0,3707.0,3630.60009765625,3652.85009765625,5752877,41.24041660945271,14.91483863399344,3823.654992675781,3788.9692638919037,3655.199951171875
2021-10-13,TCS,3650.0,3675.449951171875,3645.0,3655.199951171875,3545655,41.44398108613851,3.110225595744396,3808.6874877929686,3776.229329347139,3611.449951171875
2021-10-14,TCS,3625.0,3670.0,3608.199951171875,3611.449951171875,6442299,38.752189212862845,-9.663875509387708,3794.0949829101564,3760.536055235209,3647.14990234375
2021-10-18,TCS,3603.449951171875,3652.699951171875,3601.449951171875,3647.14990234375,3590107,42.059222580792145,-16.714085392753532,3785.0599731445313,3749.737374007451,3634.14990234375
2021-10-19,TCS,3669.0,3690.10009765625,3625.199951171875,3634.14990234375,3135441,41.187115528634955,-23.084317234219725,3775.5924682617188,3738.7290433728126,3608.85009765625
2021-10-20,TCS,3612.0,3630.0,3578.300048828125,3608.85009765625,2933693,39.4717622641902,-29.8303885126129,3762.8874755859374,3726.3596199712356,3532.5
2021-10-21,TCS,3604.10009765625,3607.449951171875,3511.25,3532.5,4871211,34.766056781724345,-40.86643062623898,3746.40498046875,3707.8967990215942,3498.85009765625
2021-10-22,TCS,3560.0,3561.60009765625,3485.0,3498.85009765625,2691670,32.90419113086217,-51.7315107526415,3727.8849853515626,3687.9875893677518,3492.949951171875
2021-10-25,TCS,3503.0,3514.550048828125,3450.0,3492.949951171875,2595594,32.57478015371666,-60.125171987150225,3708.96748046875,3669.4125762062395,3482.60009765625
2021-10-26,TCS,3494.5,3529.0,3475.0,3482.60009765625,3878763,31.97015298931055,-66.84184449421218,3691.2499877929686,3651.620911582431,3489.75
2021-10-27,TCS,3483.0,3511.25,3483.0,3489.75,2510813,32.896769807856955,-70.77210174731863,3676.779992675781,3636.2046342888657,3421.64990234375
2021-10-28,TCS,3518.0,3518.0,3415.0,3421.64990234375,2424942,28.86411345085068,-78.4773298726459,3658.2674926757813,3615.7708502940927,3397.75
2021-10-29,TCS,3400.050048828125,3461.0,3385.949951171875,3397.75,3960501,27.586027111329997,-85.52640588574968,3639.377490234375,3595.0069597898932,3476.39990234375
2021-11-01,TCS,3437.949951171875,3487.0,3412.949951171875,3476.39990234375,2020718,37.40817227329266,-83.80046005793065,3626.6874877929686,3583.711049556927,3484.199951171875
2021-11-02,TCS,3494.0,3513.60009765625,3469.75,3484.199951171875,3087414,38.301969679220186,-80.87100618308887,3612.2324829101562,3574.2338020916836,3492.25
2021-11-03,TCS,3504.199951171875,3519.89990234375,3466.050048828125,3492.25,1537639,39.26588752860982,-77.01207396798509,3595.17998046875,3566.4258209400946,3508.64990234375
2021-11-04,TCS,3512.949951171875,3513.25,3505.0,3508.64990234375,328991,41.27864847047492,-71.80280923678765,3580.06748046875,3560.9233525023474,3502.75
2021-11-08,TCS,3548.0,3548.0,3481.199951171875,3502.75,2526082,40.75537032711791,-67.37385831826532,3560.5599853515623,3555.3830332164093,3505.699951171875
2021-11-09,TCS,3508.0,3535.0,3496.0,3505.699951171875,1782692,41.15702831736485,-62.900765530005174,3539.0624877929686,3550.6513111169297,3484.300048828125
2021-11-10,TCS,3498.0,3519.699951171875,3480.199951171875,3484.300048828125,1516489,39.08679574014862,-60.38650252924526,3528.9974853515623,3544.3321432799007,3488.199951171875
2021-11-11,TCS,3480.0,3510.050048828125,3436.0,3488.199951171875,1284514,39.682247935147345,-57.417369763003535,3520.7649780273437,3538.9862202219933,3526.050048828125
2021-11-12,TCS,3506.0,3534.14990234375,3485.699951171875,3526.050048828125,1747259,45.27375713693058,-51.41741613296517,3514.307482910156,3537.754203898768,3553.300048828125
2021-11-15,TCS,3528.0,3569.60009765625,3528.0,3553.300048828125,1809157,48.9433698272162,-43.95685512785849,3511.3999877929687,3539.234760558707,3556.39990234375
2021-11-16,TCS,3569.0,3575.550048828125,3542.0,3556.39990234375,2013204,49.35936005561692,-37.36347166531368,3506.8624877929688,3540.8695359668063,3521.89990234375
2021-11-17,TCS,3550.60009765625,3562.85009765625,3506.39990234375,3521.89990234375,1632914,44.968017374405136,-34.524057594484475,3501.2499877929686,3539.062904193182,3475.699951171875
2021-11-18,TCS,3515.14990234375,3520.85009765625,3451.60009765625,3475.699951171875,2136598,39.85457782263467,-35.591475067295505,3494.59248046875,3533.0283372387717,3458.39990234375
2021-11-22,TCS,3478.39990234375,3515.949951171875,3440.300048828125,3458.39990234375,3167936,38.10712266495771,-37.40223082781176,3490.8874755859374,3525.92086724877,3464.25
2021-11-23,TCS,3445.0,3480.949951171875,3407.800048828125,3464.25,2153461,39.07984590140116,-37.9280034103067,3489.157470703125,3520.0474513203158,3443.300048828125
2021-11-24,TCS,3472.199951171875,3493.050048828125,3424.0,3443.300048828125,2161746,36.846531762299314,-39.578926713319106,3486.6749755859373,3512.7381748924877,3445.89990234375
2021-11-25,TCS,3443.89990234375,3463.0,3434.050048828125,3445.89990234375,1849619,37.32520641686206,-40.2139475196941,3484.8399658203125,3506.3726251259413,3446.85009765625
2021-11-26,TCS,3425.0,3490.0,3411.89990234375,3446.85009765625,1941251,37.51162583143649,-40.17739328301195,3482.694970703125,3500.7038129859707,3502.0
2021-11-29,TCS,3447.14990234375,3529.35009765625,3406.449951171875,3502.0,2981745,47.307887658004496,-35.29146948288417,3486.7124755859377,3500.827259368259,3529.14990234375
2021-11-30,TCS,3491.0,3563.75,3491.0,3529.14990234375,5588446,51.35123616152884,-28.895480341597704,3493.282470703125,3503.5246539373534,3577.800048828125
2021-12-01,TCS,3535.0,3590.0,3535.0,3577.800048828125,2102118,57.625977442366484,-19.674161148484473,3498.3524780273438,3510.5985010698078,3642.89990234375
2021-12-02,TCS,3589.199951171875,3648.0,3574.10009765625,3642.89990234375,3152938,64.26750396158079,-7.03212319652539,3506.2874755859375,3523.198634524469,3640.449951171875
2021-12-03,TCS,3646.449951171875,3665.949951171875,3630.85009765625,3640.449951171875,2486263,63.861835063558445,2.757307848381515,3513.697473144531,3534.365426586127,3536.39990234375
2021-12-06,TCS,3640.449951171875,3658.0,3522.0,3536.39990234375,1849642,49.5551602192803,2.095378899003663,3515.0849731445314,3534.559186182091,3584.5
2021-12-07,TCS,3562.5,3598.0,3524.300048828125,3584.5,1484458,54.61669039166522,5.389939462251277,3519.172473144531,3539.3154541647486,3626.89990234375
2021-12-08,TCS,3601.0,3646.449951171875,3601.0,3626.89990234375,1428660,58.56354607446326,11.29205246130914,3525.232470703125,3547.6568301817965,3601.75
2021-12-09,TCS,3610.0,3634.75,3566.0,3601.75,1567957,55.48136364966007,13.781270692849375,3531.1049682617186,3552.808560640673,3636.800048828125
2021-12-10,TCS,3585.0,3642.0,3575.10009765625,3636.800048828125,1510718,58.74042636163447,18.370476670312655,3538.5349731445312,3560.807749991859,3609.64990234375
2021-12-13,TCS,3650.0,3662.0,3601.699951171875,3609.64990234375,1883864,55.35967941829416,19.590834606377484,3542.7149658203125,3565.4593835491823,3623.800048828125
2021-12-14,TCS,3605.0,3635.0,3576.699951171875,3623.800048828125,1747007,56.75659105239283,21.45248473616266,3546.2399658203126,3571.0156373852724,3570.35009765625
2021-12-15,TCS,3620.0,3623.0,3558.14990234375,3570.35009765625,1603233,50.347576464190496,18.40275600093173,3546.9374755859376,3570.952252649175,3581.60009765625
2021-12-16,TCS,3582.0,3608.449951171875,3570.0,3581.60009765625,2072320,51.58674153823573,16.70108527103912,3549.9224853515625,3571.966333126039,3584.35009765625
2021-12-17,TCS,3602.5,3651.35009765625,3573.699951171875,3584.35009765625,4333992,51.902732001955506,15.396914924017437,3555.3549926757814,3573.1457392717734,3556.89990234375
2021-12-20,TCS,3589.0,3606.0,3510.14990234375,3556.89990234375,2312310,48.49984563338946,12.00990645143338,3560.279992675781,3571.5985167072,3608.300048828125
2021-12-21,TCS,3582.64990234375,3641.199951171875,3566.39990234375,3608.300048828125,2340989,54.51355977228141,13.31969888959884,3567.4824951171877,3575.0939007187167,3630.75
2021-12-22,TCS,3624.0,3636.800048828125,3606.25,3630.75,1224328,56.88182504721545,15.984977401706146,3576.8549926757814,3580.3944816026483,3662.699951171875
2021-12-23,TCS,3648.0,3670.5,3630.0,3662.699951171875,1792861,60.068267173067234,20.439707641122368,3587.6949951171873,3588.2330977520987,3670.89990234375
2021-12-24,TCS,3685.0,3705.0,3644.800048828125,3670.89990234375,2209923,60.86756437921642,24.35107692342308,3598.8974853515624,3596.1061267608275,3696.10009765625
2021-12-27,TCS,3671.0,3700.0,3653.10009765625,3696.10009765625,1534135,63.29890855988824,29.148306876953484,3608.602490234375,3605.6293620842007,3706.550048828125
2021-12-28,TCS,3710.0,3725.0,3693.85009765625,3706.550048828125,1456218,64.28973519104335,33.40826027446201,3617.4724975585937,3615.240856059813,3694.699951171875
2021-12-29,TCS,3692.25,3719.949951171875,3685.0,3694.699951171875,1456923,62.23779251871362,35.41980274979505,3623.317492675781,3622.808388927628,3733.75
2021-12-30,TCS,3681.35009765625,3740.0,3680.0,3733.75,1966475,66.0798645228304,39.707256701090955,3627.859997558594,3633.3742566488063,3738.35009765625
2021-12-31,TCS,3742.800048828125,3760.0,3731.300048828125,3738.35009765625,1207141,66.51210568242269,42.98082805202239,3632.7550048828125,3643.3719557923723,3817.75
2022-01-03,TCS,3750.0,3830.0,3745.0,3817.75,2346158,72.92524502948862,51.38967726832789,3646.822509765625,3659.979388574051,3884.75
2022-01-04,TCS,3831.10009765625,3889.14990234375,3811.699951171875,3884.75,2488606,76.93860353395202,62.73689899314468,3661.835009765625,3681.3861134717604,3860.949951171875
2022-01-05,TCS,3865.0,3870.0,3812.39990234375,3860.949951171875,1733031,72.80982905787455,69.01364261469598,3673.5375122070313,3698.487431347962,3807.449951171875
2022-01-06,TCS,3812.0,3835.0,3772.0,3807.449951171875,1810293,64.4386963839906,68.87703271574401,3683.822509765625,3708.8648141883345,3853.5
2022-01-07,TCS,3820.0,3864.89990234375,3796.39990234375,3853.5,2460591,67.86362907970818,71.65858688700519,3694.657507324219,3722.6395937894454,3879.85009765625
2022-01-10,TCS,3978.0,3978.0,3861.0,3879.85009765625,3937092,69.6640293963601,75.1232472400643,3708.167517089844,3737.6120227291412,3915.89990234375
2022-01-11,TCS,3856.0,3925.0,3856.0,3915.89990234375,1906106,71.97710889219307,79.85738723830127,3722.772509765625,3754.5918207876753,3859.89990234375
2022-01-12,TCS,3925.0,3929.0,3836.550048828125,3859.89990234375,3203744,63.834594045172125,78.18917912024426,3737.25,3764.6211618882535,3897.89990234375
2022-01-13,TCS,3918.0,3923.0,3857.0,3897.89990234375,6684507,66.59607418555404,79.02247271298893,3753.064990234375,3777.3143752649676,3968.14990234375
2022-01-14,TCS,3877.85009765625,3977.0,3860.050048828125,3968.14990234375,3348123,71.00399832233461,84.37878566783957,3772.25498046875,3795.489187367709,4019.14990234375
2022-01-17,TCS,3992.699951171875,4043.0,3962.300048828125,4019.14990234375,3442604,73.7156979479239,91.68212162200734,3795.36748046875,3816.7902078416178,3990.60009765625
2022-01-18,TCS,4033.949951171875,4041.699951171875,3980.0,3990.60009765625,2389041,69.78145534883626,94.08182068086217,3814.4824829101562,3833.3435306811066,3914.64990234375
2022-01-19,TCS,4012.0,4012.0,3910.5,3914.64990234375,3102539,60.52681745966841,88.83106424129346,3828.6774780273436,3841.0869946489775,3826.550048828125
2022-01-20,TCS,3910.0,3920.0,3811.0,3826.550048828125,6176776,51.92437697420615,76.67699536299187,3836.869982910156,3839.70252361842,3833.5
2022-01-21,TCS,3807.0,3851.550048828125,3771.10009765625,3833.5,3112358,52.497935282533334,66.8351768724724,3844.9999877929686,3839.111807083332,3771.35009765625
2022-01-24,TCS,3840.0,3849.64990234375,3740.10009765625,3771.35009765625,3258414,47.08784123222917,53.404869014900214,3848.762487792969,3832.6583109474195,3769.89990234375
2022-01-25,TCS,3769.5,3809.39990234375,3722.199951171875,3769.89990234375,3330501,46.96621733789341,42.15826045181802,3851.92998046875,3826.681319651832,3649.25
2022-01-27,TCS,3731.0,3733.39990234375,3625.10009765625,3649.25,5718297,38.13997760128024,23.241885345607443,3849.6574829101564,3809.7830987326097,3690.050048828125
2022-01-28,TCS,3646.0,3729.800048828125,3646.0,3690.050048828125,3143862,42.10247104026307,11.41120349830544,3847.4724853515627,3798.3799511226584,3736.25
2022-01-31,TCS,3749.0,3758.0,3721.39990234375,3736.25,2739393,46.29735253589861,5.697574754178277,3847.36748046875,3792.4628129205007,3800.64990234375
2022-02-01,TCS,3770.0,3808.0,3736.39990234375,3800.64990234375,2105169,51.565335254349186,6.2934695176345485,3846.5124755859374,3793.2425357227153,3856.199951171875
2022-02-02,TCS,3827.89990234375,3864.0,3800.64990234375,3856.199951171875,1984212,55.61030028999906,11.119961110419354,3845.0849731445314,3799.238480051207,3824.60009765625
2022-02-03,TCS,3851.0,3882.5,3816.050048828125,3824.60009765625,1960538,52.90366617765253,12.253891153543918,3843.26748046875,3801.653872204068,3814.89990234375
2022-02-04,TCS,3815.300048828125,3824.699951171875,3769.0,3814.89990234375,2307366,52.06592855172396,12.22884764498258,3843.6399780273437,3802.915398884038,3779.0
2022-02-07,TCS,3791.0,3831.800048828125,3756.14990234375,3779.0,1919149,48.97496517102565,9.206056701793841,3839.9149780273438,3800.637741847463,3743.449951171875
2022-02-08,TCS,3791.550048828125,3799.699951171875,3721.0,3743.449951171875,2946443,46.05897454068905,3.8969595411908813,3833.094970703125,3795.1912855926453,3760.550048828125
2022-02-09,TCS,3750.0,3777.949951171875,3746.10009765625,3760.550048828125,1638721,47.67289370835991,1.0571110427422354,3825.3274780273437,3791.8921201865005,3770.35009765625
2022-02-10,TCS,3789.800048828125,3789.800048828125,3758.0,3770.35009765625,2112459,48.6216551423341,-0.39811805713452486,3820.849987792969,3789.8404989931432,3694.949951171875
2022-02-11,TCS,3752.5,3752.5,3690.0,3694.949951171875,3851488,42.2712170138714,-7.548544358559866,3810.702490234375,3780.803303962546,3733.75
2022-02-14,TCS,3724.0,3793.25,3710.0,3733.75,5951745,46.16760686316693,-9.969546319442998,3798.9824951171877,3776.322036918494,3817.800048828125
2022-02-15,TCS,3786.0,3835.0,3748.0,3817.800048828125,3931683,53.490781991316645,-5.047882464108625,3788.915002441406,3780.2723237670307,3813.10009765625
2022-02-16,TCS,3844.0,3854.10009765625,3806.0,3813.10009765625,3256906,53.05614023701705,-1.5092771727677246,3780.040002441406,3783.3987784231467,3784.199951171875
2022-02-17,TCS,3825.0,3835.0,3779.0,3784.199951171875,3134372,50.34708292919895,-1.025090670638292,3773.5175048828123,3783.4750805896924,3793.89990234375
2022-02-18,TCS,3769.0,3815.949951171875,3757.60009765625,3793.89990234375,3688883,51.24686894600424,0.1397249520987316,3771.8849975585936,3784.4679207567456,3719.39990234375
2022-02-21,TCS,3810.0,3827.800048828125,3705.550048828125,3719.39990234375,7465922,44.5668483342847,-4.892282465439166,3766.1799926757812,3778.2709666221745,3586.39990234375
2022-02-22,TCS,3650.0,3667.89990234375,3570.0,3586.39990234375,5408531,35.636217804260966,-19.388672522308752,3756.932482910156,3759.9975319289915,3563.800048828125
2022-02-23,TCS,3611.0,3622.89990234375,3555.64990234375,3563.800048828125,2426203,34.3756679909464,-32.32812686415309,3746.627490234375,3741.312057347957,3401.64990234375
2022-02-24,TCS,3474.0,3483.85009765625,3391.10009765625,3401.64990234375,5039136,26.996968650501557,-55.032518710628665,3734.2474853515623,3708.9632806808895,3520.75
2022-02-25,TCS,3468.0,3530.0,3462.0,3520.75,2549723,37.59296235979733,-62.692846199413,3725.7824829101564,3691.0382063303286,3554.199951171875
2022-02-28,TCS,3490.0,3563.75,3455.89990234375,3554.199951171875,3288942,40.21744279662738,-65.311706717378,3716.67998046875,3678.005991553333,3546.14990234375
2022-03-02,TCS,3552.5,3571.949951171875,3506.0,3546.14990234375,2761341,39.78382804260198,-67.26139669674603,3703.95498046875,3665.448268771468,3544.39990234375
2022-03-03,TCS,3562.85009765625,3578.60009765625,3530.10009765625,3544.39990234375,1928039,39.68366084009957,-68.16202107719937,3688.3649780273436,3653.9198529212094,3524.35009765625
2022-03-04,TCS,3501.5,3561.199951171875,3487.050048828125,3524.35009765625,2370257,38.48801843705952,-69.69027791926737,3673.3524780273438,3641.5798762293084,3484.89990234375
2022-03-07,TCS,3450.0,3548.0,3431.550048828125,3484.89990234375,3054130,36.17828805767751,-73.24046307209301,3656.8524780273438,3626.657973954493,3599.949951171875
2022-03-08,TCS,3460.0,3609.0,3460.0,3599.949951171875,3300992,46.29957603998717,-66.0095163414694,3647.8999755859377,3624.114352737101,3632.60009765625
2022-03-09,TCS,3605.0,3654.0,3597.050048828125,3632.60009765625,2719654,48.78198366761529,-56.9874293960288,3642.3574829101562,3624.922518919877,3620.949951171875
2022-03-10,TCS,3684.0,3684.0,3615.0,3620.949951171875,2005441,47.930573285923,-50.19876977774402,3635.377478027344,3624.5441791343533,3599.14990234375
2022-03-11,TCS,3603.25,3639.85009765625,3592.85009765625,3599.14990234375,1623423,46.30206269487926,-46.04698884625759,3626.8174682617187,3622.1256765828675,3643.0
2022-03-14,TCS,3580.0,3648.35009765625,3580.0,3643.0,1765688,49.98327604409812,-38.771403530249245,3624.219970703125,3624.113707384499,3593.89990234375
2022-03-15,TCS,3659.0,3659.0,3585.39990234375,3593.89990234375,3651133,46.16682360831908,-36.546136175126776,3617.2274658203123,3621.236202142523,3655.89990234375
2022-03-16,TCS,3640.5,3668.0,3616.25,3655.89990234375,3090475,51.230621616610655,-29.440343960428436,3609.132458496094,3624.5375069235924,3672.75
2022-03-17,TCS,3696.60009765625,3710.0,3660.300048828125,3672.75,3600452,52.53731615606661,-22.193458008124253,3602.114953613281,3629.129172930869,3626.699951171875
2022-03-21,TCS,3696.0,3713.949951171875,3615.0,3626.699951171875,2413831,48.69720949087965,-19.936289627130463,3594.239953613281,3628.8978184776315,3700.949951171875
2022-03-22,TCS,3640.0,3711.0,3625.0,3700.949951171875,2907611,54.475172530023514,-12.017581754532785,3589.5924560546873,3635.7599263532734,3712.39990234375
2022-03-23,TCS,3708.0,3729.800048828125,3690.0,3712.39990234375,1596195,55.31101818843461,-4.763126983037182,3589.2424560546874,3643.0589716857,3749.85009765625
2022-03-24,TCS,3700.0,3758.199951171875,3695.0,3749.85009765625,1879046,58.0255675936078,3.9623232700782864,3597.4149658203123,3653.229555111466,3707.449951171875
2022-03-25,TCS,3759.89990234375,3779.5,3672.0,3707.449951171875,1690133,54.02441326659891,7.370999694476723,3604.5974609375,3658.3934023553147,3707.699951171875
2022-03-28,TCS,3695.0,3713.0,3661.199951171875,3707.699951171875,1760990,54.044534769123196,9.977558150122604,3619.8999633789062,3663.089264147368,3705.35009765625
2022-03-29,TCS,3694.75,3722.0,3691.0,3705.35009765625,2689063,53.80616529764949,11.718576509851118,3629.1299682617187,3667.114105433928,3731.550048828125
2022-03-30,TCS,3738.0,3738.0,3706.199951171875,3731.550048828125,1583455,56.12952047927717,15.039101796741761,3637.9974731445313,3673.250861947661,3739.949951171875
2022-03-31,TCS,3740.0,3754.64990234375,3720.199951171875,3739.949951171875,2168110,56.878354140690696,18.139344851820624,3647.6874755859376,3679.603156159491,3758.75
2022-04-01,TCS,3748.0,3763.0,3728.050048828125,3758.75,1387014,58.58234743473229,21.861313022553077,3658.40498046875,3687.1409508109678,3770.35009765625
2022-04-04,TCS,3762.0,3780.0,3737.10009765625,3770.35009765625,1472994,59.642061927516885,25.453617094450692,3670.70498046875,3695.0656314628995,3814.800048828125
2022-04-05,TCS,3772.0,3835.60009765625,3772.0,3814.800048828125,2314947,63.49626844448596,31.523895681933936,3687.199987792969,3706.468909307207,3755.35009765625
2022-04-06,TCS,3809.300048828125,3809.300048828125,3731.14990234375,3755.35009765625,2051729,55.818281477439406,31.17811903241136,3694.9699951171874,3711.1242605785446,3684.14990234375
2022-04-07,TCS,3745.5,3745.5,3679.0,3684.14990234375,2494829,48.287376862177396,24.87211754096279,3697.5474853515625,3708.555274079993,3685.64990234375
2022-04-08,TCS,3690.0,3705.0,3642.5,3685.64990234375,2296773,48.44518691299616,19.767733266569394,3700.7824829101564,3706.3738101051126,3696.39990234375
2022-04-11,TCS,3690.0,3712.35009765625,3656.10009765625,3696.39990234375,2291660,49.631499136202095,16.400848341998426,3705.644982910156,3705.42391412784,3691.10009765625
2022-04-12,TCS,3683.0,3739.0,3648.35009765625,3691.10009765625,4483476,49.03246768711712,13.153294840930357,3708.0499877929688,3704.0597411305457,3661.949951171875
2022-04-13,TCS,3707.0,3709.85009765625,3655.550048828125,3661.949951171875,1621672,45.76092504799415,8.133652408679609,3711.452490234375,3700.0492849440056,3528.050048828125
2022-04-18,TCS,3610.0,3610.0,3522.5,3528.050048828125,3820792,34.405155678406715,-6.5732807654767385,3705.0599975585938,3683.668405313922,3471.89990234375
2022-04-19,TCS,3550.0,3563.550048828125,3439.14990234375,3471.89990234375,3170014,30.93802887288774,-22.50011153867763,3695.0174926757813,3663.49997645962,3556.800048828125
2022-04-20,TCS,3500.0,3569.14990234375,3480.0,3556.800048828125,2640370,40.67311838164337,-27.94932497147829,3691.522497558594,3653.3380785899535,3628.64990234375
2022-04-21,TCS,3580.0,3644.0,3567.39990234375,3628.64990234375,2280996,47.42717124819121,-26.1685286629222,3687.9074951171874,3650.9868237093624,3612.550048828125
2022-04-22,TCS,3581.10009765625,3617.0,3571.5,3612.550048828125,1581465,46.15907916327068,-25.759419827973034,3682.915002441406,3647.3261784825777,3548.199951171875
2022-04-25,TCS,3558.0,3584.0,3533.10009765625,3548.199951171875,1960694,41.39495616308444,-30.27867944464515,3672.8324951171876,3637.885585405368,3546.300048828125
2022-04-26,TCS,3575.14990234375,3587.89990234375,3518.14990234375,3546.300048828125,1943469,41.25955663907562,-33.62591289886541,3664.775,3629.1631533503923,3561.199951171875
2022-04-27,TCS,3546.0,3568.449951171875,3506.300048828125,3561.199951171875,1727648,42.83865427056903,-34.676591766928595,3657.45,3622.690467428629,3584.300048828125
2022-04-28,TCS,3588.0,3604.39990234375,3538.050048828125,3584.300048828125,1703660,45.29404949834657,-33.26185554833728,3651.397497558594,3619.034237085724,3546.699951171875
2022-04-29,TCS,3597.0,3623.25,3536.85009765625,3546.699951171875,2051115,42.122354332845646,-34.77382948585637,3642.154992675781,3612.145257474881,3542.39990234375
2022-05-02,TCS,3519.89990234375,3547.949951171875,3492.75,3542.39990234375,1324161,41.76218839665097,-35.9051653321867,3632.277490234375,3605.5028427004877,3479.75
2022-05-04,TCS,3538.5,3545.449951171875,3465.300048828125,3479.75,2305825,36.82214486974632,-41.38007690494169,3618.327490234375,3593.5263814909176,3513.39990234375
2022-05-05,TCS,3512.10009765625,3533.0,3485.35009765625,3513.39990234375,1612262,40.86806854126108,-42.51364701680177,3605.47998046875,3585.895288238806,3432.60009765625
2022-05-06,TCS,3459.0,3474.5,3424.5,3432.60009765625,2010812,35.06178756922566,-49.3628542075262,3586.369982910156,3571.2957462785625,3445.10009765625
2022-05-09,TCS,3398.0,3456.0,3346.85009765625,3445.10009765625,2481830,36.5633336766997,-53.169351531227676,3570.8574829101562,3559.2771130764377,3438.75
2022-05-10,TCS,3434.0,3464.800048828125,3422.0,3438.75,1622685,36.106582368184206,-56.052291965039785,3558.5874877929687,3547.7983404024912,3412.0
2022-05-11,TCS,3435.0,3448.449951171875,3382.14990234375,3412.0,1841769,34.1701220161775,-59.806136556031106,3544.904992675781,3534.8651651260634,3408.64990234375
2022-05-12,TCS,3378.0,3449.699951171875,3350.10009765625,3408.64990234375,2807195,33.92473192871711,-62.33287573173902,3530.5174926757813,3522.8446639087,3414.89990234375
2022-05-13,TCS,3435.0,3439.89990234375,3382.14990234375,3414.89990234375,2187823,34.86453153876623,-63.103593026305134,3516.707482910156,3512.564210426324,3376.800048828125
2022-05-16,TCS,3415.0,3430.0,3366.60009765625,3376.800048828125,1195813,31.88711543711831,-66.02760665119968,3502.449987792969,3499.6342902741144,3451.60009765625
2022-05-17,TCS,3370.0,3467.0,3350.39990234375,3451.60009765625,1754076,42.30454474253489,-61.59909369693651,3498.627490234375,3495.059605262889,3448.800048828125
2022-05-18,TCS,3465.0,3495.0,3443.050048828125,3448.800048828125,1866781,42.04530759755646,-57.650842785191344,3497.4724975585937,3490.653933221483,3261.949951171875
2022-05-19,TCS,3397.0,3405.0,3230.0,3261.949951171875,4642963,29.190529487350574,-68.80591504303857,3482.7299926757814,3468.872601597711,3293.0
2022-05-20,TCS,3310.0,3313.89990234375,3270.050048828125,3293.0,3065125,32.863836372466096,-74.28460405599662,3465.9474975585936,3452.1228300169764,3321.75
2022-05-23,TCS,3304.800048828125,3338.89990234375,3267.0,3321.75,2293690,36.16585238117182,-75.43702873502662,3451.4074951171874,3439.7063700153594,3288.0
2022-05-24,TCS,3315.14990234375,3324.85009765625,3275.60009765625,3288.0,1711510,34.048738171200355,-78.17255201648868,3438.397497558594,3425.2581442996106,3167.64990234375
2022-05-25,TCS,3292.85009765625,3292.85009765625,3154.050048828125,3167.64990234375,3548046,27.79934911374616,-89.0254905598249,3419.464990234375,3400.7240260180997,3226.949951171875
2022-05-26,TCS,3191.0,3241.5,3180.550048828125,3226.949951171875,2813186,34.20714353892318,-91.78348135751912,3402.752490234375,3384.174114127983,3261.300048828125
2022-05-27,TCS,3253.199951171875,3278.89990234375,3229.199951171875,3261.300048828125,3103153,37.65859410922473,-90.15815602863267,3386.602490234375,3372.471822194663,3375.25
2022-05-30,TCS,3297.0,3386.60009765625,3286.35009765625,3375.25,2094624,47.49801408150915,-78.7672850247277,3378.029992675781,3372.736410557076,3364.35009765625
2022-05-31,TCS,3354.14990234375,3383.39990234375,3325.0,3364.35009765625,4840965,46.73811271710708,-69.81468844197025,3369.1275024414062,3371.9377140903302,3355.199951171875
2022-06-01,TCS,3388.0,3388.0,3340.050048828125,3355.199951171875,1493835,46.071756179875734,-62.73486305033566,3362.9,3370.3436414314297,3423.0
2022-06-02,TCS,3355.0,3432.0,3346.300048828125,3423.0,2657939,51.580384502559326,-51.06451318683594,3358.3800048828125,3375.3585327236747,3440.14990234375
2022-06-03,TCS,3459.39990234375,3477.300048828125,3431.199951171875,3440.14990234375,1913622,52.8912117330486,-39.9710615320364,3358.7574951171873,3381.529139354158,3430.949951171875
2022-06-06,TCS,3418.0,3453.0,3377.14990234375,3430.949951171875,1084210,52.07673917668908,-31.557999371393635,3358.0499877929688,3386.235883336798,3362.699951171875
2022-06-07,TCS,3401.050048828125,3418.85009765625,3356.0,3362.699951171875,2308256,46.371827010295576,-30.05137802762647,3354.2474853515623,3383.994365987758,3404.14990234375
2022-06-08,TCS,3380.14990234375,3413.949951171875,3346.5,3404.14990234375,2185707,49.957342440159316,-25.221962032017018,3353.85498046875,3385.9139408788046,3427.10009765625
2022-06-09,TCS,3385.0,3437.0,3353.10009765625,3427.10009765625,1279197,51.8758720779518,-19.320016973126258,3354.777490234375,3389.836432000466,3359.89990234375
2022-06-10,TCS,3382.0,3393.0,3352.0,3359.89990234375,1527582,46.28089020076474,-19.836514151651954,3352.027490234375,3386.9853339379215,3219.60009765625
2022-06-13,TCS,3290.0,3293.0,3192.449951171875,3219.60009765625,3030921,37.24832281045141,-31.20712725346948,3344.1674926757814,3371.0438828634765,3210.550048828125
2022-06-14,TCS,3190.0,3238.89990234375,3174.699951171875,3210.550048828125,2611493,36.750074007636805,-40.4820317012568,3332.114990234375,3355.7587558124906,3206.300048828125
2022-06-15,TCS,3218.5,3234.0,3201.0,3206.300048828125,1404536,36.50313347593489,-47.62639237458052,3319.989990234375,3341.524593242551,3142.0
2022-06-16,TCS,3240.0,3244.85009765625,3133.050048828125,3142.0,2032028,32.90107091647347,-57.81042366476095,3313.9924926757812,3322.522251028975,3088.89990234375
2022-06-17,TCS,3092.0,3118.75,3023.85009765625,3088.89990234375,5240434,30.24666519770102,-69.36646253802382,3303.787487792969,3300.272503535144,3112.39990234375
2022-06-20,TCS,3094.0,3138.75,3069.0,3112.39990234375,1502769,32.82947965404702,-75.75519427590189,3293.3199829101563,3282.3798748502495,3211.949951171875
2022-06-21,TCS,3130.0,3237.75,3125.39990234375,3211.949951171875,2964461,42.53635977124665,-71.95598938594549,3289.51748046875,3275.6722630713566,3222.949951171875
2022-06-22,TCS,3199.89990234375,3250.550048828125,3183.0,3222.949951171875,3336315,43.507820337121544,-67.28190020565535,3292.2824829101564,3270.6510905095015,3308.800048828125
2022-06-23,TCS,3222.949951171875,3318.0,3222.949951171875,3308.800048828125,3692578,50.53615887255033,-56.00467838292752,3296.3749877929686,3274.284324635085,3293.10009765625
2022-06-24,TCS,3339.0,3345.0,3277.5,3293.10009765625,2132118,49.32752202285081,-47.78343598415495,3297.964990234375,3276.076303018053,3314.699951171875
2022-06-27,TCS,3350.0,3362.89990234375,3306.5,3314.699951171875,2037686,51.061646017450485,-39.07468583590253,3294.9374877929686,3279.7547456993693,3318.14990234375
2022-06-28,TCS,3307.0,3330.0,3272.60009765625,3318.14990234375,1400046,51.34803428534521,-31.531085645231542,3292.627478027344,3283.411427284548,3290.5
2022-06-29,TCS,3271.0,3333.0,3271.0,3290.5,2133994,48.87918186713698,-27.467219179731728,3289.39248046875,3284.0865294479245,3267.10009765625
2022-06-30,TCS,3272.0,3310.89990234375,3255.0,3267.10009765625,2719603,46.8271949971456,-25.836920350368473,3281.5974853515627,3282.4687740391937,3315.10009765625
2022-07-01,TCS,3260.0,3333.0,3252.050048828125,3315.10009765625,1502879,51.33988647668607,-20.436123029922783,3275.3449951171874,3285.57651914558,3235.050048828125
2022-07-04,TCS,3312.0,3317.949951171875,3225.050048828125,3235.050048828125,2622535,44.549507323418524,-22.357597707829882,3265.55,3280.7644743534415,3216.300048828125
2022-07-05,TCS,3255.0,3272.0,3206.949951171875,3216.300048828125,2170627,43.111193927683225,-25.103965643992524,3258.2300048828124,3274.6250052557925,3260.75
2022-07-06,TCS,3218.5,3268.5,3202.25,3260.75,2182144,47.44324771013426,-23.42372828517864,3251.060009765625,3273.303576183812,3287.85009765625
2022-07-07,TCS,3271.0,3319.39990234375,3265.050048828125,3287.85009765625,1989921,49.945847390994466,-19.678534777516234,3244.097509765625,3274.688959181187,3265.449951171875
2022-07-08,TCS,3300.0,3305.0,3250.0,3265.449951171875,2136916,47.91490241063545,-18.30691582550844,3239.3750122070314,3273.8090536564905,3113.800048828125
2022-07-11,TCS,3206.14990234375,3225.0,3106.0,3113.800048828125,6974600,36.95808951686243,-29.12108787827401,3234.085009765625,3258.570100815694,3084.699951171875
2022-07-12,TCS,3114.89990234375,3136.199951171875,3080.25,3084.699951171875,3734815,35.29042928074756,-39.58324086224138,3227.7925048828124,3242.0110389448537,3038.75
2022-07-13,TCS,3104.0,3110.0,3035.0,3038.75,3863530,32.77551667200055,-50.99451647464775,3219.415002441406,3222.6528447596297,2998.75
2022-07-14,TCS,3056.0,3057.0,2967.0,2998.75,4764908,30.72298890298265,-62.5447236755399,3212.2525024414062,3201.328764306332,2994.60009765625
2022-07-15,TCS,3018.550048828125,3028.89990234375,2953.0,2994.60009765625,4574806,30.50951862320875,-71.21231726861151,3207.5375122070313,3181.640319863467,3063.5
2022-07-18,TCS,3023.0,3076.949951171875,3014.300048828125,3063.5,3202795,38.18857921452995,-71.69534206460958,3205.0925170898436,3170.388860828851,3074.25
2022-07-19,TCS,3030.050048828125,3078.949951171875,3030.050048828125,3074.25,1865074,39.31535149970086,-70.39918950233323,3198.20751953125,3161.232778845151,3164.800048828125
2022-07-20,TCS,3107.800048828125,3171.949951171875,3098.050048828125,3164.800048828125,3402251,47.92629630475896,-61.358049673777714,3195.3000244140626,3161.57251884353,3177.300048828125
2022-07-21,TCS,3167.0,3184.0,3144.050048828125,3177.300048828125,2420640,49.00209328883737,-52.578147532616185,3188.7250244140623,3163.070378842063,3171.0
2022-07-22,TCS,3185.0,3197.0,3143.5,3171.0,2075886,48.45871493512021,-45.602693652951075,3182.62001953125,3163.8255808571043,3166.75
2022-07-25,TCS,3165.0,3186.449951171875,3149.10009765625,3166.75,1797504,48.07145314431786,-39.95693698195464,3175.222521972656,3164.1040969659516,3115.89990234375
2022-07-26,TCS,3164.699951171875,3168.89990234375,3096.5,3115.89990234375,2639367,43.58355536605823,-39.13469168828851,3165.1100219726563,3159.513221287647,3188.85009765625
2022-07-27,TCS,3115.0,3194.10009765625,3110.0,3188.85009765625,1389808,50.695117158989795,-32.225114220307205,3160.0275268554688,3162.3072095132284,3260.5
2022-07-28,TCS,3216.0,3264.0,3201.64990234375,3260.5,2106333,56.495625204749025,-20.728728105774735,3159.6975219726564,3171.658903845302,3301.89990234375
2022-07-29,TCS,3290.0,3317.300048828125,3275.0,3301.89990234375,2430257,59.46315089856048,-8.182806853510556,3159.0375122070313,3184.062808464202,3298.800048828125
2022-08-01,TCS,3327.0,3327.0,3271.0,3298.800048828125,1306913,59.13787356672273,1.4925882272559647,3162.2250122070313,3194.9901646893377,3291.800048828125
2022-08-02,TCS,3290.0,3312.89990234375,3271.64990234375,3291.800048828125,1269114,58.361494465034056,8.497611857745596,3166.0000122070314,3204.2101536549367,3339.5
2022-08-03,TCS,3280.0,3349.0,3277.050048828125,3339.5,2895824,62.02049144353142,17.694163663347354,3169.9375122070314,3217.0949009258948,3354.949951171875
2022-08-04,TCS,3350.0,3387.89990234375,3307.35009765625,3354.949951171875,2150567,63.15002206587863,25.930271141124194,3173.2925048828124,3230.223953330274,3365.050048828125
2022-08-05,TCS,3361.199951171875,3377.0,3355.0,3365.050048828125,1106933,63.905757432017076,32.89326603057998,3178.272509765625,3243.064533853879,3374.449951171875
2022-08-08,TCS,3365.0,3378.89990234375,3336.0,3374.449951171875,1068836,64.63272750862032,38.723601632013015,3191.3050048828127,3255.5774307413067,3354.25
2022-08-10,TCS,3385.0,3385.0,3335.0,3354.25,1878359,61.75428625614569,41.238841663504445,3204.782507324219,3264.9748182897533,3422.5
2022-08-11,TCS,3400.0,3428.699951171875,3375.050048828125,3422.5,1449248,67.08764571494872,48.18395745269527,3223.970007324219,3279.9772165478716,3401.550048828125
2022-08-12,TCS,3419.0,3419.0,3381.25,3401.550048828125,1472354,64.13131332424221,51.40496138262233,3244.110009765625,3291.555581526943,3392.699951171875
2022-08-16,TCS,3411.0,3414.85009765625,3387.5,3392.699951171875,839942,62.87090815684761,52.63673773824712,3264.015002441406,3301.1883786359845,3401.10009765625
2022-08-17,TCS,3385.10009765625,3417.949951171875,3371.10009765625,3401.10009765625,1622326,63.6021140467947,53.6720529758727,3280.8950073242186,3310.703780447438,3381.25
2022-08-18,TCS,3390.0,3392.0,3362.0,3381.25,1430659,60.56668803359769,52.28806649173657,3296.245007324219,3317.4224680238726,3385.75
2022-08-19,TCS,3387.0,3421.5,3371.25,3385.75,1398410,61.02085439603812,50.966845554117754,3307.2925048828124,3323.929852021599,3354.550048828125
2022-08-22,TCS,3365.0,3384.10009765625,3347.39990234375,3354.550048828125,1536532,56.18884367305667,46.861997198350764,3316.1550048828126,3326.846061241268,3284.60009765625
2022-08-23,TCS,3319.949951171875,3341.89990234375,3270.0,3284.60009765625,1849256,47.1702997301987,37.53185497771892,3321.835009765625,3322.822636137933,3255.35009765625
2022-08-24,TCS,3292.0,3308.0,3250.199951171875,3255.35009765625,1691923,43.99071440394888,27.46086771109549,3326.2650146484375,3316.3966800920584,3218.199951171875
2022-08-25,TCS,3276.0,3278.14990234375,3214.75,3218.199951171875,1946930,40.27723640063398,16.294004261727423,3331.380017089844,3307.0446106710883,3222.199951171875
2022-08-26,TCS,3234.300048828125,3257.0,3216.800048828125,3222.199951171875,1457962,40.85614976888518,7.678438832601387,3333.047509765625,3298.9641669092584,3132.550048828125
2022-08-29,TCS,3125.0,3142.699951171875,3081.0,3132.550048828125,2539173,33.109689420082944,-6.310710779834153,3326.650012207031,3283.1152032824834,3211.14990234375
2022-08-30,TCS,3155.0,3226.5,3142.10009765625,3211.14990234375,3431525,43.26619628428037,-10.928880015910636,3322.112512207031,3276.261365097842,3131.699951171875
2022-09-01,TCS,3190.0,3190.0,3121.0,3131.699951171875,3546935,37.129230719067,-20.76044597793316,3313.7575073242188,3262.4936113906074,3130.39990234375
2022-09-02,TCS,3163.0,3163.0,3120.300048828125,3130.39990234375,2052900,37.03665705290747,-28.330361142696802,3305.6875,3249.9132581480494,3133.39990234375
2022-09-05,TCS,3123.64990234375,3147.949951171875,3112.25,3133.39990234375,2147912,37.424381279604944,-33.69903699950373,3295.3824951171873,3238.816748071449,3127.050048828125
2022-09-06,TCS,3135.5,3140.85009765625,3106.35009765625,3127.050048828125,1936453,36.90634128626704,-38.02777093415125,3283.9875,3228.172300524466,3149.60009765625
2022-09-07,TCS,3102.0,3161.89990234375,3102.0,3149.60009765625,1291534,40.07853393102627,-39.1869999401456,3273.2150024414063,3220.689233584636,3169.64990234375
2022-09-08,TCS,3170.0,3183.5,3160.10009765625,3169.64990234375,1346113,42.83075697273683,-38.049237677005294,3262.975,3215.828344895028,3217.64990234375
2022-09-09,TCS,3195.0,3233.5,3168.5,3217.64990234375,1561185,48.88382205799894,-32.89515912124625,3256.1449951171876,3216.001826556811,3242.949951171875
2022-09-12,TCS,3239.89990234375,3269.800048828125,3225.0,3242.949951171875,1785928,51.78175987704285,-26.463952265103217,3247.1674926757814,3218.5683146153888,3229.35009765625
2022-09-13,TCS,3263.449951171875,3263.449951171875,3225.0,3229.35009765625,1972678,50.13632484457738,-22.20856253273223,3238.5574951171875,3219.595151095471,3120.39990234375
2022-09-14,TCS,3135.0,3141.39990234375,3113.800048828125,3120.39990234375,5090269,39.34895434958702,-27.31266236810825,3224.942492675781,3210.147984547688,3104.35009765625
2022-09-15,TCS,3130.0,3137.75,3100.0,3104.35009765625,2138023,38.050143753012314,-32.280671873823394,3210.1049926757814,3200.071995319932,3008.699951171875
2022-09-16,TCS,3076.0,3094.35009765625,3000.0,3008.699951171875,5322221,31.39858697829881,-43.435327224646244,3191.477490234375,3181.8460863534506,3028.800048828125
2022-09-19,TCS,3036.0,3042.0,2987.800048828125,3028.800048828125,2072220,34.009229520618945,-50.076313487331845,3173.629992675781,3167.2702732558005,3040.300048828125
2022-09-20,TCS,3050.0,3079.949951171875,3030.0,3040.300048828125,1544295,35.52110591407761,-53.7913162459904,3157.9174926757814,3155.177870929355,3001.199951171875
2022-09-21,TCS,3028.0,3041.39990234375,2998.14990234375,3001.199951171875,2253818,32.77194600071461,-59.208020599330666,3143.7474853515623,3140.513307142928,3007.39990234375
2022-09-22,TCS,2990.0,3029.949951171875,2979.300048828125,3007.39990234375,2017983,33.64886004022718,-62.282559009468514,3131.3499755859375,3127.835840019197,2982.050048828125
2022-09-23,TCS,3004.0,3022.5,2979.0,2982.050048828125,2652374,31.821202038083513,-66.00382318379297,3119.54248046875,3113.9514789533805,2994.39990234375
2022-09-26,TCS,2959.85009765625,3025.85009765625,2926.10009765625,2994.39990234375,2925489,33.71024580789049,-67.18198972728624,3108.152478027344,3102.5656145143685,3017.449951171875
2022-09-27,TCS,3009.39990234375,3025.0,2976.0,3017.449951171875,2227447,37.20725578060353,-65.50069762860903,3102.3974731445314,3094.4593608627024,3035.64990234375
2022-09-28,TCS,2980.0,3049.949951171875,2980.0,3035.64990234375,2739767,39.903045321694954,-61.98515133099272,3093.6224731445313,3088.8584600513736,2997.300048828125
2022-09-29,TCS,3054.0,3055.85009765625,2990.0,2997.300048828125,2493902,36.3607295032987,-61.58367002406703,3086.902478027344,3080.1386113634453,3004.550048828125
2022-09-30,TCS,2990.85009765625,3019.699951171875,2950.10009765625,3004.550048828125,2817353,37.49048981359866,-59.988963358822275,3080.6099853515625,3072.9397006457957,2984.949951171875
2022-10-03,TCS,2995.0,3020.699951171875,2974.0,2984.949951171875,1763331,35.648015706429675,-59.61945494855854,3073.1874877929686,3064.5597245054223,3091.14990234375
2022-10-04,TCS,3029.949951171875,3098.0,3023.0,3091.14990234375,2145875,49.98945224101723,-50.178739092634714,3071.39248046875,3067.0921223947867,3101.949951171875
2022-10-06,TCS,3111.0,3124.0,3092.449951171875,3101.949951171875,1790816,51.18098452691728,-41.34878700164654,3069.009973144531,3070.411915611652,3064.89990234375
2022-10-07,TCS,3097.39990234375,3105.0,3058.10009765625,3064.89990234375,1939879,47.040388578439874,-36.91508157190037,3063.7724731445314,3069.88696196709,3118.550048828125
2022-10-10,TCS,3010.0,3127.0,3005.0,3118.550048828125,3064063,52.97327170622306,-28.740912281215515,3058.81748046875,3074.5215416681413,3069.550048828125
2022-10-11,TCS,3100.0,3145.0,3053.35009765625,3069.550048828125,4730645,47.71562421934062,-25.917948736875587,3050.1474853515624,3074.048066159568,3100.75
2022-10-12,TCS,3084.89990234375,3109.89990234375,3062.050048828125,3100.75,1665247,51.04723610560973,-20.921978929316538,3043.71748046875,3076.5911074777046,3103.300048828125
2022-10-13,TCS,3100.75,3110.0,3052.35009765625,3103.300048828125,2054781,51.32026583508874,-16.565907761271774,3042.8624877929688,3079.1348161777446,3099.14990234375
2022-10-14,TCS,3145.0,3150.0,3071.0,3099.14990234375,2245977,50.823448813601665,-13.295312032796573,3042.6024780273438,3081.0410148602214,3111.75
2022-10-17,TCS,3072.64990234375,3128.39990234375,3071.449951171875,3111.75,1517005,52.332234422198994,-9.576229959187458,3047.75498046875,3083.965680111629,3144.699951171875
2022-10-18,TCS,3150.0,3155.35009765625,3128.550048828125,3144.699951171875,1793722,56.123361647526565,-3.9248022586407387,3053.5499755859373,3089.749896403081,3121.85009765625
2022-10-19,TCS,3159.0,3159.0,3112.0,3121.85009765625,1194289,52.97675644016442,-1.2750987593603895,3057.627478027344,3092.8070584271923,3157.300048828125
2022-10-20,TCS,3105.0,3160.0,3105.0,3157.300048828125,1587601,57.00430222960616,3.643327138508539,3065.432482910156,3098.949247989186,3137.39990234375
2022-10-21,TCS,3157.800048828125,3160.39990234375,3127.0,3137.39990234375,1021913,54.19798747469588,5.867799251891938,3071.932482910156,3102.611215070573,3161.699951171875
2022-10-24,TCS,3170.10009765625,3178.0,3155.0,3161.699951171875,260949,56.98286309791594,9.482215210182858,3080.9149780273438,3108.2387137468877,3162.10009765625
2022-10-25,TCS,3180.5,3184.25,3151.14990234375,3162.10009765625,2069643,57.02919618772367,12.237883669589792,3089.2999877929688,3113.368369357303,3157.39990234375
2022-10-27,TCS,3160.699951171875,3174.0,3134.35009765625,3157.39990234375,2438421,56.262627014670926,13.882475757648535,3096.2974853515625,3117.5618486893454,3163.25
2022-10-28,TCS,3150.0,3178.5,3145.0,3163.25,1355739,57.0367030030624,15.479443437308419,3102.677490234375,3121.9131011951217,3193.14990234375
2022-10-31,TCS,3199.0,3199.0,3177.800048828125,3193.14990234375,1919414,60.85042707342973,18.939402422442527,3112.4699829101564,3128.697558447372,3259.699951171875
2022-11-01,TCS,3214.5,3262.60009765625,3203.449951171875,3259.699951171875,2991060,67.71894032957739,26.743198657227822,3125.2274780273438,3141.1739768020866,3241.699951171875
2022-11-02,TCS,3270.0,3270.0,3222.050048828125,3241.699951171875,1405955,64.4265638452656,31.11662079380085,3138.064978027344,3150.7478791230187,3206.75
2022-11-03,TCS,3228.050048828125,3228.050048828125,3195.0,3206.75,1422652,58.48125061504967,31.400455470638008,3143.8449829101564,3156.081414444636,3217.39990234375
2022-11-04,TCS,3217.0,3220.050048828125,3166.14990234375,3217.39990234375,1464013,59.70159215495626,32.11455797739791,3149.61748046875,3161.9212704350275,3233.699951171875
2022-11-07,TCS,3229.0,3242.800048828125,3195.10009765625,3233.699951171875,1474498,61.56370752198734,33.60835092508114,3158.057482910156,3168.757335267108,3216.050048828125
2022-11-09,TCS,3249.800048828125,3249.800048828125,3201.64990234375,3216.050048828125,1162267,58.416039717773906,32.98773095723982,3162.932482910156,3173.2614032253,3205.64990234375
2022-11-10,TCS,3170.0,3225.0,3170.0,3205.64990234375,1573092,56.580299590411414,31.29592036878421,3169.7374755859373,3176.346022188962,3315.949951171875
2022-11-11,TCS,3269.60009765625,3341.60009765625,3255.050048828125,3315.949951171875,3265394,68.04842226865738,38.41264337131133,3180.4974731445313,3189.6416344730487,3335.5
2022-11-14,TCS,3324.0,3349.0,3309.0,3335.5,1342074,69.5819569524057,45.11022063455175,3192.107470703125,3203.5329073803773,3332.60009765625
2022-11-15,TCS,3321.0,3339.949951171875,3292.0,3332.60009765625,1400708,69.05253598459377,49.61220239873364,3203.77998046875,3215.825020739984,3355.35009765625
2022-11-16,TCS,3338.89990234375,3367.89990234375,3321.449951171875,3355.35009765625,1748235,70.9217356335229,54.38882967951713,3215.9599853515624,3229.113123303438,3349.0
2022-11-17,TCS,3340.0,3360.0,3317.75,3349.0,1417986,69.65705914195969,57.004825261062706,3226.1749877929688,3240.530921084063,3343.449951171875
2022-11-18,TCS,3350.0,3362.75,3321.0,3343.449951171875,1164540,68.50721888191603,57.96202787272432,3237.25498046875,3250.332733473378,3283.5
2022-11-21,TCS,3322.5,3333.699951171875,3273.0,3283.5,1304194,57.47147884735622,53.26910472145255,3243.564978027344,3253.4915207616277,3314.949951171875
2022-11-22,TCS,3280.0,3318.949951171875,3255.25,3314.949951171875,1149739,61.01906687321625,51.4940857679685,3252.44248046875,3259.344704610223,3308.300048828125
2022-11-23,TCS,3330.0,3330.0,3291.0,3308.300048828125,1150011,59.881632094634014,48.98609767422158,3259.7724853515624,3264.007118345261,3380.14990234375
2022-11-24,TCS,3316.25,3392.949951171875,3308.300048828125,3380.14990234375,1296591,67.0322767937462,52.19451585644447,3270.6749755859373,3275.0683358689266,3389.64990234375
2022-11-25,TCS,3383.0,3403.35009765625,3348.0,3389.64990234375,1588981,67.84827393491962,54.87125926580484,3282.2874755859375,3285.980866009386,3395.25
2022-11-28,TCS,3366.0,3417.0,3365.550048828125,3395.25,2195437,68.34565550054377,56.789840846675816,3293.8874755859374,3296.387450198968,3397.35009765625
2022-11-29,TCS,3383.0,3429.0,3383.0,3397.35009765625,1576028,68.54219164299435,57.81335453820839,3304.0974853515627,3306.002940432995,3390.800048828125
2022-11-30,TCS,3383.0,3414.89990234375,3375.0,3390.800048828125,3410702,67.14198223143929,57.43390006479285,3310.652490234375,3314.0788555182453,3475.64990234375
2022-12-01,TCS,3425.0,3480.0,3420.0,3475.64990234375,2180856,74.42931511715975,63.25073857758207,3322.349987792969,3329.4665742635316,3439.14990234375
2022-12-02,TCS,3458.10009765625,3468.89990234375,3413.0,3439.14990234375,2411749,67.49468539402541,64.17560363942403,3333.9699829101564,3339.9126055092665,3425.89990234375
2022-12-05,TCS,3433.0,3439.14990234375,3407.0,3425.89990234375,1475065,65.1226613252854,63.11188705095992,3344.394982910156,3348.101871874456,3385.35009765625
2022-12-06,TCS,3400.050048828125,3407.949951171875,3368.0,3385.35009765625,1166999,58.362724413866516,58.32452482508643,3351.977490234375,3351.649321948912,3380.60009765625
2022-12-07,TCS,3368.300048828125,3393.699951171875,3354.0,3380.60009765625,1167505,57.608352545624165,53.53015812589683,3360.2049926757813,3354.4065386829443,3350.550048828125
2022-12-08,TCS,3360.0,3380.60009765625,3339.449951171875,3350.550048828125,1285619,52.9458596067569,46.766702735674244,3367.45,3354.0392539348663,3292.75
2022-12-09,TCS,3374.10009765625,3374.10009765625,3276.35009765625,3292.75,1797896,45.34399367426504,36.32391524153945,3366.290002441406,3348.2021821315457,3286.449951171875
2022-12-12,TCS,3255.5,3296.0,3236.10009765625,3286.449951171875,1527610,44.592457307248196,27.225728378175063,3363.8375,3342.3210172782437,3332.10009765625
2022-12-13,TCS,3277.199951171875,3336.449951171875,3267.800048828125,3332.10009765625,1378016,50.937866149239035,23.428861713287915,3363.8125,3341.3475963618635,3365.35009765625
2022-12-14,TCS,3348.800048828125,3377.0,3340.89990234375,3365.35009765625,1213311,54.981876559461156,22.839534705604365,3364.3125,3343.6335488660907,3305.10009765625
2022-12-15,TCS,3358.800048828125,3364.75,3298.949951171875,3305.10009765625,1415694,47.36354125981118,17.31126386248252,3362.1175048828127,3339.9636963699154,3240.25
2022-12-16,TCS,3275.0,3292.0,3225.199951171875,3240.25,2703680,40.809098278873144,7.609491008684017,3356.9575073242186,3330.467153858495,3202.050048828125
2022-12-19,TCS,3227.0,3245.5,3194.5,3202.050048828125,2120965,37.51571895850581,-3.1256204774749676,3352.885009765625,3318.2369533794117,3243.949951171875
2022-12-20,TCS,3198.89990234375,3249.0,3163.64990234375,3243.949951171875,1529971,42.953807849447315,-8.158258401004332,3349.335009765625,3311.162000788218,3268.550048828125
2022-12-21,TCS,3249.0,3283.050048828125,3240.0,3268.550048828125,1432566,45.92921695645687,-10.045835782746963,3347.347509765625,3307.1037196491616,3259.699951171875
2022-12-22,TCS,3294.0,3294.0,3245.10009765625,3259.699951171875,1384101,45.01947881012977,-12.11621518794118,3341.3250122070312,3302.5890750322774,3228.35009765625
2022-12-23,TCS,3217.0,3266.85009765625,3217.0,3228.35009765625,1360281,41.85672934804339,-16.10107380365116,3333.2600219726564,3295.5186962345606,3252.89990234375
2022-12-26,TCS,3228.35009765625,3272.0,3225.050048828125,3252.89990234375,870157,45.10883032395159,-17.08123703116007,3326.1425170898438,3291.4597634830548,3259.5
2022-12-27,TCS,3269.199951171875,3273.800048828125,3231.5,3259.5,835883,45.98356726420088,-17.128009695163655,3319.2500122070314,3288.4159764846686,3257.10009765625
2022-12-28,TCS,3249.800048828125,3266.10009765625,3226.0,3257.10009765625,910795,45.69839725974723,-17.16090915227278,3312.5650146484377,3285.4335118343433,3268.75
2022-12-29,TCS,3231.10009765625,3271.5,3228.0,3268.75,1037927,47.40357938358515,-16.06178222483959,3302.22001953125,3283.844605945358,3256.699951171875
2022-12-30,TCS,3286.050048828125,3299.0,3246.199951171875,3256.699951171875,1163131,45.801482186533526,-15.978860097329743,3293.097521972656,3281.259400728836,3261.449951171875
2023-01-02,TCS,3261.0,3266.85009765625,3235.199951171875,3261.449951171875,709547,46.56808072210622,-15.352879967829267,3284.8750244140624,3279.3727864853163,3311.35009765625
2023-01-03,TCS,3252.0,3320.0,3245.300048828125,3311.35009765625,1245178,53.93878312931853,-10.706839634363405,3281.1750244140626,3282.4182446920718,3314.64990234375
2023-01-04,TCS,3306.699951171875,3327.35009765625,3286.199951171875,3314.64990234375,1231668,54.386877005395924,-6.681531994789566,3277.8775146484377,3285.4879263731837,3311.10009765625
2023-01-05,TCS,3330.199951171875,3337.300048828125,3281.949951171875,3311.10009765625,1826057,53.78075313478578,-3.7348334260946103,3275.9050170898436,3287.9271807810946,3211.550048828125
2023-01-06,TCS,3300.0,3301.550048828125,3200.0,3211.550048828125,2488376,40.2375708721,-9.324918688465004,3271.84501953125,3280.653168214145,3319.949951171875
2023-01-09,TCS,3229.0,3327.0,3221.14990234375,3319.949951171875,2885060,53.8621547876093,-4.951062582405029,3273.52001953125,3284.395718972024,3286.39990234375
2023-01-10,TCS,3285.0,3298.0,3230.10009765625,3286.39990234375,3864655,50.058331560966444,-4.144187048762433,3271.235009765625,3284.586593578855,3328.699951171875
2023-01-11,TCS,3290.10009765625,3349.5,3271.14990234375,3328.699951171875,2720512,54.4281707882708,-0.09042953555899658,3269.4025024414063,3288.7878657305714,3334.35009765625
2023-01-12,TCS,3329.0,3350.0,3315.550048828125,3334.35009765625,2250391,54.99463209545921,3.537345780211581,3270.8650024414064,3293.1271259139694,3374.550048828125
2023-01-13,TCS,3342.89990234375,3379.0,3305.0,3374.550048828125,1742837,58.9082541604631,9.546141966902724,3277.5800048828123,3300.881690001032,3334.050048828125
2023-01-16,TCS,3317.0,3353.0,3298.050048828125,3334.050048828125,1843607,53.82958651995635,10.914331093605142,3284.1800048828127,3304.0405813178977,3378.39990234375
2023-01-17,TCS,3330.0,3381.800048828125,3321.0,3378.39990234375,1688475,58.090546793440495,15.399774352596978,3290.9025024414063,3311.122421415598,3390.0
2023-01-18,TCS,3380.0,3408.949951171875,3372.25,3390.0,2421189,59.152399814240724,19.663878435751485,3296.975,3318.6345717569698,3373.10009765625
2023-01-19,TCS,3380.0,3387.0,3361.0,3373.10009765625,1585044,56.89087048571129,21.432470582474252,3302.6450073242186,3323.821764699758,3363.10009765625
2023-01-20,TCS,3365.0,3394.64990234375,3355.60009765625,3363.10009765625,1529349,55.53780427279045,21.77615422355393,3309.3825073242188,3327.5625583146625,3414.89990234375
2023-01-23,TCS,3388.0,3419.0,3355.60009765625,3414.89990234375,1067916,60.74585068956714,25.92943888353284,3317.4825073242187,3335.880400603147,3436.300048828125
2023-01-24,TCS,3425.0,3451.949951171875,3417.300048828125,3436.300048828125,1387863,62.69022501234094,30.59507884798495,3326.322509765625,3345.444176624573,3429.75
2023-01-25,TCS,3425.300048828125,3435.0,3405.0,3429.75,874110,61.683123748505366,33.37932188970808,3334.9550048828123,3353.473302660328,3411.050048828125
2023-01-27,TCS,3426.0,3446.0,3382.300048828125,3411.050048828125,1785879,58.77988556575439,33.6885837589457,3342.0700073242188,3358.9568022953563,3433.64990234375
2023-01-30,TCS,3420.0,3458.449951171875,3385.550048828125,3433.64990234375,1953798,61.15921275157344,35.34980477729914,3350.9175048828124,3366.070430871394,3358.699951171875
2023-01-31,TCS,3449.0,3449.0,3351.0,3358.699951171875,2820375,50.70590122752117,30.269570954294977,3355.7800048828126,3365.3684804238205,3408.35009765625
2023-02-01,TCS,3363.0,3419.0,3355.0,3408.35009765625,2205161,56.06329264353824,29.90507385007595,3360.6300048828125,3369.46196777929,3460.39990234375
2023-02-02,TCS,3427.0,3469.0,3420.10009765625,3460.39990234375,1813847,60.86511177597381,33.43082180503188,3367.9175048828124,3378.1227234520957,3482.300048828125
2023-02-03,TCS,3504.0,3504.0,3452.89990234375,3482.300048828125,1804469,62.71167330793733,37.55920215248307,3376.477502441406,3388.0443734879077,3459.949951171875
2023-02-06,TCS,3473.14990234375,3473.14990234375,3436.85009765625,3459.949951171875,1138714,59.619897463775125,38.58274931078586,3388.897497558594,3394.8925237435237,3472.550048828125
2023-02-07,TCS,3468.89990234375,3493.0,3461.39990234375,3472.550048828125,1455647,60.793436545340285,39.950120267096736,3396.5275024414063,3402.288478513486,3520.10009765625
2023-02-08,TCS,3478.050048828125,3539.89990234375,3478.050048828125,3520.10009765625,1986946,64.93501196417313,44.35931656084176,3408.212512207031,3413.5086327175586,3540.85009765625
2023-02-09,TCS,3515.0,3547.60009765625,3505.300048828125,3540.85009765625,1655427,66.59341722781764,48.963566459806316,3418.82001953125,3425.636391283148,3537.550048828125
2023-02-10,TCS,3520.0,3542.35009765625,3508.14990234375,3537.550048828125,1187821,66.05832153501723,51.749643636982,3428.980017089844,3436.29483485886,3482.39990234375
2023-02-13,TCS,3549.0,3549.0,3473.39990234375,3482.39990234375,1087939,57.71229960735247,48.94328622277317,3434.372509765625,3440.685793666945,3500.10009765625
2023-02-14,TCS,3505.0,3524.85009765625,3495.0,3500.10009765625,1579818,59.481673278604916,47.59879629385932,3442.675012207031,3446.344298808783,3520.64990234375
2023-02-15,TCS,3487.0,3526.0,3460.14990234375,3520.64990234375,1429449,61.495981266727874,47.64228522725989,3449.7875122070313,3453.4210229549703,3558.050048828125
2023-02-16,TCS,3527.199951171875,3575.0,3527.0,3558.050048828125,1618931,64.91460304847267,50.11691319688498,3458.1900146484377,3463.385692085747,3501.14990234375
2023-02-17,TCS,3526.14990234375,3538.89990234375,3490.0,3501.14990234375,1061369,56.67077520981935,46.945548345878706,3464.5925048828126,3466.98228353889,3487.300048828125
2023-02-20,TCS,3502.0,3522.0,3475.050048828125,3487.300048828125,1296082,54.845029612251835,42.821037161127606,3470.8025024414064,3468.917308804532,3451.0
2023-02-21,TCS,3494.0,3508.89990234375,3444.75,3451.0,1139541,50.27344784358964,36.20586311087527,3472.6075073242187,3467.2108984421952,3401.550048828125
2023-02-22,TCS,3414.949951171875,3447.0,3395.0,3401.550048828125,1218430,44.79562302619912,26.665706560802846,3470.870007324219,3460.9574841932363,3413.800048828125
2023-02-23,TCS,3421.0,3452.39990234375,3408.0,3413.800048828125,1441570,46.355008743530576,19.86455021461188,3470.072509765625,3456.46629987275,3400.449951171875
2023-02-24,TCS,3422.5,3433.949951171875,3382.300048828125,3400.449951171875,977592,44.86754833223506,13.244667221916643,3469.5425048828124,3451.1314095202856,3331.85009765625
2023-02-27,TCS,3390.0,3390.0,3316.0,3331.85009765625,1128022,38.1017757700567,2.4348598420979215,3464.4525146484375,3439.7712845808533,3312.85009765625
2023-02-28,TCS,3328.5,3392.0,3299.89990234375,3312.85009765625,4116217,36.46179702192299,-7.577779670205928,3462.160021972656,3427.6835524927956,3385.699951171875
2023-03-01,TCS,3323.0,3389.0,3315.0,3385.699951171875,1669307,46.05013119221315,-9.524699467257506,3461.0275146484373,3423.6851142717555,3321.449951171875
2023-03-02,TCS,3361.0,3369.89990234375,3318.0,3321.449951171875,1556538,40.277197014844,-16.066876522300845,3454.0800170898438,3413.948432071767,3342.14990234375
2023-03-03,TCS,3354.0,3358.0,3331.10009765625,3342.14990234375,1043190,42.766605200048,-19.358137352030553,3447.072509765625,3407.1104768595746,3371.85009765625
2023-03-06,TCS,3361.89990234375,3404.949951171875,3359.0,3371.85009765625,1334132,46.22976501058901,-19.346908605642057,3442.667517089844,3403.7523455068767,3390.39990234375
2023-03-08,TCS,3364.0,3396.0,3330.85009765625,3390.39990234375,1844590,48.33259608369407,-17.637877064532404,3438.560009765625,3402.4806842532453,3336.85009765625
2023-03-09,TCS,3385.0,3385.0,3330.85009765625,3336.85009765625,1648500,43.09327315851297,-20.369670082158336,3429.397509765625,3396.2301521963886,3331.0
2023-03-10,TCS,3312.89990234375,3337.25,3290.0,3331.0,1024404,42.550609501231534,-22.744505221456166,3418.9050048828126,3390.0177567491137,3281.949951171875
2023-03-13,TCS,3333.0,3369.800048828125,3272.0,3281.949951171875,1901233,38.206331525142595,-28.2587588100846,3406.125,3379.7255847893766,3214.949951171875
2023-03-14,TCS,3280.0,3304.39990234375,3209.39990234375,3214.949951171875,2670334,33.217500309594044,-37.6017351680116,3392.7525024414062,3364.0326673019954,3198.89990234375
2023-03-15,TCS,3250.0,3260.35009765625,3192.0,3198.89990234375,1780522,32.13500003676543,-45.773566863013,3377.692492675781,3348.3057373059723,3185.0
2023-03-16,TCS,3208.0,3219.800048828125,3172.0,3185.0,1901060,31.187113569512917,-52.76318713166938,3360.9099975585937,3332.752809943499,3179.300048828125
2023-03-17,TCS,3150.5,3221.39990234375,3144.0,3179.300048828125,6739966,30.78608387068951,-58.09279242559023,3341.9724975585937,3318.1382612658444,3143.300048828125
2023-03-20,TCS,3169.64990234375,3169.64990234375,3095.050048828125,3143.300048828125,2289468,28.310042354851447,-64.4781778561487,3324.0800048828123,3301.4870029384424,3106.10009765625
2023-03-21,TCS,3143.300048828125,3156.75,3097.449951171875,3106.10009765625,1815297,25.98441085589748,-71.71369613190745,3305.0200073242186,3282.8787262449,3130.800048828125
2023-03-22,TCS,3130.050048828125,3143.5,3106.10009765625,3130.800048828125,1123939,30.09091627395881,-74.5949329082423,3289.010009765625,3268.3950426813976,3124.64990234375
2023-03-23,TCS,3114.89990234375,3146.35009765625,3101.0,3124.64990234375,1372218,29.649808070272044,-76.49283741941508,3275.165002441406,3254.7050293159073,3120.5
2023-03-24,TCS,3148.89990234375,3170.0,3106.0,3120.5,1329577,29.337295921907128,-77.43913273713542,3260.5,3241.9235979524874,3122.300048828125
2023-03-27,TCS,3135.0,3152.75,3106.0,3122.300048828125,1524217,29.6835009334243,-77.15444132470566,3246.5925048828126,3230.5308789882624,3115.89990234375
2023-03-28,TCS,3127.0,3149.550048828125,3110.14990234375,3115.89990234375,1303530,29.13689211368863,-76.5626926006189,3235.7949951171877,3219.613643117357,3138.89990234375
2023-03-29,TCS,3129.0,3150.0,3104.10009765625,3138.89990234375,1740616,33.85107989252347,-73.39180465324989,3227.0974853515627,3211.926620186537,3205.89990234375
2023-03-31,TCS,3189.949951171875,3213.0,3152.0,3205.89990234375,2382581,45.272583455008146,-64.72638754743957,3218.1074829101562,3211.3526470586526,3200.0
2023-04-03,TCS,3224.949951171875,3224.949951171875,3173.75,3200.0,1521830,44.54323184009633,-57.67026792162005,3212.0349853515627,3210.271442576876,3239.800048828125
2023-04-05,TCS,3185.5,3264.35009765625,3185.5,3239.800048828125,2655065,50.3537107506482,-48.30982536898682,3206.9174926757814,3213.0836907912803,3220.699951171875
2023-04-06,TCS,3225.0,3257.35009765625,3215.0,3220.699951171875,1703464,47.76714612579212,-41.94926049982678,3199.3599853515625,3213.8090489227657,3263.39990234375
2023-04-10,TCS,3220.0,3272.0,3215.0,3263.39990234375,2203187,53.51588867211083,-33.08159379375593,3193.0099853515626,3218.5319873438116,3213.800048828125
2023-04-11,TCS,3264.0,3272.949951171875,3192.14990234375,3213.800048828125,2348779,47.039544626498994,-29.713676925075106,3186.8574829101562,3218.081326532794,3241.64990234375
2023-04-12,TCS,3227.949951171875,3260.949951171875,3199.0,3241.64990234375,2417727,50.65077125913958,-24.51473748055969,3182.3899780273437,3220.3259528005037,3188.85009765625
2023-04-13,TCS,3210.0,3230.0,3180.0,3188.85009765625,4174070,44.46097817485369,-24.374074329807627,3177.7349853515625,3217.328252310575,3139.5
2023-04-17,TCS,3134.10009765625,3163.39990234375,3070.25,3139.5,5505048,39.591000909127686,-27.922860855730505,3173.9624877929687,3209.916037804806,3130.75
2023-04-18,TCS,3154.949951171875,3156.85009765625,3110.60009765625,3130.75,2617302,38.77992846957551,-31.083045617000607,3170.5549926757812,3202.376415156729,3089.60009765625
2023-04-19,TCS,3130.75,3140.0,3071.5,3089.60009765625,3298034,35.13454716067014,-36.48736439907043,3165.7849975585937,3191.6358134900165,3104.800048828125
2023-04-20,TCS,3090.0,3113.0,3078.0,3104.800048828125,2419999,37.472652282646145,-39.093175153088396,3162.0599975585938,3183.3657406650746,3160.85009765625
2023-04-21,TCS,3110.0,3164.449951171875,3100.800048828125,3160.85009765625,1929184,45.30223545936088,-36.21802953928545,3162.9375,3181.221393711853,3174.800048828125
2023-04-24,TCS,3151.10009765625,3180.949951171875,3126.14990234375,3174.800048828125,1640676,47.07839913306354,-32.43986488183373,3166.3724975585938,3180.60983705626,3176.0
2023-04-25,TCS,3183.0,3191.199951171875,3147.5,3176.0,2024090,47.237113966956244,-29.014356696252435,3168.6324951171873,3180.1708049556637,3198.14990234375
2023-04-26,TCS,3181.0,3208.39990234375,3181.0,3198.14990234375,2000029,50.2057481403318,-24.232962270482858,3172.3074951171875,3181.8830999450056,3187.949951171875
2023-04-27,TCS,3185.0,3199.199951171875,3170.64990234375,3187.949951171875,2434446,48.84292113756373,-21.02436773100726,3175.6799926757812,3182.4608952999456,3219.25
2023-04-28,TCS,3200.39990234375,3227.25,3196.25,3219.25,2931312,53.05421456097725,-15.774047684091784,3180.527490234375,3185.9646195570936,3219.39990234375
2023-05-02,TCS,3235.0,3235.0,3210.0,3219.39990234375,2321159,53.07413826642577,-11.468829822943462,3185.702490234375,3189.1489322034417,3179.89990234375
2023-05-03,TCS,3216.0,3216.0,3173.14990234375,3179.89990234375,2468285,47.36929426450054,-11.116094121782226,3187.752490234375,3188.2680722168043,3220.699951171875
2023-05-04,TCS,3180.14990234375,3224.449951171875,3178.0,3220.699951171875,1953253,52.99009819687668,-7.458350356841947,3188.4924926757812,3191.356822593478,3230.699951171875
2023-05-05,TCS,3220.0,3244.0,3210.050048828125,3230.699951171875,1710027,54.27893976894014,-3.7098804514694166,3190.027490234375,3195.103787219992,3250.60009765625
2023-05-08,TCS,3245.0,3254.85009765625,3231.300048828125,3250.60009765625,928235,56.816238582545694,0.8567088572085595,3190.567492675781,3200.389150118683,3283.25
2023-05-09,TCS,3252.60009765625,3298.0,3246.0,3283.25,1107375,60.672463553834525,7.029308544053038,3193.6949951171873,3208.2806596311893,3286.800048828125
2023-05-10,TCS,3290.0,3306.5,3266.050048828125,3286.800048828125,1559987,61.07942963486836,12.068479617823868,3194.8650024414064,3215.758696697564,3282.14990234375
2023-05-11,TCS,3309.0,3309.699951171875,3272.0,3282.14990234375,1719623,60.20065067977047,15.508063735354426,3198.2824951171874,3222.0816686638673,3274.300048828125
2023-05-12,TCS,3279.14990234375,3290.0,3260.0,3274.300048828125,1027479,58.66620240452152,17.399965384762254,3199.915002441406,3227.0548477271295,3255.050048828125
2023-05-15,TCS,3284.0,3292.0,3248.35009765625,3255.050048828125,1150390,54.966210854832404,17.148321772363488,3203.225,3229.721057355796,3258.14990234375
2023-05-16,TCS,3256.199951171875,3285.0,3250.449951171875,3258.14990234375,986306,55.45342756020116,17.003024387572168,3209.1574951171874,3232.4285664022677,3208.699951171875
2023-05-17,TCS,3255.949951171875,3280.0,3198.25,3208.699951171875,1588815,46.76208400537084,12.750695295890637,3213.0549926757812,3230.1686982850874,3199.85009765625
2023-05-18,TCS,3225.949951171875,3228.949951171875,3195.0,3199.85009765625,1369364,45.390941445991636,8.567820139669493,3218.567492675781,3227.2812125109126,3222.85009765625
2023-05-19,TCS,3210.0,3234.5,3203.050048828125,3222.85009765625,1152449,49.53261612679274,7.027757608274442,3224.4699951171874,3226.8592015723734,3298.699951171875
2023-05-22,TCS,3230.0,3308.449951171875,3217.050048828125,3298.699951171875,1333243,60.24166840853833,11.791768069445425,3231.3624877929688,3233.701177724707,3297.050048828125
2023-05-23,TCS,3306.0,3327.949951171875,3290.10009765625,3297.050048828125,1687418,59.94369880691373,15.258259633318175,3237.474987792969,3239.7344035440806,3303.35009765625
2023-05-24,TCS,3276.0,3317.199951171875,3276.0,3303.35009765625,1016555,60.74219228254775,18.30285652425573,3243.842492675781,3245.793041078573,3293.5
2023-05-25,TCS,3294.0,3306.0,3267.10009765625,3293.5,1374917,58.76961214103698,19.69388212122385,3248.609997558594,3250.3365609758516,3328.89990234375
2023-05-26,TCS,3293.5,3338.64990234375,3291.0,3328.89990234375,1791115,63.37313358040525,23.383209119248022,3255.6574951171874,3257.8187839632706,3320.35009765625
2023-05-29,TCS,3360.800048828125,3372.0,3312.0,3320.35009765625,1210372,61.58465366895689,25.325196460357347,3260.7125,3263.7741471721256,3316.199951171875
2023-05-30,TCS,3315.0,3326.949951171875,3301.35009765625,3316.199951171875,1344224,60.68932374840934,26.22702447004758,3265.5525024414064,3268.7670808863877,3289.5
2023-05-31,TCS,3309.0,3327.699951171875,3265.14990234375,3289.5,5815424,55.13571442200263,24.504790771962234,3271.032507324219,3270.7416446114935,3324.0
2023-06-01,TCS,3314.0,3340.0,3297.5,3324.0,1177314,60.20332389382818,25.62834225326924,3276.197509765625,3275.813868934208,3305.60009765625
2023-06-02,TCS,3326.25,3335.89990234375,3297.449951171875,3305.60009765625,2030661,56.53552973155943,24.7487582724184,3279.942517089844,3278.6506526220214,3288.89990234375
2023-06-05,TCS,3315.0,3327.0,3285.050048828125,3288.89990234375,1861468,53.35810274490729,22.445379079900704,3281.8575073242187,3279.6267716431385,3232.300048828125
2023-06-06,TCS,3280.0,3288.85009765625,3220.60009765625,3232.300048828125,2022849,44.27574799510925,15.869861436882275,3279.310009765625,3275.1194647083753,3274.89990234375
2023-06-07,TCS,3253.0,3278.85009765625,3241.0,3274.89990234375,1567196,51.031755167117886,13.935528390899435,3278.7150024414063,3275.0985540069823,3236.449951171875
2023-06-08,TCS,3261.0,3270.0,3233.0,3236.449951171875,1759366,45.65182799271475,9.19398327972749,3276.4300048828127,3271.417734689353,3209.300048828125
2023-06-09,TCS,3245.0,3250.0,3205.35009765625,3209.300048828125,1775689,42.263694506819334,3.20851859506638,3273.1800048828127,3265.501764607331,3246.89990234375
2023-06-12,TCS,3215.0,3254.39990234375,3211.0,3246.89990234375,2324605,48.0175821908806,1.4819061613775375,3272.772497558594,3263.730158677466,3243.699951171875
2023-06-13,TCS,3260.0,3265.0,3239.0,3243.699951171875,1371928,47.58296611882372,-0.14300744751835737,3272.05,3261.82251986741,3251.050048828125
2023-06-14,TCS,3243.699951171875,3255.85009765625,3225.85009765625,3251.050048828125,1658544,48.73084507527949,-0.8281256192599358,3274.1675048828124,3260.796570244621,3216.300048828125
2023-06-15,TCS,3245.300048828125,3247.449951171875,3210.0,3216.300048828125,2273810,43.84246465608323,-4.1275415587242605,3274.9900024414064,3256.558806300193,3174.89990234375
2023-06-16,TCS,3197.0,3199.39990234375,3156.0,3174.89990234375,4156189,38.84318288979423,-9.968092324194913,3272.592492675781,3248.781767828151,3210.39990234375
2023-06-19,TCS,3190.0,3214.89990234375,3175.0,3210.39990234375,1468186,44.66943068779967,-11.598517085470576,3268.177490234375,3245.1263520677317,3227.699951171875
2023-06-20,TCS,3214.0,3232.5,3201.050048828125,3227.699951171875,1528452,47.30409104321451,-11.363677694648686,3264.7099853515624,3243.4666948395547,3258.199951171875
2023-06-21,TCS,3250.0,3261.39990234375,3223.949951171875,3258.199951171875,1645987,51.67312485525845,-8.617137685375383,3262.4524780273437,3244.8698621092994,3238.5
2023-06-22,TCS,3260.0,3267.64990234375,3230.10009765625,3238.5,1529603,48.85556874963219,-7.938595176888157,3259.7024780273437,3244.2632085750806,3216.35009765625
2023-06-23,TCS,3237.300048828125,3249.39990234375,3209.14990234375,3216.35009765625,1119505,45.82972532653857,-9.083449009034666,3254.074987792969,3241.6048170590016,3189.64990234375
2023-06-26,TCS,3205.0,3213.89990234375,3173.0,3189.64990234375,1978803,42.41919361696904,-12.00682928411743,3247.5399780273438,3236.6567299432636,3197.35009765625
2023-06-27,TCS,3202.0,3209.64990234375,3182.300048828125,3197.35009765625,863542,43.719965610376995,-13.546136377454786,3241.5974853515627,3232.913241154024,3215.449951171875
2023-06-28,TCS,3208.0,3230.949951171875,3193.39990234375,3215.449951171875,1575872,46.76424730582587,-13.153911325376157,3237.894982910156,3231.2500706795336,3302.25
2023-06-30,TCS,3220.0,3310.0,3214.10009765625,3302.25,2672406,58.38867582644451,-5.77248995269656,3236.807482910156,3238.011968710054,3272.300048828125
2023-07-03,TCS,3314.300048828125,3318.800048828125,3268.75,3272.300048828125,1687264,54.00663738896896,-2.312711592339838,3235.14248046875,3241.2775001498703,3308.85009765625
2023-07-04,TCS,3290.0,3315.0,3277.300048828125,3308.85009765625,1656681,58.135842344978,3.339970067646391,3236.139990234375,3247.7129856266683,3319.949951171875
2023-07-05,TCS,3320.0,3329.0,3305.0,3319.949951171875,1453008,59.329993996043285,8.61610532309669,3240.5224853515624,3254.5926966309735,3322.89990234375
2023-07-06,TCS,3306.550048828125,3328.449951171875,3302.0,3322.89990234375,1848238,59.659332470898036,12.886964031839852,3242.9224853515625,3261.0981447940953,3329.25
2023-07-07,TCS,3302.0,3356.89990234375,3302.0,3329.25,1789326,60.40266720572446,16.59277891261445,3247.5624877929686,3267.588797670848,3271.949951171875
2023-07-10,TCS,3324.75,3324.75,3265.199951171875,3271.949951171875,1407431,51.22947446453819,14.736159566105016,3250.6949829101563,3268.004145623327,3272.39990234375
2023-07-11,TCS,3295.0,3295.0,3260.800048828125,3272.39990234375,1110172,51.29202910307714,13.14950336740958,3251.9699829101564,3268.4227891205105,3259.89990234375
2023-07-12,TCS,3280.949951171875,3289.14990234375,3250.10009765625,3259.89990234375,1515240,49.39651213139235,10.759393771652412,3252.77998046875,3267.611085617962,3340.550048828125
2023-07-13,TCS,3284.0,3367.449951171875,3272.75,3340.550048828125,4585146,59.7355362342123,15.197816528469048,3257.25498046875,3274.5576535427394,3514.64990234375
2023-07-14,TCS,3365.0,3524.85009765625,3352.0,3514.64990234375,6306101,72.70172275502063,32.39032618786541,3272.172473144531,3297.4235819999785,3491.699951171875
2023-07-17,TCS,3510.0,3549.89990234375,3477.050048828125,3491.699951171875,2743228,69.52346022588293,43.660355301170966,3288.0124755859374,3315.926093349683,3496.85009765625
2023-07-18,TCS,3476.0,3524.0,3465.0,3496.85009765625,2600090,69.84207725891117,52.40343418013572,3302.3349853515624,3333.1569509026895,3470.050048828125
2023-07-19,TCS,3500.0,3516.85009765625,3445.64990234375,3470.050048828125,2405370,65.97667711947153,56.51833898870382,3314.452490234375,3346.19438880035,3463.300048828125
2023-07-20,TCS,3453.10009765625,3478.89990234375,3436.050048828125,3463.300048828125,1715404,65.00090238911528,58.55972208386447,3324.7074951171876,3357.3473088029955,3368.300048828125
2023-07-21,TCS,3404.050048828125,3434.89990234375,3359.050048828125,3368.300048828125,3770223,53.09824772577607,51.91340146515677,3331.1974975585936,3358.390426900627,3394.75
2023-07-24,TCS,3381.0,3413.449951171875,3372.10009765625,3394.75,1680132,55.53935123933543,48.22453211133188,3340.1174926757812,3361.8532433862815,3399.14990234375
2023-07-25,TCS,3397.5,3406.800048828125,3380.199951171875,3399.14990234375,1272980,55.95007061390178,45.13581434745083,3350.592492675781,3365.4053061441355,3388.300048828125
2023-07-26,TCS,3400.35009765625,3420.85009765625,3385.0,3388.300048828125,1066803,54.610363141563006,41.33599514262278,3360.139990234375,3367.585757828325,3396.89990234375
2023-07-27,TCS,3394.949951171875,3411.64990234375,3385.050048828125,3396.89990234375,1701769,55.51950327854388,38.57389154301927,3369.2124877929687,3370.3775811155083,3355.39990234375
2023-07-28,TCS,3385.0,3393.699951171875,3331.0,3355.39990234375,2599831,50.28523112034053,32.659720443125025,3371.869982910156,3368.951135518198,3421.449951171875
2023-07-31,TCS,3364.39990234375,3426.64990234375,3360.89990234375,3421.449951171875,2743678,57.20118656417767,32.922869824731606,3379.3274780273437,3373.9510227233104,3452.050048828125
2023-08-01,TCS,3415.0,3460.0,3415.0,3452.050048828125,1956167,59.978916127371996,35.19488502421291,3386.4874755859373,3381.3890252094834,3440.64990234375
2023-08-02,TCS,3434.949951171875,3446.39990234375,3413.60009765625,3440.64990234375,1914899,58.45673924667602,35.66445920711385,3392.5224731445314,3387.0329182698897,3399.949951171875
2023-08-03,TCS,3420.0,3433.25,3368.0,3399.949951171875,2026351,53.25994675476767,32.379206872802115,3396.3749755859376,3388.2631118796025,3443.550048828125
2023-08-04,TCS,3401.25,3471.0,3401.25,3443.550048828125,2248493,57.607710337102574,32.91436788405008,3402.089978027344,3393.5285344461286,3484.050048828125
2023-08-07,TCS,3453.949951171875,3488.0,3441.25,3484.050048828125,1853889,61.21660940742026,36.18933029589334,3412.6949829101563,3402.149631053938,3470.60009765625
2023-08-08,TCS,3484.050048828125,3489.949951171875,3456.60009765625,3470.60009765625,1634225,59.40784489679809,37.26983943908681,3422.6049926757814,3408.6687231113006,3462.5
2023-08-09,TCS,3464.89990234375,3467.0,3425.050048828125,3462.5,1794589,58.29080915123638,37.04550303523183,3432.734997558594,3413.7955113864145,3442.10009765625
2023-08-10,TCS,3450.0,3464.89990234375,3430.050048828125,3442.10009765625,1096701,55.462386275542755,34.82022728359061,3437.8125,3416.4911862692556,3448.800048828125
2023-08-11,TCS,3438.10009765625,3466.64990234375,3414.0,3448.800048828125,1679974,56.21385209168378,33.21443495304038,3434.5200073242186,3419.5682207986715,3449.85009765625
2023-08-14,TCS,3440.699951171875,3455.0,3411.0,3449.85009765625,1190425,56.33819085753975,31.661588048407793,3432.4275146484374,3422.452209070822,3458.39990234375
2023-08-16,TCS,3450.0,3466.0,3435.199951171875,3458.39990234375,1328445,57.39896123674851,30.7661899865343,3430.5050048828125,3425.8757989063392,3435.75
2023-08-17,TCS,3455.0,3460.800048828125,3413.199951171875,3435.75,1843241,53.6783552476141,27.90722562019164,3428.790002441406,3426.8161990104977,3367.10009765625
2023-08-18,TCS,3410.0,3410.0,3356.5,3367.10009765625,2526749,44.30454421561299,19.872919726031796,3423.9800048828124,3421.1289512624744,3401.64990234375
2023-08-21,TCS,3375.0,3409.75,3372.0,3401.64990234375,1375579,49.120172742309876,16.107873376892258,3425.647497558594,3419.2738037464055,3382.14990234375
2023-08-22,TCS,3400.0,3411.0,3365.050048828125,3382.14990234375,1222012,46.66759740461255,11.41892967455351,3425.0174926757813,3415.7381940890095,3398.25
2023-08-23,TCS,3388.0,3402.0,3376.0,3398.25,1330046,48.93467884343772,8.899463855560953,3424.9724975585937,3414.072651794818,3387.75
2023-08-24,TCS,3408.0,3413.050048828125,3378.10009765625,3387.75,1152881,47.516072235541245,5.986498169961578,3424.9449951171873,3411.565732576264,3381.300048828125
2023-08-25,TCS,3375.0,3385.800048828125,3350.25,3381.300048828125,1158046,46.62196901606761,3.1215118764230283,3424.165002441406,3408.683286505013,3375.550048828125
2023-08-28,TCS,3394.0,3394.0,3360.10009765625,3375.550048828125,1037485,45.79467813570212,0.3826022518396712,3425.172509765625,3405.527740059595,3376.14990234375
2023-08-29,TCS,3381.050048828125,3389.550048828125,3365.0,3376.14990234375,944517,45.90252478817356,-1.71977568927241,3422.907507324219,3402.729850753324,3390.949951171875
2023-08-30,TCS,3398.0,3408.10009765625,3383.050048828125,3390.949951171875,1188200,48.61878715306394,-2.166708634746101,3419.852502441406,3401.607955555091,3356.800048828125
2023-08-31,TCS,3401.0,3417.39990234375,3343.64990234375,3356.800048828125,3417652,43.22558608934928,-5.216386672042972,3415.660009765625,3397.3405358668088,3379.199951171875
2023-09-01,TCS,3366.0,3389.0,3356.800048828125,3379.199951171875,1277950,47.351056651126,-5.759402763050275,3414.622509765625,3395.612861133958,3418.5
2023-09-04,TCS,3378.0,3432.85009765625,3370.050048828125,3418.5,1828332,53.70684287363109,-2.984161870705975,3413.370007324219,3397.79258864501,3429.35009765625
2023-09-05,TCS,3420.0,3447.0,3405.14990234375,3429.35009765625,1501842,55.31085236446562,0.08971456021254198,3410.635009765625,3400.7980656936998,3429.89990234375
2023-09-06,TCS,3434.0,3443.89990234375,3398.10009765625,3429.89990234375,1314818,55.395191915198296,2.5408589804737858,3408.6,3403.569669184181,3455.25
2023-09-07,TCS,3430.800048828125,3460.0,3422.300048828125,3455.25,1885092,59.21696289412004,6.454545630117991,3408.2375,3408.491605452354,3441.89990234375
2023-09-08,TCS,3455.25,3465.0,3435.050048828125,3441.89990234375,1518917,56.472788515069496,8.382303213470095,3408.227490234375,3411.6733480134394,3480.64990234375
2023-09-11,TCS,3462.0,3485.699951171875,3445.0,3480.64990234375,1783604,61.980198064826396,12.888297864660217,3409.8199829101563,3418.242543663945,3580.800048828125
2023-09-12,TCS,3492.0,3589.89990234375,3483.0,3580.800048828125,4476016,71.88235890499134,24.260945839535452,3416.36748046875,3433.724210822438,3567.85009765625
2023-09-13,TCS,3571.10009765625,3588.85009765625,3545.0,3567.85009765625,1754929,69.3665846772002,31.861617568652946,3421.839990234375,3446.498104806611,3560.050048828125
2023-09-14,TCS,3570.050048828125,3597.699951171875,3545.60009765625,3560.050048828125,2604721,67.82678422082589,36.83123833231457,3428.0549926757812,3457.312575665803,3598.300048828125
2023-09-15,TCS,3567.85009765625,3607.35009765625,3562.449951171875,3598.300048828125,2952897,71.20265199625715,43.35636869321979,3439.614990234375,3470.7399540622146,3606.14990234375
2023-09-18,TCS,3580.050048828125,3619.300048828125,3575.25,3606.14990234375,1395753,71.8553343139414,48.600759784141246,3449.839990234375,3483.636139612837,3606.050048828125
2023-09-20,TCS,3580.0,3625.0,3580.0,3606.050048828125,1649396,71.83303148065554,52.14779286798512,3461.0349975585937,3495.2946071571496,3585.300048828125
2023-09-21,TCS,3588.550048828125,3605.0,3528.0,3585.300048828125,2004073,67.16751498805738,52.677259895293446,3470.3875,3503.8665539829567,3603.64990234375
2023-09-22,TCS,3584.0,3633.75,3565.050048828125,3603.64990234375,1989083,69.08006703206223,53.95557981371485,3481.1824951171875,3513.369730017318,3577.14990234375
2023-09-25,TCS,3602.5,3620.0,3558.64990234375,3577.14990234375,1238778,63.341592714475006,52.22827399693779,3490.974987792969,3519.444032143645,3585.699951171875
2023-09-26,TCS,3567.60009765625,3594.949951171875,3536.0,3585.699951171875,1726062,64.37000408312437,50.96183289034525,3501.4824829101562,3525.754119670143,3589.300048828125
2023-09-27,TCS,3590.0,3614.0,3555.699951171875,3589.300048828125,1541134,64.81756234002853,49.676032601173574,3512.139990234375,3531.806112923284,3536.75
2023-09-28,TCS,3600.0,3602.800048828125,3527.35009765625,3536.75,1755753,54.129245889938446,43.91050389144584,3519.4299926757812,3532.276959311543,3528.60009765625
2023-09-29,TCS,3537.199951171875,3568.449951171875,3505.550048828125,3528.60009765625,2243791,52.67842644566679,38.24281250578815,3528.0199951171876,3531.926782011039,3513.85009765625
2023-10-03,TCS,3534.199951171875,3534.199951171875,3480.10009765625,3513.85009765625,1948148,50.06311417744147,32.189859853141115,3534.7525024414062,3530.2051930248685,3537.75
2023-10-04,TCS,3486.300048828125,3548.0,3477.300048828125,3537.75,1788138,54.04435469780126,28.987226937854757,3540.7150024414063,3530.9237460701193,3589.35009765625
2023-10-05,TCS,3554.0,3624.0,3551.199951171875,3589.35009765625,2990768,61.23092223109982,30.26394994332486,3548.7150024414063,3536.4881605068936,3621.39990234375
2023-10-06,TCS,3591.0,3634.949951171875,3575.050048828125,3621.39990234375,2075691,64.90223703852553,33.47602275808458,3558.290002441406,3544.5749930627844,3638.35009765625
2023-10-09,TCS,3645.050048828125,3679.0,3631.0,3638.35009765625,4233074,66.6983588832869,36.96326321898732,3567.4450073242188,3553.5059554050194,3628.89990234375
2023-10-10,TCS,3640.050048828125,3648.0,3601.35009765625,3628.89990234375,1848148,64.7100722007112,38.52033616805329,3576.7950073242187,3560.686331303946,3609.89990234375
2023-10-11,TCS,3650.0,3650.0,3605.0,3609.89990234375,2426417,60.78661164294709,37.78561741113299,3583.2575073242188,3565.3733380696417,3542.550048828125
2023-10-12,TCS,3575.0,3588.64990234375,3538.10009765625,3542.550048828125,4241281,49.36164867153753,31.406739843511787,3581.345007324219,3563.1996914752117,3570.85009765625
2023-10-13,TCS,3530.0,3577.0,3525.0,3570.85009765625,2890357,53.330924470534924,28.308685931026048,3581.495007324219,3563.9283015876917,3524.050048828125
2023-10-16,TCS,3566.0,3574.64990234375,3519.10009765625,3524.050048828125,1671104,46.79806363302493,21.825492378760828,3579.6950073242188,3560.130372753447,3507.050048828125
2023-10-17,TCS,3530.0,3534.14990234375,3503.35009765625,3507.050048828125,1672065,44.65807440894158,15.141218314976868,3575.1325073242188,3555.075103808178,3487.25
2023-10-18,TCS,3511.0,3522.699951171875,3484.0,3487.25,1408245,42.23557258680571,8.15221088481212,3569.1875122070314,3548.615570112161,3455.64990234375
2023-10-19,TCS,3469.5,3476.85009765625,3451.89990234375,3455.64990234375,1514545,38.63363230360025,0.0627846135598702,3561.6675048828124,3539.7616969913597,3494.550048828125
2023-10-20,TCS,3450.39990234375,3499.5,3444.050048828125,3494.550048828125,1481211,44.866929029084105,-3.172654877853347,3557.1300048828125,3535.4558257377184,3410.14990234375
2023-10-23,TCS,3473.0,3478.949951171875,3401.300048828125,3410.14990234375,1106272,36.260903158669414,-12.404162975260078,3547.4550048828123,3523.5219282716266,3390.10009765625
2023-10-25,TCS,3390.5,3425.0,3377.199951171875,3390.10009765625,1518537,34.56476382487362,-21.094882650860654,3538.1025146484376,3510.8150872606384,3336.75
2023-10-26,TCS,3368.050048828125,3373.699951171875,3330.0,3336.75,1984471,30.479330827740867,-31.919301780666046,3525.6550170898436,3494.2374599024824,3350.949951171875
2023-10-27,TCS,3350.0,3362.0,3337.0,3350.949951171875,1108851,32.75749337890741,-38.90345967457279,3513.737512207031,3480.5910304995678,3378.550048828125
2023-10-30,TCS,3350.0,3382.85009765625,3333.75,3378.550048828125,910972,37.073785432369945,-41.73031679067299,3505.8275146484375,3470.872841768954,3368.75
2023-10-31,TCS,3399.0,3399.0,3350.050048828125,3368.75,999811,36.18559727561229,-44.25130199566502,3497.835009765625,3461.1468568385776,3330.64990234375
2023-11-01,TCS,3355.0,3371.60009765625,3311.0,3330.64990234375,1563475,32.8868927208854,-48.76146854200533,3488.675,3448.718575458118,3360.10009765625
2023-11-02,TCS,3343.199951171875,3375.949951171875,3343.199951171875,3360.10009765625,1245384,37.620541676467596,-49.390085229542365,3479.7925048828124,3440.278720429368,3350.89990234375
2023-11-03,TCS,3382.0,3387.89990234375,3344.300048828125,3350.89990234375,1402598,36.748530150604495,-50.053659921577946,3467.8699951171875,3431.766452040262,3380.25
2023-11-06,TCS,3375.0,3392.300048828125,3359.0,3380.25,1099852,41.41392863537743,-47.66182421288386,3455.8125,3426.8601232745227,3370.449951171875
2023-11-07,TCS,3378.0,3404.14990234375,3366.0,3370.449951171875,1191144,40.34389046493953,-46.02649444207236,3442.4174926757814,3421.4877259314135,3381.550048828125
2023-11-08,TCS,3371.449951171875,3401.949951171875,3369.550048828125,3381.550048828125,992899,42.16658918681587,-43.33525683775224,3430.05,3417.684137635862,3347.449951171875
2023-11-09,TCS,3390.10009765625,3391.5,3342.050048828125,3347.449951171875,2112352,38.295596858218886,-43.45312397688576,3416.9275024414064,3410.9951674964345,3333.449951171875
2023-11-10,TCS,3338.0,3347.449951171875,3322.35009765625,3333.449951171875,1338557,36.80183816626558,-44.16708684684045,3406.4724975585937,3403.6099087988573,3331.550048828125
2023-11-13,TCS,3356.0,3356.0,3327.0,3331.550048828125,1030990,36.593235268604104,-44.37469000204101,3394.5074951171873,3396.747064992121,3404.300048828125
2023-11-15,TCS,3383.10009765625,3413.0,3356.050048828125,3404.300048828125,2059802,48.60614969402196,-38.228228770336955,3388.5199951171876,3397.4663967860265,3497.85009765625
2023-11-16,TCS,3430.050048828125,3529.35009765625,3414.199951171875,3497.85009765625,3951984,59.287696906136496,-25.514293952709068,3388.0599975585938,3407.0267492498574,3502.449951171875
2023-11-17,TCS,3497.85009765625,3524.5,3492.550048828125,3502.449951171875,2021292,59.730876598218984,-14.895532844173431,3388.8199951171873,3416.1146732424304,3519.60009765625
2023-11-20,TCS,3491.25,3533.89990234375,3491.25,3519.60009765625,1475621,61.41725792863533,-5.038138149624956,3392.0175048828123,3425.9704279485086,3510.199951171875
2023-11-21,TCS,3519.60009765625,3539.050048828125,3501.0,3510.199951171875,1807236,59.93569325648187,1.9924373262638255,3392.8,3433.992287303115,3530.14990234375
2023-11-22,TCS,3500.0,3532.64990234375,3481.10009765625,3530.14990234375,1798051,62.029188456120586,9.069466213376472,3398.8,3443.150155402223,3508.25
2023-11-23,TCS,3530.0,3544.0,3500.0,3508.25,2729804,58.42038072419368,12.763790468298339,3404.7074951171876,3449.3501406020114,3457.10009765625
2023-11-24,TCS,3494.25,3504.550048828125,3453.0,3457.10009765625,1989733,50.962646047522675,11.432413666604134,3410.725,3450.088231750034,3470.14990234375
2023-11-28,TCS,3457.10009765625,3481.25,3433.0,3470.14990234375,1689195,52.62430549579416,11.300038327908169,3416.6849975585938,3451.9988670446737,3513.75
2023-11-29,TCS,3481.0,3518.0,3475.800048828125,3513.75,1441634,57.77274884712982,14.545620558455084,3423.4449951171873,3457.879927326133,3487.60009765625
2023-11-30,TCS,3499.449951171875,3516.64990234375,3481.0,3487.60009765625,3266235,53.98353625554294,14.836661485924651,3429.3875,3460.710419738525,3511.64990234375
2023-12-01,TCS,3500.0,3516.949951171875,3490.050048828125,3511.64990234375,1172141,56.79046688367573,16.814109179258594,3438.4375,3465.5617990342607,3512.449951171875
2023-12-04,TCS,3544.64990234375,3547.800048828125,3498.0,3512.449951171875,1625213,56.88468612727579,18.235599339193413,3446.0549926757812,3470.027337333081,3531.60009765625
2023-12-05,TCS,3538.0,3538.0,3502.800048828125,3531.60009765625,1377656,59.1791557505807,20.669136371067452,3455.0900024414063,3475.8914097448114,3604.10009765625
2023-12-06,TCS,3532.60009765625,3612.85009765625,3525.14990234375,3604.10009765625,1896572,66.45700681597614,28.12368377357825,3466.282507324219,3488.101760974472,3614.89990234375
2023-12-07,TCS,3605.0,3630.550048828125,3591.699951171875,3614.89990234375,1967653,67.38969947962742,34.50516620049075,3478.5050048828125,3500.177774438213,3626.699951171875
2023-12-08,TCS,3633.0,3645.0,3602.050048828125,3626.699951171875,1641155,68.4228469235716,40.052996313842414,3490.7625,3512.2275055557047,3642.89990234375
2023-12-11,TCS,3622.89990234375,3653.0,3615.0,3642.89990234375,1102503,69.83575699186174,45.23544625324075,3505.5349975585937,3524.672495725995,3672.10009765625
2023-12-12,TCS,3638.949951171875,3698.39990234375,3631.0,3672.10009765625,2236866,72.24632189199245,51.10962692865769,3522.4675048828126,3538.7132197193523,3593.550048828125
2023-12-13,TCS,3643.550048828125,3650.0,3563.0,3593.550048828125,3850968,58.66477611777614,48.863358583465924,3535.5675048828125,3543.935774872569,3667.25
2023-12-14,TCS,3630.0,3678.0,3627.60009765625,3667.25,3290396,65.26305292704242,52.425812724636216,3548.7150024414063,3555.679986789467,3861.0
2023-12-15,TCS,3666.699951171875,3895.949951171875,3666.699951171875,3861.0,8531230,76.07529949633805,70.07530457057192,3566.8724975585938,3584.7580832857084,3859.199951171875
2023-12-18,TCS,3858.10009765625,3929.0,3830.14990234375,3859.199951171875,2521612,75.83911856596336,82.96108141433979,3584.709997558594,3610.895404036772,3816.199951171875
2023-12-19,TCS,3845.0,3855.10009765625,3790.0,3816.199951171875,2004435,70.23002320929285,88.68115066328164,3599.539990234375,3630.4482180496393,3780.050048828125
2023-12-20,TCS,3827.25,3898.800048828125,3766.550048828125,3780.050048828125,2586083,65.82247462324979,89.26832210254452,3613.0324951171874,3644.6960114571143,3787.5
2023-12-21,TCS,3756.25,3806.699951171875,3743.35009765625,3787.5,1517562,66.2919778147842,89.30535198915231,3625.9,3658.2963913183416,3824.0
2023-12-22,TCS,3800.0,3845.949951171875,3762.0,3824.0,2413058,68.57004151206115,91.22832011126229,3641.6875,3674.0776873832615,3795.550048828125
2023-12-26,TCS,3819.85009765625,3834.0,3790.14990234375,3795.550048828125,1285231,64.8889494465264,89.42576831731003,3658.609997558594,3685.6464837113435,3811.199951171875
2023-12-27,TCS,3799.0,3818.199951171875,3768.0,3811.199951171875,1293976,65.97114173490907,88.24284082163695,3675.6625,3697.6039568028227,3799.89990234375
2023-12-28,TCS,3824.0,3838.0,3792.10009765625,3799.89990234375,1682889,64.427018297797,85.40900095900406,3689.9699951171874,3707.3464278067204,3793.39990234375
2023-12-29,TCS,3792.0,3822.60009765625,3765.39990234375,3793.39990234375,1574996,63.50622524515553,81.69691558561362,3705.2599853515626,3715.5419968102474,3811.10009765625
2024-01-01,TCS,3790.0,3832.0,3773.0,3811.10009765625,825907,64.97424173103875,79.26954900078545,3720.2324951171877,3724.6427683193906,3783.199951171875
2024-01-02,TCS,3811.10009765625,3811.10009765625,3767.25,3783.199951171875,1344068,60.82107518536724,74.23875666918048,3733.7699951171876,3730.21964287677,3691.75
2024-01-03,TCS,3767.0,3771.85009765625,3687.050048828125,3691.75,1803075,49.62427390795691,62.15607418860873,3741.777490234375,3726.555867364697,3666.800048828125
2024-01-04,TCS,3701.75,3719.0,3651.0,3666.800048828125,3598144,47.07786835492758,49.99094424067653,3744.912487792969,3720.8648370278806,3737.89990234375
2024-01-05,TCS,3675.0,3747.75,3674.85009765625,3737.89990234375,1963127,54.278026913552694,45.56194533980306,3751.0624877929686,3722.4872242008205,3678.300048828125
2024-01-08,TCS,3737.89990234375,3739.75,3672.39990234375,3678.300048828125,1067805,48.34084763997692,36.818303238557746,3753.6424926757813,3718.2789217843733,3689.89990234375
2024-01-09,TCS,3709.949951171875,3752.35009765625,3682.75,3689.89990234375,1370944,49.49869343021499,30.47363402955807,3755.9924926757812,3715.5761580281232,3713.050048828125
2024-01-10,TCS,3690.0,3729.25,3688.0,3713.050048828125,1292227,51.81961075932147,27.002196801550326,3758.039990234375,3715.3355761995517,3735.550048828125
2024-01-11,TCS,3724.0,3773.0,3707.0,3735.550048828125,1777909,54.03085609970669,25.769564251953398,3765.139990234375,3717.26076406894,3882.800048828125
2024-01-12,TCS,3848.0,3905.25,3821.60009765625,3882.800048828125,6813450,65.26600500225929,36.25659499797348,3775.9174926757814,3733.0264102364813,3903.800048828125
2024-01-15,TCS,3960.0,3965.0,3885.0,3903.800048828125,2801505,66.52264876581083,45.73496273348246,3778.0574951171875,3749.2905662928283,3861.300048828125
2024-01-16,TCS,3899.0,3899.0,3855.550048828125,3861.300048828125,1432672,61.66059795060115,49.249524774311794,3778.1625,3759.9581360580946,3884.60009765625
2024-01-17,TCS,3819.0,3909.949951171875,3812.550048828125,3884.60009765625,3458696,63.2465871225255,53.300544231059575,3781.5825073242186,3771.8287990674426,3902.60009765625
2024-01-18,TCS,3898.0,3908.800048828125,3862.0,3902.60009765625,2239110,64.46939395126239,57.30290370023704,3787.710009765625,3784.2832084568527,3943.050048828125
2024-01-19,TCS,3945.0,3963.550048828125,3915.050048828125,3943.050048828125,2941975,67.11704756210068,63.01240760916926,3795.487512207031,3799.4038599207834,3858.25
2024-01-23,TCS,3900.0,3933.89990234375,3842.75,3858.25,2618854,57.45157153801295,60.00289928248094,3797.2000122070312,3805.0082542140417,3841.800048828125
2024-01-24,TCS,3880.0,3883.64990234375,3805.60009765625,3841.800048828125,2657709,55.773646187569064,55.64898184720505,3799.5125122070312,3808.512234653478,3810.300048828125
2024-01-25,TCS,3839.89990234375,3861.0,3778.699951171875,3810.300048828125,2205154,52.60531224972528,49.09079602928614,3799.4675170898436,3808.6825026701113,3801.0
2024-01-29,TCS,3800.800048828125,3820.0,3780.85009765625,3801.0,1646747,51.67202200398826,42.65129274942137,3799.5225219726562,3807.950835749148,3800.550048828125
2024-01-30,TCS,3807.449951171875,3847.800048828125,3787.0,3800.550048828125,1411621,51.62430137565152,37.084149713031366,3799.880029296875,3807.245998899527,3815.949951171875
2024-01-31,TCS,3811.199951171875,3834.0,3796.449951171875,3815.949951171875,2459358,53.21679581026572,33.52829880638046,3800.122521972656,3808.0749467349888,3854.14990234375
2024-02-01,TCS,3820.0,3904.89990234375,3805.050048828125,3854.14990234375,2363107,56.998309897832215,33.4075764082545,3803.67001953125,3812.4630377453473,3966.300048828125
2024-02-02,TCS,3875.050048828125,3984.39990234375,3872.0,3966.300048828125,2826510,65.7510613722514,41.8787306431409,3817.3975219726562,3827.1141816579925,3973.300048828125
2024-02-05,TCS,3983.0,4022.0,3962.10009765625,3973.300048828125,1691523,66.21332256549015,48.59682891100783,3832.722521972656,3841.0366451980053,4136.0
2024-02-06,TCS,3997.0,4149.89990234375,3990.0,4136.0,4474396,74.74540133058095,66.28539968260793,3852.6275268554687,3869.128393274386,4083.39990234375
2024-02-07,TCS,4153.0,4155.0,4073.949951171875,4083.39990234375,2124267,68.70479888195777,75.1925581700284,3872.88251953125,3889.5352036619443,4134.10009765625
2024-02-08,TCS,4090.0,4158.0,4086.050048828125,4134.10009765625,2345173,71.12692411386746,85.35866591963122,3895.092529296875,3912.8270983280686,4133.7001953125
2024-02-09,TCS,4136.5498046875,4184.75,4100.0,4133.7001953125,2100596,71.08019404165537,92.31891578241493,3916.125036621094,3933.8626313742047,4120.7001953125
2024-02-12,TCS,4130.0,4159.60009765625,4105.5498046875,4120.7001953125,1013716,69.4820744107088,95.68299854348652,3935.3825439453126,3951.656685082614,4149.5
2024-02-13,TCS,4125.4501953125,4170.0,4081.5,4149.5,1257415,71.0357279310939,99.52569169553908,3948.7175415039064,3970.4989055509363,4100.10009765625
2024-02-14,TCS,4107.0,4114.89990234375,4049.5,4100.10009765625,1391283,64.92963568471403,97.46141985624399,3958.5325439453127,3982.841876227633,4103.2001953125
2024-02-15,TCS,4128.0,4146.2998046875,4083.0,4103.2001953125,1091582,65.13219169919313,94.98074264582783,3970.627551269531,3994.3045732833343,4128.2998046875
2024-02-16,TCS,4113.25,4147.9501953125,4100.10009765625,4128.2998046875,1307556,66.80392822660943,93.95703854056364,3982.812536621094,4007.066023893255,4103.7998046875
2024-02-19,TCS,4123.0498046875,4128.2998046875,4055.0,4103.7998046875,772291,63.598585701390064,90.12983972828488,3992.872521972656,4016.2787649212783,4030.64990234375
2024-02-20,TCS,4082.10009765625,4098.0,4010.0,4030.64990234375,1193648,55.09813940744648,80.26888161456691,3997.2525146484377,4017.6474446757998,3991.5
2024-02-21,TCS,4013.0,4063.35009765625,3980.60009765625,3991.5,1885939,51.15717561562034,68.50524550814043,4003.9150146484376,4015.1572118495333,4087.10009765625
2024-02-22,TCS,3971.0,4094.949951171875,3971.0,4087.10009765625,2982052,58.889807828375034,66.13425355108984,4016.1800170898437,4022.0089152596966,4052.10009765625
2024-02-23,TCS,4130.0,4130.0,4046.39990234375,4052.10009765625,2538072,55.4298959332306,60.73094927076727,4028.27001953125,4024.8747421546063,4001.050048828125
2024-02-26,TCS,4036.0,4050.0,3982.75,4001.050048828125,1379284,50.74666859150944,51.73313205891691,4038.2725219726562,4022.6057237425603,4104.39990234375
2024-02-27,TCS,3999.0,4124.0,3999.0,4104.39990234375,2960475,58.4080762664288,52.33844156587793,4053.4650146484373,4030.395645514102,4118.9501953125
2024-02-28,TCS,4095.60009765625,4154.89990234375,4089.0,4118.9501953125,1939225,59.36638399279002,53.37694456096506,4068.615026855469,4038.829412161568,4095.10009765625
2024-02-29,TCS,4099.0,4138.10009765625,4064.550048828125,4095.10009765625,3772719,57.0461826344443,51.67973034737588,4080.6625366210938,4044.1885250658233,4094.35009765625
2024-03-01,TCS,4107.2001953125,4140.0,4086.800048828125,4094.35009765625,2043265,56.97077887106706,49.70123225584712,4087.0650390625,4048.965817693483,4080.699951171875
2024-03-04,TCS,4105.0,4117.89990234375,4075.89990234375,4080.699951171875,1749271,55.53207611325293,46.49583053004562,4092.4350341796876,4051.988116119997,4012.10009765625
2024-03-05,TCS,4062.0,4064.0,3980.0,4012.10009765625,2070859,48.85483539204248,37.98225589997992,4086.2400390625,4048.189257218688,4064.300048828125
2024-03-06,TCS,3994.050048828125,4072.0,3958.449951171875,4064.300048828125,1744204,53.442333709123474,35.04332879440881,4085.285046386719,4049.7236183243485,4108.60009765625
2024-03-07,TCS,4065.0,4124.0,4037.699951171875,4108.60009765625,2688905,56.96980466295273,35.87530343252229,4084.010046386719,4055.330902070244,4122.35009765625
2024-03-11,TCS,4089.0,4153.0,4089.0,4122.35009765625,2304068,58.03264258927346,37.21516614406346,4083.4425415039063,4061.7136826022443,4192.25
2024-03-12,TCS,4122.35009765625,4229.9501953125,4121.0498046875,4192.25,4039801,63.03163546678601,43.41687226008253,4087.0200317382814,4074.145712830602,4149.0
2024-03-13,TCS,4205.0,4241.0,4131.89990234375,4149.0,2837260,58.39660374689106,44.330837197019264,4086.9950317382813,4081.274692561021,4207.60009765625
2024-03-14,TCS,4153.4501953125,4225.0,4086.0,4207.60009765625,2919608,62.42799892657638,49.21636353104941,4092.3700317382813,4093.305683522471,4219.25
2024-03-15,TCS,4192.60009765625,4239.0,4177.0,4219.25,3373143,63.19162691479112,53.41252180272795,4098.172521972656,4105.300380329854,4152.5
2024-03-18,TCS,4215.25,4254.75,4117.85009765625,4152.5,1526904,56.149885757743604,50.76663416027941,4099.382531738282,4109.795582203202,3977.300048828125
2024-03-19,TCS,4051.25,4058.0,3966.60009765625,3977.300048828125,8931209,42.70006608474278,34.13904364424843,4093.0575439453123,4097.176959977004,3970.89990234375
2024-03-20,TCS,3986.0,4018.0,3960.199951171875,3970.89990234375,1817913,42.301442146987405,20.21212721106349,4090.0700439453126,4085.1505735357414,3972.949951171875
2024-03-21,TCS,3990.050048828125,4008.39990234375,3948.0,3972.949951171875,3829582,42.48665130495872,9.233924473790466,4089.142541503906,4074.464799977278,3910.89990234375
2024-03-22,TCS,3897.0,3938.0,3855.0,3910.89990234375,5852485,38.46230444325415,-4.422322870461812,4080.3325317382814,4058.8871906788468,3877.5
2024-03-26,TCS,3875.0,3946.699951171875,3871.449951171875,3877.5,3440925,36.46036180182511,-17.73564479015613,4071.6025268554686,4041.612220138004,3840.89990234375
2024-03-27,TCS,3888.5,3895.0,3829.39990234375,3840.89990234375,1968575,34.3504216721372,-30.88386041160993,4063.59501953125,4022.496761300456,3876.300048828125
2024-03-28,TCS,3850.10009765625,3915.0,3840.5,3876.300048828125,4311783,38.082656585045704,-38.00927281243867,4052.1900268554687,4008.5732648745197,3916.75
2024-04-01,TCS,3897.699951171875,3933.300048828125,3888.050048828125,3916.75,1569676,42.13102864439384,-39.931930037982056,4042.0800170898438,3999.8281920293275,3883.800048828125
2024-04-02,TCS,3890.0,3909.85009765625,3873.0,3883.800048828125,2142666,39.84558872275074,-43.61170681771091,4031.5150146484375,3988.777892676832,3947.300048828125
2024-04-03,TCS,3851.0,3981.0,3851.0,3947.300048828125,3973090,45.932634759268105,-40.93219623980394,4024.1625122070313,3984.827621834098,4003.300048828125
2024-04-04,TCS,3975.89990234375,4028.64990234375,3935.25,4003.300048828125,3394637,50.67310942871553,-33.89916434839779,4020.292517089844,3986.5869005954337,3979.25
2024-04-05,TCS,3978.0,4002.0,3960.5,3979.25,1636819,48.69835308856035,-29.921161327477876,4018.650012207031,3985.8881481577732,3972.550048828125
2024-04-08,TCS,3983.0,4032.64990234375,3960.0,3972.550048828125,2302538,48.13556820515065,-26.99797943787553,4014.0625122070314,3984.617852983521,3946.550048828125
2024-04-09,TCS,3984.0,4015.85009765625,3925.050048828125,3946.550048828125,1876992,45.917900043870254,-26.474142009407842,4005.960009765625,3980.9923478258643,3984.64990234375
2024-04-10,TCS,3956.39990234375,3990.199951171875,3918.0,3984.64990234375,2101965,49.58344276896603,-22.722723891733494,3999.075,3981.340686351377,4001.39990234375
2024-04-12,TCS,3971.0,4013.35009765625,3945.5,4001.39990234375,4354821,51.150976219561,-18.188447886242557,3989.5324951171874,3983.2510878744597,3941.199951171875
2024-04-15,TCS,4001.39990234375,4064.199951171875,3919.050048828125,3941.199951171875,4200329,45.65665854512859,-19.230951988115976,3979.1424926757813,3979.246217712309,3872.800048828125
2024-04-16,TCS,3902.0,3928.699951171875,3862.85009765625,3872.800048828125,3051420,40.352955347444755,-25.284975024263076,3962.402490234375,3969.1084873423865,3862.0
2024-04-18,TCS,3876.800048828125,3936.0,3850.0,3862.0,3476284,39.57130878252374,-30.601549958823853,3944.539990234375,3958.9076790240642,3826.199951171875
2024-04-19,TCS,3838.0,3852.550048828125,3800.89990234375,3826.199951171875,2957749,37.01201363269005,-37.27406640998197,3928.224987792969,3946.268847800046,3864.60009765625
2024-04-22,TCS,3837.0,3878.0,3812.0,3864.60009765625,1728883,41.390668104184236,-39.013786230113055,3922.589990234375,3938.490871595875,3874.699951171875
2024-04-23,TCS,3877.050048828125,3895.0,3860.60009765625,3874.699951171875,1807586,42.522412516828425,-39.12652670640364,3917.779992675781,3932.4155458412083,3831.050048828125
2024-04-24,TCS,3890.0,3898.0,3824.449951171875,3831.050048828125,1317312,39.01589474692062,-42.251013286971556,3910.6849975585938,3922.7616889828196,3852.199951171875
2024-04-25,TCS,3811.199951171875,3873.64990234375,3811.0,3852.199951171875,2856271,41.531763138466374,-42.530308132792925,3907.75,3916.0415234770153,3821.35009765625
2024-04-26,TCS,3855.14990234375,3876.800048828125,3802.550048828125,3821.35009765625,2039178,39.004145083563884,-44.72540998039176,3904.9425048828125,3907.0232924464663,3870.199951171875
2024-04-29,TCS,3838.0,3877.800048828125,3819.199951171875,3870.199951171875,1110693,44.739265923938156,-42.038673426918194,3906.407507324219,3903.5163075631717,3820.64990234375
2024-04-30,TCS,3872.0,3881.75,3810.0,3820.64990234375,2203078,40.57214830336313,-43.40731764707334,3903.625,3895.624268970846,3863.300048828125
2024-05-02,TCS,3778.050048828125,3871.10009765625,3778.050048828125,3863.300048828125,2491044,45.29530775945095,-40.5826560755404,3900.952502441406,3892.545771814396,3843.39990234375
2024-05-03,TCS,3890.14990234375,3893.60009765625,3797.60009765625,3843.39990234375,2962234,43.555866896189315,-39.49459779944027,3898.9324951171875,3887.8652128171916,3921.050048828125
2024-05-06,TCS,3853.0,3939.949951171875,3853.0,3921.050048828125,2053831,51.39873196656805,-31.997735922836,3897.6199951171875,3891.0256733896613,3978.949951171875
2024-05-07,TCS,3930.800048828125,3988.0,3913.5,3978.949951171875,2062112,56.277206811859,-21.140683998669374,3896.402490234375,3899.3994141308244,3976.949951171875
2024-05-08,TCS,3961.0,3984.300048828125,3938.60009765625,3976.949951171875,1247685,56.06784994041313,-12.553071419922162,3896.287487792969,3906.7851795633055,3960.199951171875
2024-05-09,TCS,3962.0,3971.0,3910.050048828125,3960.199951171875,1726486,54.24770669653268,-7.018012317827015,3895.6699829101562,3911.8723006688833,3893.89990234375
2024-05-10,TCS,3962.60009765625,3973.60009765625,3885.050048828125,3893.89990234375,1672489,47.65339818278338,-7.890342986887845,3893.0374755859375,3910.1606436855373,3947.800048828125
2024-05-13,TCS,3884.5,3955.0,3870.0,3947.800048828125,931326,52.688574602023714,-4.184147717604446,3891.1949829101563,3913.7453489372124,3901.199951171875
2024-05-14,TCS,3936.0,3945.800048828125,3892.89990234375,3901.199951171875,1058317,48.35772022658878,-4.950137587837162,3886.1849853515623,3912.5505491500376,3880.39990234375
2024-05-15,TCS,3904.5,3926.949951171875,3875.5,3880.39990234375,1115021,46.519675729344556,-7.153123431569384,3883.144982910156,3909.488582787534,3900.949951171875
2024-05-16,TCS,3891.10009765625,3909.5,3843.5,3900.949951171875,2599399,48.59841444808666,-7.1582722808934705,3884.5524780273436,3908.675379776519,3834.10009765625
2024-05-17,TCS,3919.0,3920.0,3830.0,3834.10009765625,2765804,42.77393208905576,-12.4134823745635,3883.1574829101564,3901.572971955541,3820.199951171875
2024-05-21,TCS,3830.60009765625,3844.75,3810.050048828125,3820.199951171875,1908117,41.655997551654984,-17.498191627621054,3882.8574829101562,3893.823160452335,3832.0
2024-05-22,TCS,3835.0,3841.25,3817.550048828125,3832.0,1311168,43.01752872359022,-20.341214165777274,3881.2274780273438,3887.935240409255,3893.449951171875
2024-05-23,TCS,3840.949951171875,3905.0,3825.5,3893.449951171875,2095742,49.612012499666264,-17.434854360983536,3882.1649780273438,3888.460450958076,3849.5
2024-05-24,TCS,3878.25,3883.800048828125,3844.300048828125,3849.5,1309452,45.55164685133927,-18.465083047736243,3883.0874755859377,3884.7499318192117,3847.050048828125
2024-05-27,TCS,3855.0,3908.35009765625,3841.35009765625,3847.050048828125,1841538,45.32893795816524,-19.257251678729062,3882.82998046875,3881.1594667724416,3839.89990234375
2024-05-28,TCS,3858.0,3870.0,3830.0,3839.89990234375,1801993,44.64293123359952,-20.22882281368902,3883.757470703125,3877.2299844458994,3803.64990234375
2024-05-29,TCS,3848.89990234375,3848.89990234375,3800.0,3803.64990234375,1568095,41.23568298997164,-23.651235266278945,3880.429968261719,3870.222357579028,3736.10009765625
2024-05-30,TCS,3777.0,3794.39990234375,3715.449951171875,3736.10009765625,2919230,35.75878559023789,-31.4516712054442,3876.2024780273437,3857.448809014954,3670.949951171875
2024-05-31,TCS,3740.0,3749.800048828125,3653.75,3670.949951171875,10956800,31.423725975069758,-42.40186294336763,3866.5849731445314,3839.687013029899,3702.85009765625
2024-06-03,TCS,3732.800048828125,3751.550048828125,3696.0,3702.85009765625,2156773,35.544102794007784,-47.9531198510399,3859.557482910156,3826.654925851456,3715.0
2024-06-04,TCS,3700.0,3745.0,3591.5,3715.0,3395997,37.094407624164376,-50.78669792676919,3849.25498046875,3816.021123389413,3746.449951171875
2024-06-05,TCS,3716.0,3783.800048828125,3700.0,3746.449951171875,2799670,41.04708696159821,-49.91914392764056,3837.62998046875,3809.395297463933,3830.39990234375
2024-06-06,TCS,3781.0,3839.89990234375,3741.5,3830.39990234375,4328036,50.066521379416464,-41.97369504364224,3830.3024780273436,3811.395736023915,3893.949951171875
2024-06-07,TCS,3837.300048828125,3915.0,3837.300048828125,3893.949951171875,4552445,55.60384060643512,-30.200775982497817,3826.9899780273436,3819.2580422284827,3858.699951171875
2024-06-10,TCS,3895.0,3905.89990234375,3841.89990234375,3858.699951171875,1734661,52.149345980577316,-23.44477642197171,3825.22998046875,3823.0144145088057,3852.10009765625
2024-06-11,TCS,3845.0,3879.949951171875,3841.0,3852.10009765625,1419898,51.504164435764345,-18.41092147497693,3820.4449829101563,3825.7844795704673,3831.64990234375
2024-06-12,TCS,3874.39990234375,3893.5,3827.449951171875,3831.64990234375,2177001,49.462172129566476,-15.888561567360284,3816.96748046875,3826.3430912631607,3878.14990234375
2024-06-13,TCS,3856.800048828125,3890.0,3852.0,3878.14990234375,1932323,53.93444449226358,-10.021885724442654,3816.85498046875,3831.277073270836,3832.050048828125
2024-06-14,TCS,3889.0,3889.0,3828.0,3832.050048828125,1860730,49.27857215071067,-8.988758940218759,3813.4099853515627,3831.350689990578,3815.10009765625
2024-06-18,TCS,3826.050048828125,3842.0,3795.050048828125,3815.10009765625,1774045,47.64983919936397,-9.429025981216455,3812.4599853515624,3829.8030145301655,3801.699951171875
2024-06-19,TCS,3827.64990234375,3833.85009765625,3792.949951171875,3801.699951171875,1509050,46.34569111496411,-10.735468812874387,3811.5349853515627,3827.126532305567,3787.25
2024-06-20,TCS,3796.0,3809.949951171875,3780.050048828125,3787.25,2846526,44.91802185820791,-12.789396266626227,3809.2974853515625,3823.3287673240843,3810.75
2024-06-21,TCS,3827.0,3877.800048828125,3798.050048828125,3810.75,4642195,47.73765929219471,-12.3782067074103,3805.162487792969,3822.1307894836955,3816.800048828125
2024-06-24,TCS,3808.75,3857.0,3791.300048828125,3816.800048828125,1702154,48.46901371943411,-11.43236248290441,3803.527490234375,3821.6230998974506,3838.449951171875
2024-06-25,TCS,3817.0,3847.64990234375,3792.89990234375,3838.449951171875,1338808,51.10581842032608,-8.833975368102074,3803.0974853515627,3823.2256571616817,3855.85009765625
2024-06-26,TCS,3844.5,3866.949951171875,3841.0,3855.85009765625,1639845,53.179432024292076,-5.309484030194653,3803.8949951171876,3826.332746732593,3934.14990234375
2024-06-27,TCS,3831.0,3942.0,3818.10009765625,3934.14990234375,4526556,61.16165454357054,3.758514788310549,3810.4199951171877,3836.6010472669886,3904.14990234375
2024-06-28,TCS,3917.800048828125,3960.0,3897.85009765625,3904.14990234375,2731571,57.14200762546333,8.427077796673984,3818.8224853515626,3843.0342715600136,3978.199951171875
2024-07-01,TCS,3884.0,4001.699951171875,3884.0,3978.199951171875,2658723,63.51585465602688,17.895875184995475,3834.1849853515623,3855.90719342781,4017.39990234375
2024-07-02,TCS,3993.60009765625,4023.39990234375,3982.550048828125,4017.39990234375,2307449,66.36736872917311,28.237568671779172,3849.9124755859375,3871.2874514198043,3965.25
2024-07-03,TCS,4020.0,4026.10009765625,3955.0,3965.25,1821198,59.684186851478394,31.858133254552286,3862.4249755859373,3880.236265570299,4020.949951171875
2024-07-04,TCS,3999.85009765625,4047.35009765625,3982.10009765625,4020.949951171875,2518001,63.86916053383931,38.77500322622427,3876.1499755859377,3893.6375689609254,4011.800048828125
2024-07-05,TCS,4010.0,4026.75,3988.0,4011.800048828125,1668616,62.717427373975866,43.022416228162,3885.2199829101564,3904.8911384720873,3993.199951171875
2024-07-08,TCS,4022.0,4031.25,3978.050048828125,3993.199951171875,1758882,60.33556061164477,44.37610903797713,3890.182482910156,3913.3015015863525,3985.5
2024-07-09,TCS,3985.0,4006.949951171875,3975.10009765625,3985.5,1305801,59.33101778416603,44.31674280930065,3896.5224853515624,3920.1775490543187,3909.14990234375
2024-07-10,TCS,3983.699951171875,4003.300048828125,3902.0,3909.14990234375,2669716,50.37497328666351,37.674590619847095,3899.3749755859376,3919.1272969866454,3923.699951171875
2024-07-11,TCS,3931.0,3980.0,3895.60009765625,3923.699951171875,4872189,51.866134909227796,33.20197282101117,3903.9774780273438,3919.562787861429,4183.9501953125
2024-07-12,TCS,3980.0,4199.9501953125,3971.300048828125,4183.9501953125,13509164,69.5125487861363,50.08011826253096,3919.2674926757813,3944.7425409520074,4169.2001953125
2024-07-15,TCS,4235.7001953125,4240.0,4157.0498046875,4169.2001953125,4848030,67.99114793019082,61.55638471087195,3936.125,3966.1194604149114,4178.4501953125
2024-07-16,TCS,4172.0,4194.5498046875,4144.89990234375,4178.4501953125,2029521,68.45739106570824,70.58415603409276,3954.2925048828124,3986.3414351670626,4315.5498046875
2024-07-18,TCS,4160.0,4325.0,4160.0,4315.5498046875,5613364,74.40760354283734,87.78953937383449,3979.984997558594,4017.694613216628,4302.39990234375
2024-07-19,TCS,4317.39990234375,4358.75,4285.25,4302.39990234375,3903354,72.9854639440556,99.22009491602421,4005.7424926757812,4044.8094026573067,4287.35009765625
2024-07-22,TCS,4299.9501953125,4319.9501953125,4265.0,4287.35009765625,1896386,71.30572295886401,105.84439082254312,4029.5724975585936,4067.90851646673,4302.35009765625
2024-07-23,TCS,4283.0,4361.7001953125,4266.2998046875,4302.35009765625,2365208,71.99747153202198,111.02474356044195,4053.85,4090.236286103827,4306.25
2024-07-24,TCS,4287.5,4339.10009765625,4268.10009765625,4306.25,1809793,72.18521972894811,114.12928855846258,4077.2400024414064,4110.809020760606,4322.5
2024-07-25,TCS,4295.0,4343.0,4274.2001953125,4322.5,2810342,72.99761060978562,116.55730200638754,4100.572497558594,4130.970066402453,4387.85009765625
2024-07-26,TCS,4350.0,4422.4501953125,4337.0498046875,4387.85009765625,3552210,76.02969029422066,122.3444166061854,4123.257507324219,4155.434831283767,4381.10009765625
2024-07-29,TCS,4415.0,4431.0,4371.0,4381.10009765625,1746803,75.0917549870079,124.9457808469815,4147.105017089843,4176.92676141448,4365.35009765625
2024-07-30,TCS,4391.10009765625,4398.0,4327.2998046875,4365.35009765625,1797906,72.83395722325355,124.30359293481979,4166.4625244140625,4194.871841056553,4385.35009765625
2024-07-31,TCS,4350.0,4414.0,4345.0,4385.35009765625,2330091,73.90684310563847,123.97933069099145,4184.860034179687,4213.012627399381,4397.10009765625
2024-08-01,TCS,4399.39990234375,4419.2998046875,4365.0498046875,4397.10009765625,2202244,74.5429466814193,123.2497311473544,4206.4525390625,4230.544767423845,4283.0498046875
2024-08-02,TCS,4365.0,4398.0,4270.0,4283.0498046875,2811282,59.404987159708085,112.17552316383626,4219.557531738281,4235.545247163241,4155.0498046875
2024-08-05,TCS,4239.0,4239.0,4110.5,4155.0498046875,2787771,47.697695720116705,92.00996963642046,4226.72001953125,4227.879014546504,4171.2001953125
2024-08-06,TCS,4170.9501953125,4258.25,4160.7998046875,4171.2001953125,2203067,49.061761122564455,76.45055037407019,4235.620031738281,4222.481031762312,4200.4501953125
2024-08-07,TCS,4228.0,4244.9501953125,4180.2998046875,4200.4501953125,1237666,51.527447216920045,65.72222416711156,4246.367541503906,4220.38285686233,4172.5498046875
2024-08-08,TCS,4181.0,4232.0,4160.0,4172.5498046875,2441283,49.08667863587336,54.34219698454217,4259.537536621094,4215.827328083775,4228.75
2024-08-09,TCS,4217.0,4253.64990234375,4205.5498046875,4228.75,1302536,53.83076790833715,49.29014343925701,4274.7900390625,4217.058058742463,4195.64990234375
2024-08-12,TCS,4230.0,4239.0,4186.35009765625,4195.64990234375,936912,50.826832418807435,42.129807162660654,4275.375024414063,4215.0191867044905,4196.9501953125
2024-08-13,TCS,4213.0,4234.0,4183.0,4196.9501953125,1495593,50.942646340000195,36.14347240029747,4276.762524414063,4213.2983303814435,4295.25
2024-08-14,TCS,4209.0,4306.2001953125,4188.14990234375,4295.25,3226545,58.83576686450795,38.88301251995199,4282.602514648437,4221.103251297497,4416.0498046875
2024-08-16,TCS,4350.0,4427.0,4325.10009765625,4416.0498046875,3457058,66.06223532848033,50.2227162637555,4287.627514648438,4239.669589715593,4490.0
2024-08-19,TCS,4421.0,4494.25,4390.35009765625,4490.0,2055210,69.58258760697636,64.43392177156511,4297.00751953125,4263.510581171251,4523.2998046875
2024-08-20,TCS,4505.0,4565.0,4500.0,4523.2998046875,2212298,71.03938040121578,77.49016211005801,4308.805004882813,4288.252411982322,4551.5
2024-08-21,TCS,4518.0,4560.0,4492.5498046875,4551.5,1896990,72.25140552459763,89.08591969807912,4321.2625,4313.323610841148,4502.0
2024-08-22,TCS,4560.0,4560.9501953125,4497.2001953125,4502.0,1829872,66.95451036047031,93.20697285452843,4331.05,4331.292790761039,4463.89990234375
2024-08-23,TCS,4500.0,4506.0,4455.0,4463.89990234375,1809253,63.11885346306759,92.33420645062688,4338.1199951171875,4343.922039483203,4502.4501953125
2024-08-26,TCS,4489.0,4552.14990234375,4485.0,4502.4501953125,1844164,65.28582421495622,93.67341048552589,4343.85,4359.019959085993,4497.14990234375
2024-08-27,TCS,4505.0,4510.0,4486.7998046875,4497.14990234375,930697,64.72275406989962,93.23232576908686,4349.652490234375,4372.175191777208,4506.0498046875
2024-08-28,TCS,4498.75,4562.5,4457.2998046875,4506.0498046875,1848058,65.26448962880772,92.5342336480835,4356.687475585937,4384.9251549115215,4511.7998046875
2024-08-29,TCS,4460.0,4556.0,4460.0,4511.7998046875,2133641,65.63170256774487,91.39146365415672,4363.0099609375,4397.008454890186,4553.75
2024-08-30,TCS,4500.0,4592.25,4487.7998046875,4553.75,3637222,68.26742925439423,92.8010872034547,4370.842456054687,4411.93622109112,4521.0498046875
2024-09-02,TCS,4576.0,4588.0,4512.0,4521.0498046875,1216500,64.13827887173014,90.23936828178284,4382.742456054688,4422.327990957442,4512.35009765625
2024-09-03,TCS,4521.0498046875,4555.89990234375,4495.89990234375,4512.35009765625,1717263,63.04572772393662,86.50996094998209,4400.607470703125,4430.901524928758,4479.25
2024-09-04,TCS,4476.9501953125,4487.0,4436.7001953125,4479.25,1265505,58.932447613126996,79.96172848724746,4416.0099609375,4435.506141602209,4475.9501953125
2024-09-05,TCS,4481.0,4499.0,4454.14990234375,4475.9501953125,1688793,58.52252739369601,73.65686987627578,4429.7849609375,4439.357956241284,4456.75
2024-09-06,TCS,4473.9501953125,4518.9501953125,4440.0,4456.75,1649179,56.0782989807478,66.34613179572807,4443.994970703125,4441.014341361162,4449.5498046875
2024-09-09,TCS,4455.0,4490.25,4430.5,4449.5498046875,1184938,55.148106900625216,59.28788972141592,4455.0349609375,4441.827242630337,4507.85009765625
2024-09-10,TCS,4442.4501953125,4539.9501953125,4440.4501953125,4507.85009765625,1385591,60.81572712329435,57.73301813680973,4470.644970703125,4448.115133585186,4479.35009765625
2024-09-11,TCS,4521.4501953125,4549.35009765625,4471.25,4479.35009765625,1325919,57.02236752813354,53.583383497739305,4484.764965820313,4451.089892068145,4517.7001953125
2024-09-12,TCS,4510.25,4532.60009765625,4431.2998046875,4517.7001953125,2742216,60.58503699101698,52.7808754482794,4495.887475585938,4457.4337304723695,4522.60009765625
2024-09-13,TCS,4530.0,4547.0,4505.0,4522.60009765625,1458786,61.029539498364116,51.94151376802438,4501.214990234375,4463.640051156549,4513.25
2024-09-16,TCS,4527.0,4546.0498046875,4494.4501953125,4513.25,1155120,59.6471942714686,49.94609139902968,4502.377490234375,4468.364808189259,4505.64990234375
2024-09-17,TCS,4513.25,4535.7998046875,4466.0,4505.64990234375,1699364,58.487542731502266,47.207264471836424,4501.4949951171875,4471.915769537306,4346.14990234375
2024-09-18,TCS,4497.0498046875,4497.0498046875,4321.0,4346.14990234375,2961779,40.63317584103199,31.799838651706523,4491.227490234375,4459.938067899825,4296.14990234375
2024-09-19,TCS,4390.0498046875,4422.2001953125,4281.7998046875,4296.14990234375,2927551,36.836896880458916,15.37749832366535,4480.934985351562,4444.339194989722,4284.89990234375
2024-09-20,TCS,4316.89990234375,4330.7001953125,4227.5,4284.89990234375,5447908,36.021431515873125,1.438314325072497,4471.9849853515625,4429.15450045201,4268.5
2024-09-23,TCS,4300.0,4309.39990234375,4253.0,4268.5,1702319,34.81161347294197,-10.807344143696355,4460.2874755859375,4413.854071837533,4271.2998046875
2024-09-24,TCS,4251.64990234375,4291.0,4240.0,4271.2998046875,3012026,35.211675192860625,-20.055014146792928,4448.994970703125,4400.277474966101,4274.75
2024-09-25,TCS,4252.35009765625,4289.60009765625,4240.0,4274.75,2713073,35.73507241827764,-26.796563222333134,4437.42998046875,4388.322477350282,4292.5
2024-09-26,TCS,4260.0,4316.7998046875,4260.0,4292.5,3964251,38.48823715733407,-30.357075310321306,4426.464990234375,4379.196527126445,4308.7001953125
2024-09-27,TCS,4335.0,4378.0,4300.0498046875,4308.7001953125,3012477,40.97371668749754,-31.508377459055737,4414.2125,4372.482590763212,4268.5
2024-09-30,TCS,4286.89990234375,4298.75,4260.0498046875,4268.5,2503416,36.9805455203346,-35.25817817078041,4401.585009765625,4362.579486881002,4287.89990234375
2024-10-01,TCS,4255.5498046875,4295.75,4242.9501953125,4287.89990234375,1823365,40.018531229613444,-36.24668306370404,4390.3625,4355.467145496502,4232.75
2024-10-03,TCS,4262.60009765625,4279.0,4210.0,4232.75,3350119,34.87196676890764,-41.007507505084504,4378.0375,4343.779798306358,4252.25
2024-10-04,TCS,4225.0,4298.0,4224.0498046875,4252.25,2965463,37.91240147191852,-42.71462058587986,4366.852490234375,4335.062674658134,4272.85009765625
2024-10-07,TCS,4273.89990234375,4297.25,4229.39990234375,4272.85009765625,1472619,41.04365080834762,-41.92201340781776,4357.657495117188,4329.137667324621,4253.25
2024-10-08,TCS,4272.60009765625,4279.39990234375,4203.9501953125,4253.25,1541867,39.02690775240761,-42.38682168923151,4347.842504882812,4321.910270436562,4252.9501953125
2024-10-09,TCS,4260.0,4295.0,4246.7001953125,4252.9501953125,1082504,38.99534446613949,-42.291863062115226,4335.097509765625,4315.342644234271,4227.39990234375
2024-10-10,TCS,4253.25,4293.85009765625,4198.60009765625,4227.39990234375,2378875,36.30085161988189,-43.77370673282621,4322.5,4306.967145006603,4149.2001953125
2024-10-11,TCS,4143.0,4241.9501953125,4112.4501953125,4149.2001953125,5759183,29.566975780335,-50.6740029704024,4304.075,4291.9417212262115,4136.64990234375
2024-10-14,TCS,4140.0,4165.39990234375,4122.2001953125,4136.64990234375,2137590,28.64846743574367,-56.50389942788661,4284.777490234375,4277.152024189786,4116.7998046875
2024-10-15,TCS,4131.0498046875,4169.9501953125,4095.0,4116.7998046875,2759474,27.208746870912194,-62.011046614415136,4264.95498046875,4261.880384237187,4094.949951171875
2024-10-16,TCS,4085.0,4115.0,4067.199951171875,4094.949951171875,2359151,25.67898034247783,-67.36209273485747,4244.419982910156,4245.982247754777,4109.0
2024-10-17,TCS,4112.7998046875,4129.9501953125,4092.949951171875,4109.0,2522659,28.46416659103977,-69.66604699410072,4232.562487792969,4232.936319397179,4123.0498046875
2024-10-18,TCS,4090.0,4146.14990234375,4080.0,4123.0498046875,2361000,31.239153472518126,-69.55644215668144,4223.907482910156,4222.470937043877,4079.85009765625
2024-10-21,TCS,4132.60009765625,4139.9501953125,4070.0,4079.85009765625,1595450,27.683252882775264,-72.12403388875464,4213.654992675782,4208.887999959341,4015.5
2024-10-22,TCS,4066.0,4089.800048828125,4006.35009765625,4015.5,1928049,23.408782826691564,-78.44709464414063,4201.004992675781,4190.470095201308,4066.25
2024-10-23,TCS,3999.60009765625,4113.5498046875,3995.14990234375,4066.25,1966476,32.288499641190015,-78.45864259044993,4190.752502441406,4178.639609944041,4047.89990234375
2024-10-24,TCS,4004.0,4079.0,4004.0,4047.89990234375,2676744,30.893806751840785,-79.03739999571462,4179.409997558594,4166.188209220204,4057.550048828125
2024-10-25,TCS,4057.050048828125,4092.0,4032.699951171875,4057.550048828125,1759676,32.54398779760996,-77.82031904102132,4167.6625,4155.8417177542915,4090.85009765625
2024-10-28,TCS,4068.949951171875,4134.0,4051.0,4090.85009765625,1532534,38.042022825466155,-73.32351019232556,4156.769995117187,4149.652039649716,4075.25
2024-10-29,TCS,4095.85009765625,4103.5,4060.10009765625,4075.25,1445885,36.5395149833981,-70.20922603339204,4147.107495117188,4142.566131111648,4084.64990234375
2024-10-30,TCS,4075.0,4107.0,4060.050048828125,4084.64990234375,1935002,38.12530943382632,-66.219304912408,4136.944995117187,4137.05029980042,3968.449951171875
2024-10-31,TCS,4070.0,4078.300048828125,3960.0,3968.449951171875,3740372,28.60826143261788,-71.60817415711517,4123.729992675781,4120.993123740559,3984.199951171875
2024-11-01,TCS,3989.85009765625,3998.949951171875,3976.050048828125,3984.199951171875,154895,31.11814186376533,-73.75776488550855,4110.327490234375,4107.965202543542,3964.14990234375
2024-11-04,TCS,3966.300048828125,3991.89990234375,3913.25,3964.14990234375,2269192,29.687288379803363,-76.20080693096088,4094.89248046875,4094.2685072864188,3971.35009765625
2024-11-05,TCS,3941.10009765625,3986.0,3941.10009765625,3971.35009765625,967590,30.915784711130826,-76.67211139257233,4080.7974853515625,4082.561992083545,4139.64990234375
2024-11-06,TCS,4003.60009765625,4149.7998046875,3975.25,4139.64990234375,3792017,52.01848367395948,-62.74198532454602,4075.132470703125,4087.9989359178503,4150.89990234375
2024-11-07,TCS,4169.7001953125,4205.7998046875,4085.050048828125,4150.89990234375,3724349,53.05086551960298,-50.21562461227995,4071.307470703125,4093.9895041488885,4147.0
2024-11-08,TCS,4155.0,4169.75,4117.64990234375,4147.0,1648039,52.62812856892143,-40.14036982966627,4071.1974609375,4099.038122801376,4198.7001953125
2024-11-11,TCS,4128.2001953125,4234.2998046875,4117.64990234375,4198.7001953125,1406487,57.46682798409149,-27.66497947842072,4074.2999755859373,4108.529748754816,4197.39990234375
2024-11-12,TCS,4216.0,4218.0,4164.35009765625,4197.39990234375,1587640,57.30828055859653,-17.67926990183605,4078.32998046875,4116.993572906143,4150.35009765625
2024-11-13,TCS,4178.10009765625,4196.75,4131.0498046875,4150.35009765625,1098813,51.74522332303172,-13.407495879277121,4081.099987792969,4120.170384787105,4145.89990234375
2024-11-14,TCS,4135.0,4160.0,4116.4501953125,4145.89990234375,1825432,51.23858364785832,-10.262873739759016,4082.9449829101563,4122.620815030595,4019.5
2024-11-18,TCS,4213.0,4213.0,3990.199951171875,4019.5,3313944,39.42978557995805,-17.76536571211909,4077.7674926757813,4112.799785027681,4039.550048828125
2024-11-19,TCS,4019.89990234375,4132.14990234375,4014.10009765625,4039.550048828125,1776233,41.724089905984705,-21.84149808352322,4075.752490234375,4105.823619675342,4072.85009765625
2024-11-21,TCS,4044.89990234375,4092.449951171875,4024.0,4072.85009765625,2384347,45.42173925132655,-22.1297289741633,4078.6199951171875,4102.683284244952,4244.60009765625
2024-11-22,TCS,4071.0,4254.9501953125,4054.0,4244.60009765625,3096553,59.64430739668992,-8.402505552595358,4087.5375,4116.199171236504,4315.10009765625
2024-11-25,TCS,4280.0,4328.10009765625,4252.2001953125,4315.10009765625,4052167,63.81289753026376,8.072128245528802,4100.897509765625,4135.1421166098135,4352.7001953125
2024-11-26,TCS,4321.0498046875,4366.60009765625,4310.0,4352.7001953125,2060669,65.83960828618862,23.887052792187205,4115.655017089844,4155.861933629117,4332.5498046875
2024-11-27,TCS,4358.9501953125,4377.39990234375,4324.0498046875,4332.5498046875,1558993,63.778083287721174,34.39800749777805,4127.740002441406,4172.689349920392,4244.89990234375
2024-11-28,TCS,4319.0,4339.9501953125,4233.0,4244.89990234375,2558544,55.620051320700675,35.24907088359396,4136.222497558594,4179.5665453892825,4270.85009765625
2024-11-29,TCS,4220.0,4298.7001953125,4195.64990234375,4270.85009765625,2017425,57.35910939067236,37.584260673665085,4145.532507324218,4188.260217033756,4276.64990234375
2024-12-02,TCS,4270.0,4288.2001953125,4230.0498046875,4276.64990234375,1670944,57.7575229280116,39.448177143251996,4160.9425048828125,4196.678282301375,4302.75
2024-12-03,TCS,4314.35009765625,4325.0,4265.4501953125,4302.75,2010905,59.58746507381318,42.54101775561139,4176.870007324219,4206.780350653625,4354.39990234375
2024-12-04,TCS,4313.5498046875,4386.9501953125,4289.0498046875,4354.39990234375,3302642,63.00305628383834,48.59960568439055,4196.382507324219,4220.839355576494,4464.0498046875
2024-12-05,TCS,4400.7998046875,4489.0,4360.0,4464.0498046875,3746747,68.99427429106112,61.53952170519369,4221.017492675781,4244.002255491828,4445.5
2024-12-06,TCS,4453.0,4465.0,4412.75,4445.5,1842087,67.01707468061642,69.49657095775729,4236.309997558594,4263.192516873559,4452.14990234375
2024-12-09,TCS,4430.4501953125,4469.39990234375,4415.5498046875,4452.14990234375,2066639,67.37799285629127,75.46921918068983,4251.372497558594,4281.188458346911,4432.5498046875
2024-12-10,TCS,4426.14990234375,4493.7998046875,4412.10009765625,4432.5498046875,2087828,65.1162832799304,77.72505579097015,4265.649987792969,4295.603824665062,4427.4501953125
2024-12-11,TCS,4431.85009765625,4448.64990234375,4407.0,4427.4501953125,1635256,64.50953848234008,78.19988707918401,4277.087487792969,4308.160621869581,4454.9501953125
2024-12-12,TCS,4430.0498046875,4485.0,4426.0,4454.9501953125,1914642,66.33142634247451,79.87447128414715,4289.965002441406,4322.140581245097,4473.89990234375
2024-12-13,TCS,4434.9501953125,4494.89990234375,4394.39990234375,4473.89990234375,1967048,67.56695331769745,81.78787461207776,4306.142492675781,4336.593849921159,4415.2001953125
2024-12-16,TCS,4459.0,4475.0,4397.0,4415.2001953125,1646224,60.19766911060116,77.6723265205037,4319.607507324219,4344.080168529858,4328.5
2024-12-17,TCS,4410.0,4432.9501953125,4318.0,4328.5,3225027,51.29823804112892,66.64648464011862,4335.057507324219,4342.596342955586,4347.85009765625
2024-12-18,TCS,4311.7001953125,4362.0,4289.60009765625,4347.85009765625,1575404,52.96937144345218,58.79209796977375,4350.472509765625,4343.096700546125,4271.89990234375
2024-12-19,TCS,4282.0,4364.0,4262.0,4271.89990234375,3015763,46.25972130266506,45.90967576187086,4360.425,4336.31605309828,4170.2998046875
2024-12-20,TCS,4329.0,4382.0,4152.5,4170.2998046875,4116989,39.120798573613385,27.18857164621295,4356.709985351563,4320.504981821063,4158.2998046875
2024-12-23,TCS,4200.0498046875,4217.0,4114.89990234375,4158.2998046875,2195338,38.367673785278555,11.253933702078939,4348.869970703125,4305.056869713105,4179.5
2024-12-24,TCS,4158.2998046875,4218.0,4158.2998046875,4179.5,1181886,40.545326052752785,0.33246446933026164,4340.2099609375,4293.099072597571,4169.10009765625
2024-12-26,TCS,4179.5,4199.9501953125,4143.14990234375,4169.10009765625,1208464,39.802370231751105,-9.057652802773191,4332.0374755859375,4281.2896464126825,4164.85009765625
2024-12-27,TCS,4163.0,4180.9501953125,4147.25,4164.85009765625,858100,39.48395983047983,-16.650392513933184,4328.034985351563,4270.200165578737,4158.7998046875
2024-12-30,TCS,4151.0,4199.2998046875,4112.0,4158.7998046875,1527169,39.00557526809828,-22.89201659837272,4322.432470703125,4259.590607398619,4094.800048828125
2024-12-31,TCS,4135.0,4139.9501953125,4032.050048828125,4094.800048828125,1555429,34.27493723447563,-32.62669386586549,4313.339978027344,4243.896268487144,4112.4501953125
2025-01-01,TCS,4094.39990234375,4134.0,4085.449951171875,4112.4501953125,763161,36.5600647662765,-38.473774696448345,4303.824987792968,4231.377594851464,4175.75
2025-01-02,TCS,4120.0,4183.0,4096.9501953125,4175.75,1720835,44.070408586246245,-37.566816287259826,4294.892492675781,4226.079728675134,4099.89990234375
2025-01-03,TCS,4179.9501953125,4179.9501953125,4092.300048828125,4099.89990234375,1791953,38.230039509561266,-42.478844511472744,4276.684997558594,4214.062602357859,4095.0
2025-01-06,TCS,4105.5,4149.64990234375,4066.39990234375,4095.0,2085593,37.88079605415431,-46.23408567739261,4259.159997558594,4202.7233068952055,4028.300048828125
2025-01-07,TCS,4114.9501953125,4140.35009765625,4011.550048828125,4028.300048828125,2669054,33.40693096131379,-53.97013585041532,4237.967504882812,4186.111568031674,4108.39990234375
2025-01-08,TCS,4034.89990234375,4126.0,4017.75,4108.39990234375,2181277,42.23065857094043,-53.02636763315695,4221.760009765625,4178.710457013777,4038.85009765625
2025-01-09,TCS,4101.0,4137.75,4025.300048828125,4038.85009765625,2392472,37.57509724433852,-57.230791567547385,4202.330004882812,4165.390422789251,4265.64990234375
2025-01-10,TCS,4200.0,4297.0,4170.0,4265.64990234375,7894300,54.99762244970911,-41.780361038878254,4192.864990234375,4174.938944651584,4291.10009765625
2025-01-13,TCS,4245.0,4322.9501953125,4227.39990234375,4291.10009765625,4003771,56.46592539820741,-27.16897839417834,4183.725,4186.0019116044095,4233.0498046875
2025-01-14,TCS,4302.0,4313.89990234375,4219.0498046875,4233.0498046875,3441709,52.276229982401865,-20.042488543056606,4174.61748046875,4190.482663326608,4249.60009765625
2025-01-15,TCS,4218.0,4256.4501953125,4207.4501953125,4249.60009765625,1653474,53.33923139896751,-12.910400604720053,4170.6724853515625,4196.112895167526,4206.2998046875
2025-01-16,TCS,4260.0,4294.0,4191.85009765625,4206.2998046875,2637705,50.18944349032958,-10.629609771853211,4163.594970703125,4197.083077026571,4124.2998046875
2025-01-17,TCS,4159.89990234375,4160.60009765625,4100.0498046875,4124.2998046875,1761466,44.79472115510917,-15.262840774344113,4156.2149658203125,4190.151336803802,4077.800048828125
2025-01-20,TCS,4145.7998046875,4145.7998046875,4068.10009765625,4077.800048828125,1287799,42.03545274158427,-22.428311790440603,4151.589978027344,4179.4512141394525,4035.85009765625
2025-01-21,TCS,4095.300048828125,4111.0,4030.0,4035.85009765625,1971591,39.66186281425567,-31.13312636331011,4145.467492675782,4165.774917331529,4156.60009765625
2025-01-22,TCS,4050.0,4163.14990234375,4044.199951171875,4156.60009765625,2409223,48.65001901552299,-27.965865685492645,4144.322497558594,4164.901124981502,4145.4501953125
2025-01-23,TCS,4168.0,4191.35009765625,4140.0498046875,4145.4501953125,1822998,47.939878566649554,-26.055145219632323,4143.140002441406,4163.048655489217,4152.35009765625
2025-01-24,TCS,4104.0,4178.0,4104.0,4152.35009765625,1910099,48.4414336455614,-23.710797713606553,4142.515002441406,4162.02974521941,4065.14990234375
2025-01-27,TCS,4102.0,4156.35009765625,4041.050048828125,4065.14990234375,1551782,42.82603582956146,-28.559990630240463,4137.832507324219,4152.803093516966,4040.300048828125
2025-01-28,TCS,4070.800048828125,4102.0,4028.300048828125,4040.300048828125,2468272,41.35480578492178,-34.01607036810583,4135.107507324219,4142.088517832314,4099.7998046875
2025-01-29,TCS,4054.0,4107.85009765625,4054.0,4099.7998046875,1217089,46.127018108572486,-33.15670991904153,4134.474987792969,4138.061021342332,4100.0498046875
2025-01-30,TCS,4099.89990234375,4129.89990234375,4058.5,4100.0498046875,1531251,46.14684743532948,-32.0856245538871,4130.689978027343,4134.440905470444,4112.39990234375
2025-01-31,TCS,4110.0,4128.4501953125,4085.25,4112.39990234375,1492943,47.181134492276115,-29.89561398976275,4131.314978027343,4132.34176231552,4073.14990234375
2025-02-01,TCS,4113.0,4135.89990234375,4056.0,4073.14990234375,437172,44.27106172854214,-30.97015712055054,4130.222473144531,4126.704442318209,4068.64990234375
2025-02-03,TCS,4030.89990234375,4077.0,3998.699951171875,4068.64990234375,1265713,43.9364677324552,-31.81807373731499,4132.239965820312,4121.175438511117,4107.0498046875
2025-02-04,TCS,4083.699951171875,4118.85009765625,4066.050048828125,4107.0498046875,2547132,47.577450583915656,-29.05655666904113,4132.1724609375,4119.830140051725,4091.10009765625
2025-02-05,TCS,4150.0,4150.0,4076.0,4091.10009765625,1693912,46.234344985035165,-27.834187371103326,4134.7849609375,4117.09394553787,4082.75
2025-02-06,TCS,4105.39990234375,4139.5,4051.550048828125,4082.75,2284536,45.51001001723474,-27.22539656756362,4125.639965820313,4113.823093581883,4029.39990234375
2025-02-07,TCS,4090.0,4090.0,4008.0,4029.39990234375,1548940,41.08157593041988,-30.694011032325307,4112.554956054688,4105.782789654441,4036.949951171875
2025-02-10,TCS,4040.0,4052.0,4014.35009765625,4036.949951171875,1339511,41.94257024611619,-32.45951407076609,4102.749963378907,4099.2272812275305,3963.550048828125
2025-02-11,TCS,4018.39990234375,4040.0,3955.0,3963.550048828125,1810908,36.377035801411914,-39.32809681980643,4088.4474609375,4086.305640046635,3950.14990234375
2025-02-12,TCS,3971.10009765625,4021.75,3940.14990234375,3950.14990234375,1678002,35.45213952425634,-45.33023918524623,4075.6399658203127,4073.338426932074,3910.14990234375
2025-02-13,TCS,3968.0,3984.449951171875,3902.25,3910.14990234375,2277310,32.773446381867274,-52.70707164608666,4064.932470703125,4057.796662685567,3934.85009765625
2025-02-14,TCS,3925.0,3948.0,3900.0,3934.85009765625,1681975,35.98973645808846,-55.915604897928915,4057.7849731445312,4046.087466016108,3904.5
2025-02-17,TCS,3856.5,3934.0,3856.199951171875,3904.5,1799806,33.84695279020009,-60.21328854191779,4051.2174682617188,4032.602945443145,3873.199951171875
2025-02-18,TCS,3898.39990234375,3924.39990234375,3864.5,3873.199951171875,2149879,31.74762384991277,-65.39109827159518,4037.0474609375,4017.4217078935003,3784.10009765625
2025-02-19,TCS,3872.199951171875,3874.949951171875,3768.14990234375,3784.10009765625,4366672,26.675497110189127,-75.81026972747031,4018.9799560546876,3995.2006021566194,3779.39990234375
2025-02-20,TCS,3761.5,3788.0,3751.300048828125,3779.39990234375,2888572,26.4355635258661,-83.48444790469512,4000.3324462890623,3974.648154555394,3786.0
2025-02-21,TCS,3776.10009765625,3817.0,3775.0,3786.0,1833931,27.42274769569721,-88.01908742817932,3986.374951171875,3956.6816636453564,3675.60009765625
2025-02-24,TCS,3743.14990234375,3763.199951171875,3670.0,3675.60009765625,2508516,22.084280921635425,-99.37563097481916,3968.1399536132812,3929.9119906940127,3629.550048828125
2025-02-25,TCS,3625.0,3658.0,3621.25,3629.550048828125,4101954,20.308349113147827,-110.81423017315046,3944.6274658203124,3901.3060914686903,3612.550048828125
2025-02-27,TCS,3611.699951171875,3638.0,3600.699951171875,3612.550048828125,3823856,19.679199461735408,-119.86938076815977,3920.252478027344,3873.8055159791124,3483.25
2025-02-28,TCS,3584.949951171875,3600.0,3457.0,3483.25,7085018,15.69621414196503,-135.9123729554608,3888.7949829101562,3836.6097525525306,3493.050048828125
2025-03-03,TCS,3485.0,3523.25,3476.14990234375,3493.050048828125,4990439,17.06629618262069,-146.1510396007552,3859.789990234375,3803.889780769254,3532.050048828125
2025-03-04,TCS,3474.0,3551.0,3464.300048828125,3532.050048828125,2797737,22.466497489636907,-149.39613694848367,3832.959997558594,3778.0002824891462,3547.050048828125
2025-03-05,TCS,3520.85009765625,3600.35009765625,3520.85009765625,3547.050048828125,2501894,24.502703083360743,-149.03949085968452,3804.960009765625,3756.0050221404776,3601.60009765625
2025-03-06,TCS,3557.0,3609.449951171875,3536.10009765625,3601.60009765625,2786513,31.543700866484343,-142.71004070285835,3780.485009765625,3741.2997912372175,3611.199951171875
2025-03-07,TCS,3600.0,3625.0,3574.39990234375,3611.199951171875,2051315,32.73264460680166,-135.35894425164452,3756.907507324219,3728.9093302786137,3589.64990234375
2025-03-10,TCS,3606.5,3622.10009765625,3582.60009765625,3589.64990234375,1004626,31.413674470007123,-129.77607834308947,3734.9200073242187,3715.6465276181507,3575.300048828125
2025-03-11,TCS,3558.0,3588.75,3537.64990234375,3575.300048828125,1995450,30.53143797436276,-125.06782609298261,3711.837512207031,3702.280196304815,3506.199951171875
2025-03-12,TCS,3565.0,3569.25,3486.85009765625,3506.199951171875,3174167,26.650103598133185,-125.46600860359149,3688.970007324219,3683.605887244535,3511.050048828125
2025-03-13,TCS,3502.300048828125,3524.300048828125,3484.10009765625,3511.050048828125,1693004,27.348233887728057,-123.96126051706187,3667.0150146484375,3667.1719978715437,3497.699951171875
2025-03-17,TCS,3489.0,3530.449951171875,3477.35009765625,3497.699951171875,2690906,26.597818657591432,-122.4346279487172,3646.3925170898438,3651.0318029477658,3497.699951171875
2025-03-18,TCS,3497.699951171875,3497.699951171875,3497.699951171875,3497.699951171875,0,26.597818657591432,-119.84328188578411,3624.535009765625,3636.4287694453,3497.10009765625
2025-03-19,TCS,3547.0,3547.0,3462.75,3497.10009765625,3051244,26.559841018928154,-116.49514115526472,3604.1650146484376,3623.1593721320573,3563.14990234375
2025-03-20,TCS,3512.0,3578.949951171875,3512.0,3563.14990234375,2845192,37.19381019903705,-107.27544372858665,3588.6625122070313,3617.444184533171,3578.10009765625
2025-03-21,TCS,3475.0,3616.25,3465.0,3578.10009765625,4161925,39.335023034254185,-97.63691371149116,3578.362512207031,3613.6971286401313,3628.949951171875
2025-03-24,TCS,3600.0,3649.75,3566.60009765625,3628.949951171875,1834751,46.06971352048157,-84.91628890241736,3570.8400146484373,3615.1497784050594,3657.75
2025-03-25,TCS,3645.0,3710.0,3638.0,3657.75,3135390,49.4898723251593,-71.68484062523112,3564.4275146484374,3619.206942366482,3635.800048828125
2025-03-26,TCS,3647.75,3680.5,3625.85009765625,3635.800048828125,1734499,47.041273522385616,-62.252393314932306,3562.4375122070314,3620.7872382199716,3651.199951171875
2025-03-27,TCS,3614.85009765625,3663.0,3610.5,3651.199951171875,2528474,48.94967143437522,-52.92438804650874,3563.5200073242186,3623.6836870725338,3606.14990234375
2025-03-28,TCS,3651.0,3660.949951171875,3591.89990234375,3606.14990234375,2051919,43.95918360620991,-48.60673097011295,3563.2,3622.01380281265,3550.800048828125
2025-04-01,TCS,3572.699951171875,3584.0,3525.0,3550.800048828125,2618493,38.73410701452351,-49.08540127936658,3566.577502441406,3615.2315405284094,3543.949951171875
2025-04-02,TCS,3544.0,3564.10009765625,3530.050048828125,3543.949951171875,1764313,38.130053483250784,-49.447496619259255,3569.1224975585938,3608.442817732549,3403.14990234375
2025-04-03,TCS,3491.0,3502.0,3396.14990234375,3403.14990234375,4537821,28.345236780334716,-60.399598041427,3562.677490234375,3588.891111505044,3299.39990234375
2025-04-04,TCS,3362.60009765625,3399.64990234375,3295.5,3299.39990234375,5317367,23.549668659887487,-76.5683430526251,3550.2949829101562,3561.3205201563496,3274.050048828125
2025-04-07,TCS,3100.0,3291.39990234375,3056.050048828125,3274.050048828125,6623955,22.54597533709409,-90.38580004495134,3533.91748046875,3533.9614276488996,3292.949951171875
2025-04-08,TCS,3302.050048828125,3349.0,3255.300048828125,3292.949951171875,5557558,25.108782415110028,-98.6737208628565,3518.00498046875,3511.007953698707,3246.60009765625
2025-04-09,TCS,3260.550048828125,3270.0,3212.050048828125,3246.60009765625,2990265,23.090940937670155,-107.74004348368317,3500.852490234375,3485.826253123235,3231.5
2025-04-11,TCS,3289.550048828125,3298.949951171875,3206.0,3231.5,7108961,22.457737213149016,-114.82004713373317,3483.662487792969,3461.604705206736,3248.199951171875
2025-04-15,TCS,3314.39990234375,3314.39990234375,3238.60009765625,3248.199951171875,3512160,24.910202626976954,-117.72637813776828,3470.762487792969,3441.2804429177017,3273.800048828125
2025-04-16,TCS,3248.199951171875,3278.10009765625,3229.0,3273.800048828125,2384391,28.636289270745266,-116.61963391891823,3458.8999877929687,3425.329929194885,3298.89990234375
2025-04-17,TCS,3245.5,3303.60009765625,3218.0,3298.89990234375,2932346,32.18920651297397,-112.42126043089229,3448.9599853515624,3413.288974256682,3321.60009765625
2025-04-21,TCS,3290.10009765625,3354.0,3284.10009765625,3321.60009765625,2432946,35.32527369217537,-106.03994071670286,3440.154992675781,3404.5567002947364,3314.39990234375
2025-04-22,TCS,3322.60009765625,3333.89990234375,3295.0,3314.39990234375,2710498,34.775904461171024,-100.40627343602182,3431.019982910156,3395.970338585119,3413.0
2025-04-23,TCS,3365.0,3420.89990234375,3337.300048828125,3413.0,3543923,46.944192386872835,-86.98266565737185,3423.512487792969,3397.592211100822,3401.60009765625
2025-04-24,TCS,3401.10009765625,3412.5,3387.699951171875,3401.60009765625,2252175,45.87848266564192,-76.38373250599443,3414.6874877929686,3397.9739145822914,3448.0
2025-04-25,TCS,3420.0,3477.800048828125,3405.0,3448.0,2742991,50.77660100691495,-63.50783845392107,3405.639990234375,3402.738303669692,3443.5
2025-04-28,TCS,3435.0,3457.800048828125,3405.0,3443.5,1593296,50.30113743772416,-53.05512558173905,3394.927490234375,3406.620369986864,3472.5
2025-04-29,TCS,3455.0,3495.0,3430.39990234375,3472.5,1578332,53.33381400477492,-41.94767104562243,3386.762487792969,3412.8946204643053,3453.699951171875
2025-04-30,TCS,3472.0,3509.89990234375,3366.0,3453.699951171875,2809332,51.15455129025933,-34.26693225808049,3376.887487792969,3416.780842436455,3431.0
2025-05-02,TCS,3472.0,3491.5,3420.0,3431.0,1721761,48.573723808198814,-29.669575384024483,3368.129992675781,3418.135047918697,3454.300048828125
2025-05-05,TCS,3450.0,3504.5,3446.39990234375,3454.300048828125,1284443,51.290210249123895,-23.870849432203613,3363.3049926757812,3421.579333719595,3460.0
2025-05-06,TCS,3460.0,3473.0,3437.0,3460.0,1324763,51.95876292795877,-18.600958642197384,3359.1074951171877,3425.2384447939194,3445.10009765625
2025-05-07,TCS,3420.60009765625,3459.5,3420.60009765625,3445.10009765625,1477128,50.025856281460975,-15.448746288364418,3361.2050048828123,3427.130030780808,3448.89990234375
2025-05-08,TCS,3448.0,3477.0,3428.699951171875,3448.89990234375,2543591,50.531268096383116,-12.499891833357196,3368.6800048828127,3429.2033518820404,3440.300048828125
2025-05-09,TCS,3399.0,3446.199951171875,3398.10009765625,3440.300048828125,2531757,49.315644272180734,-10.733115069759151,3376.9925048828127,3430.2601801626197,3620.39990234375
2025-05-12,TCS,3505.0,3630.5,3502.199951171875,3620.39990234375,2228678,67.14265332316077,5.140366322566024,3393.3650024414064,3448.368725132251,3515.0
2025-05-13,TCS,3620.39990234375,3623.0,3510.5,3515.0,3062887,54.95951951445699,9.110305501979383,3406.7849975585937,3454.714560833941,3548.699951171875
2025-05-14,TCS,3521.0,3561.0,3508.60009765625,3548.699951171875,2119499,57.60812277746461,14.805150758797936,3422.6449951171876,3463.6655503899347,3579.89990234375
2025-05-15,TCS,3564.0,3600.0,3514.10009765625,3579.89990234375,3548330,59.955924886086194,21.58708943515785,3439.2299926757814,3474.7354886712506,3561.300048828125
2025-05-16,TCS,3593.89990234375,3593.89990234375,3546.10009765625,3561.300048828125,1666727,57.89729896893214,25.170818437495655,3453.6049926757814,3482.979732495715,3518.800048828125
2025-05-19,TCS,3550.0,3550.0,3503.699951171875,3518.800048828125,2537377,53.386620712341156,24.301423001293642,3464.6,3486.3911911940395,3498.300048828125
2025-05-20,TCS,3531.800048828125,3558.0,3494.0,3498.300048828125,2038374,51.31010112617385,21.708005801976014,3473.4349975585938,3487.5253681115714,3525.800048828125
2025-05-21,TCS,3508.0,3537.0,3498.300048828125,3525.800048828125,1440153,53.900481300758166,21.62247374208846,3484.0050048828125,3491.1705757988625,3477.0
2025-05-22,TCS,3495.0,3497.800048828125,3451.300048828125,3477.0,2034383,48.9261165559787,17.41617009928268,3487.2050048828123,3489.8209971513515,3514.60009765625
2025-05-23,TCS,3477.0,3535.0,3465.60009765625,3514.60009765625,1274331,52.55900585641236,16.921596173944636,3492.8550048828124,3492.1809114851512,3537.300048828125
2025-05-26,TCS,3521.0,3545.0,3510.10009765625,3537.300048828125,967470,54.65598397603401,18.152093093171516,3497.3200073242188,3496.477972184482,3498.699951171875
2025-05-27,TCS,3532.0,3540.0,3483.10009765625,3498.699951171875,2467680,50.563165035972695,15.830086101831512,3500.0800048828123,3496.6895892309003,3497.699951171875
2025-05-28,TCS,3520.0,3529.0,3493.0,3497.699951171875,1222933,50.457748446254946,13.750677933667248,3501.3400024414063,3496.7858141776596,3498.10009765625
2025-05-29,TCS,3504.699951171875,3532.5,3486.5,3498.10009765625,3188072,50.50221813991369,11.99672962478553,3503.560009765625,3496.9109840327633,3463.39990234375
